osm_id,category,name,name_ar,lat,lon,capacity,available,is_shelter,province,pm2_5,us_aqi,observation_time,wheelchair_accessible,ground_floor,medical_staff_onsite
471170534,school,مدرسة متوسطة,مدرسة متوسطة,36.9272444,7.757385,300,300,True,Annaba,8.3,42.0,2026-09-19T08:00,,,
561074130,place_of_worship,,,36.9006614,7.7517413,200,200,True,Annaba,8.3,42.0,2026-09-19T08:00,,,
946555145,school,Lycée,ثانوية,36.4112552,4.9004443,300,300,True,Bordj Bou Arréridj,10.6,54.0,2026-09-19T08:00,,,
946555152,school,École primaire,مدرسة إبتدائية,36.4070475,4.8930411,300,300,True,Bordj Bou Arréridj,11.1,54.0,2026-09-19T08:00,,,
946555153,school,إكمالية,إكمالية,36.4078233,4.8885122,300,300,True,Bordj Bou Arréridj,11.1,54.0,2026-09-19T08:00,,,
951244970,school,Nouveau CEM,الإكمالية الجديدة,36.4161884,4.8925213,300,300,True,Bordj Bou Arréridj,11.1,54.0,2026-09-19T08:00,,,
951467448,health_facility,,,36.4076992,4.8917133,100,100,False,Bordj Bou Arréridj,11.1,54.0,2026-09-19T08:00,,,
961282285,place_of_worship,Chouf Mosque,مسجد الشوف,36.4105916,4.8903105,200,200,True,Bordj Bou Arréridj,11.1,54.0,2026-09-19T08:00,,,
961282382,place_of_worship,,,36.4048182,4.8922167,200,200,True,Bordj Bou Arréridj,11.1,54.0,2026-09-19T08:00,,,
961285149,place_of_worship,Kouba Mosque,مسجد القبة,36.4098114,4.897368,200,200,True,Bordj Bou Arréridj,11.1,54.0,2026-09-19T08:00,,,
1108826624,health_facility,Hôpital Arassa,مستشفى عراسة,36.4249006,4.8240446,100,100,False,Bordj Bou Arréridj,11.1,54.0,2026-09-19T08:00,,,
1132337571,school,,,36.3951496,4.8370636,300,300,True,Bordj Bou Arréridj,11.1,55.0,2026-09-19T08:00,,,
1732570230,school,Lycée,الثانوية,36.5080584,5.868769,300,300,True,Jijel,10.1,51.0,2026-09-19T08:00,,,
1745778343,health_facility,Centre de santé bel air,,36.199147,5.4022544,20,20,False,Sétif,9.4,55.0,2026-09-19T08:00,,,
1785757420,school,CEM Mouloud Kacem Nait Belkacem,,36.066294,4.7431724,300,300,True,Bordj Bou Arréridj,10.4,56.0,2026-09-19T08:00,,,
1815123447,place_of_worship,Kobbat Si Zebbouchi,,36.410201,6.152137,200,200,True,Mila,10.9,53.0,2026-09-19T08:00,,,
1829971772,school,CEM El Khaouarizmi,,36.8809371,6.9081829,300,300,True,Skikda,12.4,51.0,2026-09-19T08:00,,,
1829971840,school,Lycée Larbi Tebessi,ثانوية العربي التبسي,36.88054,6.910838,300,300,True,Skikda,12.4,51.0,2026-09-19T08:00,,,
1829971855,school,Lycée Ennahda,,36.8796224,6.9057192,300,300,True,Skikda,12.4,51.0,2026-09-19T08:00,,,
1829971887,school,Ecole Primaire Baabouch Rachid,,36.8812328,6.9083072,300,300,True,Skikda,12.4,51.0,2026-09-19T08:00,,,
1829971903,school,CEM Ibn Khaldoun,,36.8805514,6.8965631,300,300,True,Skikda,11.4,48.0,2026-09-19T08:00,,,
1836769769,place_of_worship,Mosquée Abou Obeida ibn al-Djarrâh,مسجد عبيدة عامر بن الجراح,36.195525,5.4365157,200,200,True,Sétif,9.4,55.0,2026-09-19T08:00,,,
1867468944,fire_station,Protection civile,الحماية المدنية,36.8074499,7.7385258,30,30,False,Annaba,9.9,48.0,2026-09-19T08:00,,,
1880889603,school,CEM Sidi Ahmed (Base 5),متوسطة الأخوة صيامي,36.764641,5.0593097,300,300,True,Béjaïa,10.8,48.0,2026-09-19T08:00,,,
1880893375,school,Lycée Ibn Sina,ثانوية ابن سينا,36.7532434,5.0830492,300,300,True,Béjaïa,10.8,48.0,2026-09-19T08:00,,,
1885260772,place_of_worship,Masdjid Sidi El Mouhoub,مسجد سيدي الموهوب,36.7532266,5.0849987,200,200,True,Béjaïa,10.8,48.0,2026-09-19T08:00,,,
1895919908,fire_station,الحماية المدنية,الحماية المدنية,36.8189578,5.7695743,30,30,False,Jijel,11.9,50.0,2026-09-19T08:00,,,
1917634581,fire_station,Protection Civile,الحماية المدنية,36.1455848,5.6922684,30,30,False,Sétif,8.6,55.0,2026-09-19T08:00,,,
1935728974,school,مدرسة ابتدائية,مدرسة ابتدائية,36.4504841,4.5280146,300,300,True,Bordj Bou Arréridj,15.0,54.0,2026-09-19T08:00,,,
1935756897,school,,,36.4656023,4.5308792,300,300,True,Bordj Bou Arréridj,15.0,54.0,2026-09-19T08:00,,,
1935756903,school,,,36.4725816,4.5244742,300,300,True,Bordj Bou Arréridj,15.0,54.0,2026-09-19T08:00,,,
1935756928,school,,,36.4678672,4.5237284,300,300,True,Bordj Bou Arréridj,15.0,54.0,2026-09-19T08:00,,,
1935756931,school,,,36.4729576,4.525606,300,300,True,Bordj Bou Arréridj,15.0,54.0,2026-09-19T08:00,,,
1935756942,school,,,36.472854,4.5250213,300,300,True,Bordj Bou Arréridj,15.0,54.0,2026-09-19T08:00,,,
1936085126,school,,,36.4601598,4.5181629,300,300,True,Bordj Bou Arréridj,15.0,54.0,2026-09-19T08:00,,,
1937494825,school,,,36.4627355,4.5324134,300,300,True,Bordj Bou Arréridj,15.0,54.0,2026-09-19T08:00,,,
1937516030,place_of_worship,,,36.4575344,4.5211857,200,200,True,Bordj Bou Arréridj,15.0,54.0,2026-09-19T08:00,,,
1937516035,place_of_worship,,,36.450264,4.5395052,200,200,True,Bordj Bou Arréridj,15.0,54.0,2026-09-19T08:00,,,
1937516037,fire_station,Unité de protection civile,الحماية المدنية,36.4671769,4.5303213,30,30,False,Bordj Bou Arréridj,15.0,54.0,2026-09-19T08:00,,,
1965123591,health_facility,Clinique El Hidhab,الهضاب,36.2008055,5.4099003,20,20,False,Sétif,9.2,55.0,2026-09-19T08:00,,,
1965123595,place_of_worship,Mosquée Ali ibn abi Talib,,36.194282,5.4019698,200,200,True,Sétif,9.4,55.0,2026-09-19T08:00,,,
1965123646,health_facility,Clinique El Moncef,المنصف,36.200624,5.4135302,20,20,False,Sétif,9.2,55.0,2026-09-19T08:00,,,
1969967500,place_of_worship,,,36.1913363,5.4234199,200,200,True,Sétif,9.4,55.0,2026-09-19T08:00,,,
1969967503,place_of_worship,,,36.2021373,5.3962437,200,200,True,Sétif,9.4,55.0,2026-09-19T08:00,,,
1996374923,school,,,36.4757982,4.5603678,300,300,True,Bordj Bou Arréridj,15.0,54.0,2026-09-19T08:00,,,
2073911196,place_of_worship,Timâamart n Barquq,مقبروة برقوق,36.6026304,4.6371155,200,200,True,Béjaïa,12.8,51.0,2026-09-19T08:00,,,
2073913683,place_of_worship,Lǧameɛ n Telwaqaḍi,مسجد ثلواقاضي,36.6003788,4.6328598,200,200,True,Béjaïa,12.8,51.0,2026-09-19T08:00,,,
2111334589,place_of_worship,Mosqéue Mliha مسجد مليحة,مسجد مليحة,36.4785983,4.5115119,200,200,True,Tizi Ouzou,15.0,54.0,2026-09-19T08:00,,,
2122961989,place_of_worship,Masjid El Forkane,مسجد الفرقان,36.9045934,7.7499724,200,200,True,Annaba,8.3,42.0,2026-09-19T08:00,,,
2125010681,place_of_worship,مسجد صالح باي,مسجد صالح باي,36.8990148,7.7623041,200,200,True,Annaba,9.9,48.0,2026-09-19T08:00,,,
2239891060,health_facility,Clinique psychiatrique pour femmes,,36.6525976,6.8379517,20,20,False,Skikda,9.1,50.0,2026-09-19T08:00,,,
2239891128,school,,,36.6530498,6.8304521,300,300,True,Skikda,9.1,50.0,2026-09-19T08:00,,,
2338395286,place_of_worship,,,36.6682916,4.5199691,200,200,True,Tizi Ouzou,11.9,51.0,2026-09-19T08:00,,,
2367852285,place_of_worship,,,36.0690818,4.7764602,200,200,True,Bordj Bou Arréridj,10.4,56.0,2026-09-19T08:00,,,
2422646606,place_of_worship,Mosquée de Tasga مسجد ثاسقى,مسجد ثاسقى,36.6039831,4.637067,200,200,True,Béjaïa,12.8,51.0,2026-09-19T08:00,,,
2464435014,health_facility,Ahmed Ouroua,,36.5369503,6.7154472,100,100,False,Constantine,8.8,50.0,2026-09-19T08:00,,,
2464435032,school,C.E.M Mesbah,,36.532838,6.7083663,300,300,True,Constantine,8.8,50.0,2026-09-19T08:00,,,
2464435035,school,C.E.M,,36.5325853,6.7001409,300,300,True,Constantine,8.8,50.0,2026-09-19T08:00,,,
2464435052,school,centre de formation professionnelle,,36.52961,6.7049559,300,300,True,Constantine,8.8,50.0,2026-09-19T08:00,,,
2464435066,place_of_worship,mosqué,,36.5323846,6.710953,200,200,True,Constantine,8.8,50.0,2026-09-19T08:00,,,
2464435073,place_of_worship,mosqué,,36.5372154,6.714507,200,200,True,Constantine,8.8,50.0,2026-09-19T08:00,,,
2464435467,health_facility,polyclinique,,36.528687,6.7045303,20,20,False,Constantine,8.8,50.0,2026-09-19T08:00,,,
2464435474,school,Primaire Amir Abd El Kader,,36.5328832,6.707913,300,300,True,Constantine,8.8,50.0,2026-09-19T08:00,,,
2466300649,health_facility,Polyclinique d'Accouchement Targa Ouzemmour,عيادة الولادة,36.7525261,5.0462174,20,20,False,Béjaïa,10.8,48.0,2026-09-19T08:00,,,
2468674120,health_facility,Polyclinique Tebbal Abdelmadjid,,36.8180005,5.7566456,20,20,False,Jijel,11.9,50.0,2026-09-19T08:00,,,
2475459754,place_of_worship,,,36.2935404,6.6970399,200,200,True,Constantine,9.6,53.0,2026-09-19T08:00,,,
2509542606,health_facility,Clinique d'hémodialyse Gherzi,,36.8110085,5.7780473,20,20,False,Jijel,11.9,50.0,2026-09-19T08:00,,,
2509553542,school,مدرسة الصم و البكم,مدرسة الصم و البكم,36.8247193,5.7661264,300,300,True,Jijel,11.9,50.0,2026-09-19T08:00,,,
2514081949,school,,,36.4302785,4.8320207,300,300,True,Bordj Bou Arréridj,11.1,54.0,2026-09-19T08:00,,,
2514991321,place_of_worship,,,36.1085685,6.3855774,200,200,True,Constantine,7.8,54.0,2026-09-19T08:00,,,
2514992819,school,CEM Les freres Khebbaza,,36.1094472,6.3845903,300,300,True,Constantine,7.8,54.0,2026-09-19T08:00,,,
2514993399,place_of_worship,,,36.1072033,6.3949865,200,200,True,Constantine,7.8,54.0,2026-09-19T08:00,,,
2514994669,school,primaire smaili miloud,,36.1088672,6.3927355,300,300,True,Constantine,7.8,54.0,2026-09-19T08:00,,,
2532501103,place_of_worship,Mosquée Ouqarri,الجامع أوقري,36.3238523,4.8028015,200,200,True,Bordj Bou Arréridj,11.1,55.0,2026-09-19T08:00,,,
2532501188,place_of_worship,,,36.321365,4.8245384,200,200,True,Bordj Bou Arréridj,11.1,55.0,2026-09-19T08:00,,,
2532501299,place_of_worship,,,36.3184216,4.8258572,200,200,True,Bordj Bou Arréridj,11.1,55.0,2026-09-19T08:00,,,
2532786711,place_of_worship,,,36.3193524,4.8366477,200,200,True,Bordj Bou Arréridj,11.1,55.0,2026-09-19T08:00,,,
2557903791,health_facility,Polyclinique Alia Mohammed,,36.811484,5.7715226,20,20,False,Jijel,11.9,50.0,2026-09-19T08:00,,,
2558499107,health_facility,Clinique d'hémodialyse Maghreb,,36.8180296,5.7512267,20,20,False,Jijel,11.9,50.0,2026-09-19T08:00,,,
2558870610,health_facility,Laboratoire d'analyses médicales,,36.8169002,5.7677946,20,20,False,Jijel,11.9,50.0,2026-09-19T08:00,,,
2559131846,health_facility,المؤسسة العمومية للصحة الجوارية جيجل,المؤسسة العمومية للصحة الجوارية جيجل,36.8013048,5.7445602,20,20,False,Jijel,11.9,50.0,2026-09-19T08:00,,,
2571403298,place_of_worship,مسجد حي عبد الله رهواج,مسجد حي عبد الله رهواج,36.836743,6.6348776,200,200,True,Skikda,7.9,46.0,2026-09-19T08:00,,,
2571477458,place_of_worship,Mosquée Omar Ben Elass,مسجد عمر بن العاص,36.8328557,6.6564066,200,200,True,Skikda,7.9,46.0,2026-09-19T08:00,,,
2584985066,place_of_worship,,,36.4459072,6.6438891,200,200,True,Constantine,10.1,53.0,2026-09-19T08:00,,,
2585011709,school,,,36.4434782,6.6311303,300,300,True,Constantine,10.1,53.0,2026-09-19T08:00,,,
2585011716,place_of_worship,Abou Bakr Essidik,,36.4588774,6.632695,200,200,True,Constantine,10.1,53.0,2026-09-19T08:00,,,
2585166119,school,MOULOUD BEL ABED,,36.4534364,6.6351279,300,300,True,Constantine,10.1,53.0,2026-09-19T08:00,,,
2586502686,place_of_worship,,,36.3227198,4.8110561,200,200,True,Bordj Bou Arréridj,11.1,55.0,2026-09-19T08:00,,,
2592442111,place_of_worship,,,36.2916544,4.7849132,200,200,True,Bordj Bou Arréridj,11.1,55.0,2026-09-19T08:00,,,
2592518235,place_of_worship,,,36.358212,4.8120669,200,200,True,Bordj Bou Arréridj,11.1,55.0,2026-09-19T08:00,,,
2592739152,place_of_worship,,,36.3096333,4.8084129,200,200,True,Bordj Bou Arréridj,11.1,55.0,2026-09-19T08:00,,,
2592746719,place_of_worship,,,36.2935003,4.7902655,200,200,True,Bordj Bou Arréridj,11.1,55.0,2026-09-19T08:00,,,
2596196214,health_facility,Laboratoire de la Wilaya,,36.8633498,6.9272642,20,20,False,Skikda,12.4,51.0,2026-09-19T08:00,,,
2641349398,place_of_worship,Mosquée Omar Ben Elas,,36.3625576,6.642386,200,200,True,Constantine,8.4,54.0,2026-09-19T08:00,,,
2678873403,school,CEM Behaïri Slimane مدرسة سيدي أحمد قاعدة 7 بحايري سليمان المتوسطة,مدرسة سيدي أحمد قاعدة 7 بحايري سليمان المتوسطة,36.7597408,5.0680072,300,300,True,Béjaïa,10.8,48.0,2026-09-19T08:00,,,
2738084665,school,École primaire Cousins Bouhabila,,36.3402594,6.5917897,300,300,True,Constantine,10.5,53.0,2026-09-19T08:00,,,
2753766861,school,مدرسة آفاق المستقبل,مدرسة آفاق المستقبل,36.8163319,5.746461,300,300,True,Jijel,11.9,50.0,2026-09-19T08:00,,,
2775694442,fire_station,,,36.5314113,6.7153146,30,30,False,Constantine,8.8,50.0,2026-09-19T08:00,,,
2812968184,school,CEM Amir Khaled,,36.8255356,7.7275442,300,300,True,Annaba,9.9,48.0,2026-09-19T08:00,,,
2815988497,place_of_worship,Zaouia Tifrit N'Ait Oumalek,,36.6825568,4.5059708,200,200,True,Tizi Ouzou,11.9,51.0,2026-09-19T08:00,,,
2816973273,health_facility,,,36.1910134,5.3845752,20,20,False,Sétif,9.6,55.0,2026-09-19T08:00,,,
2816973274,health_facility,Clinique du Cœur;مصحة القلب,,36.1913467,5.3863455,100,100,False,Sétif,9.6,55.0,2026-09-19T08:00,,,
2846083307,health_facility,Maternité,,37.0070953,6.5648243,20,20,False,Skikda,7.8,39.0,2026-09-19T08:00,,,
2869482062,health_facility,Polyclinique Barkat Zahra,مجمع بركات الزهراء الطبي,36.8759676,6.9093914,20,20,False,Skikda,12.4,51.0,2026-09-19T08:00,,,
2934808735,place_of_worship,,,36.7181238,7.0599244,200,200,True,Skikda,9.8,48.0,2026-09-19T08:00,,,
2935161499,place_of_worship,,,36.5333345,6.6972085,200,200,True,Constantine,9.3,52.0,2026-09-19T08:00,,,
2935171284,place_of_worship,,,36.564715,6.7500669,200,200,True,Constantine,8.8,50.0,2026-09-19T08:00,,,
2935487329,place_of_worship,مسجد النور,,36.6816871,6.7234608,200,200,True,Skikda,8.7,51.0,2026-09-19T08:00,,,
2937160138,place_of_worship,Mosquée Hussein Ben Ali,مسجد الحسين بن علي,36.7895519,7.6235561,200,200,True,Annaba,10.1,50.0,2026-09-19T08:00,,,
2938586617,place_of_worship,Masjid Abdellah Ben Omar,مسجد عبد الله بن عمر,36.7879243,7.6305496,200,200,True,Annaba,10.1,50.0,2026-09-19T08:00,,,
2938586618,place_of_worship,Masjid Elabidine,مسجد العابدين,36.7904901,7.6183165,200,200,True,Annaba,10.1,50.0,2026-09-19T08:00,,,
2938586619,place_of_worship,مسجد الموحدين,مسجد الموحدين,36.7975651,7.6081747,200,200,True,Annaba,10.1,50.0,2026-09-19T08:00,,,
2953744991,place_of_worship,Mosquée Aouane Rabah,,36.2074646,6.8148463,200,200,True,Constantine,8.8,51.0,2026-09-19T08:00,,,
2953745875,place_of_worship,Mosquée Essalem,,36.2094643,6.8002846,200,200,True,Constantine,8.8,51.0,2026-09-19T08:00,,,
3009924282,place_of_worship,مسجد سيدي والي,مسجد سيدي والي,36.7597684,5.077486,200,200,True,Béjaïa,10.8,48.0,2026-09-19T08:00,,,
3012265845,place_of_worship,Masjid Sidi Abdelhaq,سيدي عبد الحق,36.7545414,5.0779111,200,200,True,Béjaïa,10.8,48.0,2026-09-19T08:00,,,
3023369490,place_of_worship,,,36.1032336,4.9162734,200,200,True,Bordj Bou Arréridj,11.3,56.0,2026-09-19T08:00,,,
3037766056,place_of_worship,,,36.1311645,5.5958409,200,200,True,Sétif,8.7,55.0,2026-09-19T08:00,,,
3037795814,place_of_worship,,,36.1566378,5.6346474,200,200,True,Sétif,8.6,55.0,2026-09-19T08:00,,,
3041547731,place_of_worship,,,36.3250318,6.5766699,200,200,True,Constantine,10.5,53.0,2026-09-19T08:00,,,
3052091044,health_facility,EPSP Nibouche AbdelHamid,,36.7995791,5.7488536,20,20,False,Jijel,10.4,50.0,2026-09-19T08:00,,,
3052684318,health_facility,Centre 1006,,36.1958583,5.4393333,20,20,False,Sétif,9.4,55.0,2026-09-19T08:00,,,
3066046866,school,Ecole primaire privée El Afak,,36.8138915,5.7527722,300,300,True,Jijel,11.9,50.0,2026-09-19T08:00,,,
3092377655,place_of_worship,,,36.7258914,4.656991,200,200,True,Béjaïa,11.2,48.0,2026-09-19T08:00,,,
3092377719,place_of_worship,,,36.7455738,4.6775414,200,200,True,Béjaïa,11.2,48.0,2026-09-19T08:00,,,
3092629789,place_of_worship,,,36.5440685,4.8975154,200,200,True,Béjaïa,12.8,53.0,2026-09-19T08:00,,,
3092629790,place_of_worship,,,36.5524789,4.8851145,200,200,True,Béjaïa,12.8,53.0,2026-09-19T08:00,,,
3092685805,place_of_worship,,,36.5347249,4.9226455,200,200,True,Béjaïa,11.2,53.0,2026-09-19T08:00,,,
3092685807,place_of_worship,,,36.5331922,4.9500333,200,200,True,Béjaïa,11.2,53.0,2026-09-19T08:00,,,
3092685808,place_of_worship,,,36.5338636,4.9570565,200,200,True,Béjaïa,11.2,53.0,2026-09-19T08:00,,,
3092685809,place_of_worship,,,36.5191166,4.9852139,200,200,True,Béjaïa,11.2,53.0,2026-09-19T08:00,,,
3092685810,place_of_worship,,,36.5176774,4.9683019,200,200,True,Béjaïa,11.2,53.0,2026-09-19T08:00,,,
3092686200,place_of_worship,,,36.5415848,4.97879,200,200,True,Béjaïa,11.2,53.0,2026-09-19T08:00,,,
3092686322,place_of_worship,ibezghichene,,36.6849671,4.9647312,200,200,True,Béjaïa,11.4,51.0,2026-09-19T08:00,,,
3092756554,place_of_worship,,,36.7974196,4.5258679,200,200,True,Tizi Ouzou,11.4,48.0,2026-09-19T08:00,,,
3092770613,place_of_worship,,,36.8468141,4.5159491,200,200,True,Tizi Ouzou,8.6,43.0,2026-09-19T08:00,,,
3092770614,place_of_worship,,,36.8602105,4.5175324,200,200,True,Tizi Ouzou,8.6,43.0,2026-09-19T08:00,,,
3092770615,place_of_worship,,,36.8719303,4.5213533,200,200,True,Tizi Ouzou,8.6,43.0,2026-09-19T08:00,,,
3092770616,place_of_worship,,,36.8755407,4.5229089,200,200,True,Tizi Ouzou,8.6,43.0,2026-09-19T08:00,,,
3096375124,place_of_worship,mosque souk el djemaa مسجد سوق الجمعة,مسجد سوق الجمعة,36.8330411,4.8203514,200,200,True,Béjaïa,9.2,42.0,2026-09-19T08:00,,,
3096543488,place_of_worship,,,36.7312851,4.6340604,200,200,True,Béjaïa,11.2,48.0,2026-09-19T08:00,,,
3096543607,place_of_worship,,,36.7340087,4.6283293,200,200,True,Béjaïa,11.2,48.0,2026-09-19T08:00,,,
3096543653,place_of_worship,,,36.7243355,4.5941868,200,200,True,Béjaïa,11.4,48.0,2026-09-19T08:00,,,
3096543654,place_of_worship,,,36.7219453,4.5770777,200,200,True,Béjaïa,11.4,48.0,2026-09-19T08:00,,,
3098674439,place_of_worship,,,36.5775198,4.9775681,200,200,True,Béjaïa,11.2,53.0,2026-09-19T08:00,,,
3098674495,place_of_worship,,,36.5736585,4.9670906,200,200,True,Béjaïa,11.2,53.0,2026-09-19T08:00,,,
3105407954,place_of_worship,Mosquée Takrietz,مسجد تقريتس,36.580364,4.653184,200,200,True,Béjaïa,12.0,53.0,2026-09-19T08:00,,,
3106980568,place_of_worship,مسجد إغزار أمقران,مسجد إغزار أمقران,36.5409823,4.6126118,200,200,True,Béjaïa,12.0,53.0,2026-09-19T08:00,,,
3107381952,place_of_worship,,,36.5780612,4.9473833,200,200,True,Béjaïa,11.2,53.0,2026-09-19T08:00,,,
3107434246,place_of_worship,,,36.5855325,4.9305557,200,200,True,Béjaïa,11.2,53.0,2026-09-19T08:00,,,
3107523378,place_of_worship,,,36.4794168,4.6336361,200,200,True,Bordj Bou Arréridj,14.4,54.0,2026-09-19T08:00,,,
3109150933,place_of_worship,,,36.5483143,4.8926294,200,200,True,Béjaïa,12.8,53.0,2026-09-19T08:00,,,
3109151078,place_of_worship,Lǧameɛ Annur,,36.5578498,4.8676927,200,200,True,Béjaïa,12.8,53.0,2026-09-19T08:00,,,
3109151080,place_of_worship,Lǧameɛ n Tala N Bala,,36.5538867,4.855842,200,200,True,Béjaïa,12.8,53.0,2026-09-19T08:00,,,
3113099984,place_of_worship,,,36.6679392,4.6815845,200,200,True,Béjaïa,12.8,51.0,2026-09-19T08:00,,,
3113126044,place_of_worship,,,36.7447739,4.7511838,200,200,True,Béjaïa,10.5,47.0,2026-09-19T08:00,,,
3123811827,health_facility,قاعة علاج برج القائد,قاعة علاج برج القائد,36.8218184,6.5056775,100,100,False,Skikda,7.5,45.0,2026-09-19T08:00,,,
3126140254,place_of_worship,mosque zountar مسجد زونطار,مسجد زونطار,36.5965065,4.6438891,200,200,True,Béjaïa,12.0,53.0,2026-09-19T08:00,,,
3137630219,place_of_worship,Lǧameɛ n At Ǧaɛd,,36.4983373,4.7073748,200,200,True,Béjaïa,12.2,54.0,2026-09-19T08:00,,,
3139485392,fire_station,Protection Civile,الحماية المدنية,36.4609169,7.4227099,30,30,False,Guelma,10.1,51.0,2026-09-19T08:00,,,
3151202835,school,,,36.9656381,6.3044788,300,300,True,Jijel,8.8,42.0,2026-09-19T08:00,,,
3155930180,place_of_worship,,,36.3124141,5.7329904,200,200,True,Sétif,9.2,54.0,2026-09-19T08:00,,,
3156102216,place_of_worship,,,36.1313935,5.7478166,200,200,True,Sétif,8.3,54.0,2026-09-19T08:00,,,
3156121976,place_of_worship,مسجد عقبة بن نافع,مسجد عقبة بن نافع,36.1243786,5.9025908,200,200,True,Sétif,8.1,54.0,2026-09-19T08:00,,,
3156122012,school,,,36.1187628,5.9743506,300,300,True,Mila,8.1,54.0,2026-09-19T08:00,,,
3156122066,school,,,36.115751,5.96919,300,300,True,Mila,8.1,54.0,2026-09-19T08:00,,,
3156122096,school,,,36.1317878,5.8442688,300,300,True,Sétif,8.3,54.0,2026-09-19T08:00,,,
3156122098,place_of_worship,Mosquée Bachir El Ibrahimi,مسجد البشير الإبراهيمي,36.1215621,5.9843713,200,200,True,Mila,8.1,54.0,2026-09-19T08:00,,,
3156122100,place_of_worship,مسجد التقوى تاجنانت,مسجد التقوى تاجنانت,36.1161324,5.9746617,200,200,True,Mila,8.1,54.0,2026-09-19T08:00,,,
3165400707,place_of_worship,Sidi Moussa Sidi Musa,سيدي موسى,36.6271732,4.6831427,200,200,True,Béjaïa,12.8,51.0,2026-09-19T08:00,,,
3166416648,place_of_worship,Ljamaɛ n tzalith,مسجد جامع,36.5999418,4.9812887,200,200,True,Béjaïa,11.2,53.0,2026-09-19T08:00,,,
3166444740,place_of_worship,Mosquée Khalid ibn al Walid,مسجد خالد بن الوليد,36.640921,4.9033297,200,200,True,Béjaïa,11.4,51.0,2026-09-19T08:00,,,
3176772965,health_facility,Polyclinique Tamalous,,36.8380539,6.6357008,20,20,False,Skikda,7.9,46.0,2026-09-19T08:00,,,
3176844040,health_facility,polclinique bouyaghile,مصحة بوياغيل,36.8487446,6.5835919,20,20,False,Skikda,7.5,45.0,2026-09-19T08:00,,,
3188696064,place_of_worship,,,36.8306725,7.4619947,200,200,True,Annaba,9.2,43.0,2026-09-19T08:00,,,
3188701096,place_of_worship,Mosquée El Boukhari,مسجد البخاري,36.8311105,7.4852227,200,200,True,Annaba,9.2,43.0,2026-09-19T08:00,,,
3190690193,school,École primaire,,36.797264,6.627237,300,300,True,Skikda,8.8,50.0,2026-09-19T08:00,,,
3190690194,place_of_worship,Mosquée d'Aïn Tabia,,36.7967055,6.625043,200,200,True,Skikda,8.8,50.0,2026-09-19T08:00,,,
3190691281,school,École moyen boublouta omar,,36.8089364,6.6138072,300,300,True,Skikda,7.9,46.0,2026-09-19T08:00,,,
3190694844,place_of_worship,,,36.8026075,6.617337,200,200,True,Skikda,7.9,46.0,2026-09-19T08:00,,,
3197217173,place_of_worship,El Amir Abd Elkader,,36.4173338,6.597358,200,200,True,Constantine,9.1,53.0,2026-09-19T08:00,,,
3197219102,school,Boukhech Ammar,,36.4183781,6.5976824,300,300,True,Constantine,9.1,53.0,2026-09-19T08:00,,,
3216661000,fire_station,Protection civile,الوحدة الرئيسية للحماية المدنية,36.2719767,7.9391611,30,30,False,Souk Ahras,8.5,51.0,2026-09-19T08:00,,,
3216661524,place_of_worship,,,36.2750926,7.9364964,200,200,True,Souk Ahras,8.5,51.0,2026-09-19T08:00,,,
3218274233,place_of_worship,,,36.0740199,7.8188779,200,200,True,Souk Ahras,8.7,51.0,2026-09-19T08:00,,,
3218310461,fire_station,Unité de protection civile,الحماية المدنية,36.073023,7.8145419,30,30,False,Souk Ahras,8.7,51.0,2026-09-19T08:00,,,
3219506624,place_of_worship,,,36.1469192,5.4437947,200,200,True,Sétif,9.4,55.0,2026-09-19T08:00,,,
3219506625,place_of_worship,,,36.1437253,5.4368503,200,200,True,Sétif,9.4,55.0,2026-09-19T08:00,,,
3219506650,place_of_worship,,,36.1399013,5.4465289,200,200,True,Sétif,9.4,55.0,2026-09-19T08:00,,,
3220934758,place_of_worship,Abou Moussa el Achaari,,36.1480048,5.0259114,200,200,True,Bordj Bou Arréridj,11.0,55.0,2026-09-19T08:00,,,
3220944714,place_of_worship,Mosquée Jamal Eddine Al afghani,,36.4717051,7.7304191,200,200,True,Guelma,9.6,51.0,2026-09-19T08:00,,,
3220987782,place_of_worship,,,36.2083168,5.0901494,200,200,True,Sétif,10.5,55.0,2026-09-19T08:00,,,
3221052563,place_of_worship,مسجد عمر بن الخطاب تيملوكة,مسجد عمر بن الخطاب تيملوكة,36.1687258,5.3234339,200,200,True,Sétif,9.6,55.0,2026-09-19T08:00,,,
3221052564,place_of_worship,,,36.1762727,5.3378106,200,200,True,Sétif,9.6,55.0,2026-09-19T08:00,,,
3221052566,place_of_worship,Mosquée Cheikh Abdelhamid Ben Badis,الشيخ عبد الحميد بن باديس,36.1921377,5.3145963,200,200,True,Sétif,9.6,55.0,2026-09-19T08:00,,,
3221052567,place_of_worship,Mosquée Ennour,مسجد النور,36.1884455,5.3144507,200,200,True,Sétif,9.6,55.0,2026-09-19T08:00,,,
3221590830,place_of_worship,مسجد النصر,مسجد النصر,36.6848693,7.751376,200,200,True,Annaba,8.9,50.0,2026-09-19T08:00,,,
3221627291,place_of_worship,مسجد عبد الله بن الزبير,مسجد عبد الله بن الزبير,36.092163,5.4863359,200,200,True,Sétif,9.1,55.0,2026-09-19T08:00,,,
3229005178,place_of_worship,,,36.2247116,7.9583673,200,200,True,Souk Ahras,8.5,51.0,2026-09-19T08:00,,,
3230601671,place_of_worship,,,36.048249,5.4778945,200,200,True,Sétif,9.1,55.0,2026-09-19T08:00,,,
3230752161,place_of_worship,,,36.5042592,7.3975634,200,200,True,Guelma,,,,,,
3231057143,place_of_worship,,,36.1232673,5.2798314,200,200,True,Sétif,,,,,,
3231110171,place_of_worship,مسجد عمر بن الخطاب,,36.0269578,5.6232296,200,200,True,Sétif,,,,,,
3231293300,place_of_worship,,,36.5025641,7.4407802,200,200,True,Guelma,,,,,,
3231723547,place_of_worship,,,36.1714395,5.2382047,200,200,True,Sétif,,,,,,
3231739219,place_of_worship,Haouitat Bent Radhouen,,36.1881044,5.3093283,200,200,True,Sétif,,,,,,
3232849487,place_of_worship,مسجد مالك بن أنس,,36.0351642,5.3379364,200,200,True,Sétif,,,,,,
3233056728,place_of_worship,Mosquée Al-Hijra,مسجد الهجرة,36.7444116,7.1043442,200,200,True,Skikda,,,,,,
3233094148,place_of_worship,,,36.6630211,7.0782531,200,200,True,Skikda,,,,,,
3236657915,place_of_worship,,,36.3474097,6.7042666,200,200,True,Constantine,,,,,,
3237010165,place_of_worship,,,36.0029377,5.765672,200,200,True,Sétif,,,,,,
3246659664,place_of_worship,,,36.0316522,4.8864138,200,200,True,Bordj Bou Arréridj,,,,,,
3246671698,place_of_worship,,,36.027152,4.9608806,200,200,True,Bordj Bou Arréridj,,,,,,
3246687690,place_of_worship,,,36.0619873,4.966006,200,200,True,Bordj Bou Arréridj,,,,,,
3246851478,place_of_worship,,,36.1494518,5.1100323,200,200,True,Sétif,,,,,,
3250636421,place_of_worship,Mosquée d'El Main,,36.3717372,4.73703,200,200,True,Bordj Bou Arréridj,,,,,,
3251180431,place_of_worship,,,36.3971681,5.1678117,200,200,True,Sétif,,,,,,
3252512037,place_of_worship,,,36.3687186,5.4296061,200,200,True,Sétif,,,,,,
3252710960,place_of_worship,Mosquée Salman El Farissi,,36.1182718,5.7112944,200,200,True,Sétif,,,,,,
3253730123,place_of_worship,,,36.3047697,5.3845879,200,200,True,Sétif,,,,,,
3256530811,place_of_worship,masjid oued selsela,مسجد واد سلسلة,36.7835289,6.6967386,200,200,True,Skikda,,,,,,
3264224967,place_of_worship,,,36.3928467,6.1265633,200,200,True,Mila,,,,,,
3264225025,place_of_worship,مسجد الحسن ابن علي,مسجد الحسن ابن علي,36.3424797,6.6484802,200,200,True,Constantine,,,,,,
3266056446,school,,,36.536618,4.6065382,300,300,True,Béjaïa,,,,,,
3266153907,school,,,36.5221371,4.5976469,300,300,True,Béjaïa,,,,,,
3266153910,school,,,36.5414641,4.6112749,300,300,True,Béjaïa,,,,,,
3266166414,school,,,36.54398,4.608829,300,300,True,Béjaïa,,,,,,
3266209545,school,,,36.5449647,4.6171572,300,300,True,Béjaïa,,,,,,
3266218671,school,,,36.5410945,4.6117955,300,300,True,Béjaïa,,,,,,
3266218789,school,École primaire Touahri Arezki,,36.5418205,4.6126974,300,300,True,Béjaïa,,,,,,
3266957606,place_of_worship,,,36.2309481,5.0581425,200,200,True,Bordj Bou Arréridj,,,,,,
3267083202,place_of_worship,,,36.2265749,5.0231005,200,200,True,Bordj Bou Arréridj,,,,,,
3267083381,place_of_worship,,,36.2495814,5.1147203,200,200,True,Sétif,,,,,,
3267600450,place_of_worship,مسجد سيدي لخضر,مسجد سيدي لخضر,36.7735057,5.0254103,200,200,True,Béjaïa,,,,,,
3276526189,place_of_worship,,,36.2639758,5.3462362,200,200,True,Sétif,,,,,,
3277473256,place_of_worship,,,36.236715,5.4994872,200,200,True,Sétif,,,,,,
3277552826,place_of_worship,Mosquée de Kerkera,,36.9310881,6.5842357,200,200,True,Skikda,,,,,,
3281631008,health_facility,EPSP,,36.7458336,6.4288667,20,20,False,Mila,,,,,,
3283786342,place_of_worship,Masjed boudoukha,,36.7443874,6.4023592,200,200,True,Mila,,,,,,
3283868712,school,متوسطة الإخوة بولعينين,,36.8078609,6.5658735,300,300,True,Skikda,,,,,,
3283875478,school,متوسطة بوجنيبة,,36.8057986,6.5656886,300,300,True,Skikda,,,,,,
3285660575,place_of_worship,mosqué,,36.3171806,6.2756877,200,200,True,Mila,,,,,,
3305876074,place_of_worship,,,36.3846002,5.4183262,200,200,True,Sétif,,,,,,
3307138164,place_of_worship,,,36.3918026,5.4458262,200,200,True,Sétif,,,,,,
3309936816,health_facility,مستوصف سحقي احمد,مستوصف سحقي احمد,36.7306842,6.8629994,20,20,False,Skikda,,,,,,
3310967108,place_of_worship,,,36.2712259,5.4970375,200,200,True,Sétif,,,,,,
3316221401,place_of_worship,,,36.6758927,6.6850088,200,200,True,Skikda,,,,,,
3316227681,place_of_worship,,,36.6279209,6.639635,200,200,True,Constantine,,,,,,
3316310519,place_of_worship,,,36.7266657,6.6551338,200,200,True,Skikda,,,,,,
3316320157,place_of_worship,,,36.7125099,6.6511811,200,200,True,Skikda,,,,,,
3316575077,place_of_worship,rayyan mosque,,36.6804915,6.7148877,200,200,True,Skikda,,,,,,
3316575078,school,Maghrous school,,36.6781534,6.7139323,300,300,True,Skikda,,,,,,
3330010139,place_of_worship,Masjed fakhet,,36.8414182,6.6732756,200,200,True,Skikda,,,,,,
3336980690,school,Ecole Primaire Aissaoui,المدرسة الإبتدائية عيساوي,36.7615018,5.0634024,300,300,True,Béjaïa,,,,,,
3362111512,school,Aɣerbaz amezwaru,,36.5143978,4.5836066,300,300,True,Béjaïa,,,,,,
3362195775,school,,,36.5171154,4.5892489,300,300,True,Béjaïa,,,,,,
3429518396,place_of_worship,,,36.8817593,6.9812635,200,200,True,Skikda,,,,,,
3429528887,health_facility,Clinique d'hémodialyse,مركز تصفية الدم,36.8883701,6.9876103,20,20,False,Skikda,,,,,,
3438473950,school,Ecole primaire de Tiwal,المدرسة الابتدائية ثيوال,36.4856811,4.7697365,300,300,True,Béjaïa,,,,,,
3451636817,place_of_worship,,,36.171972,5.2309882,200,200,True,Sétif,,,,,,
3451639151,school,,,36.1724466,5.2315947,300,300,True,Sétif,,,,,,
3451648234,health_facility,,,36.1707935,5.2374102,20,20,False,Sétif,,,,,,
3468389228,place_of_worship,,,36.8927711,7.0563823,200,200,True,Skikda,,,,,,
3484289565,place_of_worship,,,36.0436223,4.8210257,200,200,True,Bordj Bou Arréridj,,,,,,
3488700998,place_of_worship,,,36.89232,7.7410947,200,200,True,Annaba,,,,,,
3492271893,place_of_worship,مسجد خديجة ام المؤمنين,مسجد خديجة ام المؤمنين,36.8743482,7.7312014,200,200,True,Annaba,,,,,,
3492285529,place_of_worship,مسجد الفتح الجديد,مسجد الفتح الجديد,36.8750915,7.7369466,200,200,True,Annaba,,,,,,
3492301439,place_of_worship,مسجد ابن باديس,مسجد ابن باديس,36.8742421,7.7431829,200,200,True,Annaba,,,,,,
3493648308,place_of_worship,,,36.6107869,4.6468887,200,200,True,Béjaïa,,,,,,
3496025493,health_facility,E.P.S.P EL BOUNI,,36.8526294,7.7425007,20,20,False,Annaba,,,,,,
3504757678,place_of_worship,,,36.6174995,4.6575941,200,200,True,Béjaïa,,,,,,
3515186104,place_of_worship,مسجد عقبة بن نافع,مسجد عقبة بن نافع,36.6483217,6.8289544,200,200,True,Skikda,,,,,,
3516377875,place_of_worship,Sidi Mouhoub Waali,سيذي موهوب وعلي,36.6079476,4.6715941,200,200,True,Béjaïa,,,,,,
3547637364,place_of_worship,مسجد ابو ذر الغفاري السبيخية,مسجد ابو ذر الغفاري السبيخية,36.3971461,5.9105931,200,200,True,Mila,,,,,,
3548686939,health_facility,Salle de soins,,36.3943141,5.8943946,20,20,False,Mila,,,,,,
3548686961,school,ابتدائية حنوفة السبتي,ابتدائية حنوفة السبتي,36.3954879,5.9112553,300,300,True,Mila,,,,,,
3548686962,place_of_worship,مسجد السبيخية السفلى,مسجد السبيخية السفلى,36.4011157,5.9015213,200,200,True,Mila,,,,,,
3548687046,place_of_worship,مسجد عين البيضاء احريش,مسجد عين البيضاء احريش,36.3929862,5.8916519,200,200,True,Mila,,,,,,
3548687047,school,,,36.3921499,5.8913436,300,300,True,Mila,,,,,,
3548687048,school,CEM TIKODANE BACHIR,,36.39314,5.8951074,300,300,True,Mila,,,,,,
3548687049,school,École BRIKA saadi,,36.3936703,5.8944117,300,300,True,Mila,,,,,,
3548687071,school,,,36.3925198,5.8875318,300,300,True,Mila,,,,,,
3562228015,school,Ecole primaire 08 mai 1945,,36.6260202,5.3263215,300,300,True,Béjaïa,,,,,,
3608105458,place_of_worship,Mosquée Chentli,,36.3620013,6.6087863,200,200,True,Constantine,,,,,,
3615500853,place_of_worship,Mosquée des Martyrs,مسجد الشهداء,36.3544797,6.6092319,200,200,True,Constantine,,,,,,
3657534242,place_of_worship,Mosquée El Arkam,,36.1970109,5.4428995,200,200,True,Sétif,,,,,,
3663430638,health_facility,قاعة العلاج الشهيد بوروان زيدان,قاعة العلاج الشهيد بوروان زيدان,36.7924742,5.6602935,20,20,False,Jijel,,,,,,
3664057025,place_of_worship,Djeddi Yaala,جدي يعلى,36.3166352,4.8428088,200,200,True,Bordj Bou Arréridj,,,,,,
3668280549,place_of_worship,مسجد أبو بكر الصديق,مسجد أبو بكر الصديق,36.755169,6.8963135,200,200,True,Skikda,,,,,,
3668280550,school,CE..M Rabah Chekkat,,36.7558973,6.8948858,300,300,True,Skikda,,,,,,
3668321792,place_of_worship,المسجد العتيق,المسجد العتيق,36.7510996,6.8977824,200,200,True,Skikda,,,,,,
3668321793,place_of_worship,,,36.7520406,6.8974291,200,200,True,Skikda,,,,,,
3668321805,health_facility,clinique Ramdane djamel,,36.7569888,6.8956693,20,20,False,Skikda,,,,,,
3668321819,school,C.E.M Echiheb,,36.7550288,6.8975131,300,300,True,Skikda,,,,,,
3679451131,place_of_worship,,,36.7119362,4.7002107,200,200,True,Béjaïa,,,,,,
3679480502,place_of_worship,,,36.6118013,4.7520155,200,200,True,Béjaïa,,,,,,
3679492464,place_of_worship,,,36.6067813,4.741536,200,200,True,Béjaïa,,,,,,
3693859737,health_facility,مركز الصحة,مركز الصحة,36.6883306,4.8549568,20,20,False,Béjaïa,,,,,,
3694939967,school,Lycée polyvalent Ramdane Djamel,,36.7613574,6.8922779,300,300,True,Skikda,,,,,,
3710967234,place_of_worship,,,36.8750139,6.9001549,200,200,True,Skikda,,,,,,
3715786610,place_of_worship,Mosqué,,36.7535179,6.8863205,200,200,True,Skikda,,,,,,
3722135673,place_of_worship,M'erbaâtach,مالربعطاش,36.6421999,5.5489241,200,200,True,Jijel,,,,,,
3722775763,fire_station,الحماية المدنية,الحماية المدنية,36.7194019,7.5549439,30,30,False,Annaba,,,,,,
3722853966,place_of_worship,Mosquée Ben Badis مسجد ابن باديس,مسجد ابن باديس,36.1878969,5.4073924,200,200,True,Sétif,,,,,,
3724484309,place_of_worship,,,36.7940709,7.6726429,200,200,True,Annaba,,,,,,
3724703208,place_of_worship,,,36.7568087,7.58014,200,200,True,Annaba,,,,,,
3733022347,place_of_worship,,,36.4269224,6.6356157,200,200,True,Constantine,,,,,,
3737248725,fire_station,Unité de protection civile,الحماية المدنية,36.7548033,6.8972916,30,30,False,Skikda,,,,,,
3742839535,place_of_worship,مسجد ابو بكر الصديق,مسجد ابو بكر الصديق,36.3941516,6.6089692,200,200,True,Constantine,,,,,,
3742839639,place_of_worship,,,36.3966733,6.5996351,200,200,True,Constantine,,,,,,
3744249569,place_of_worship,,,36.1833494,5.4020477,200,200,True,Sétif,,,,,,
3758802168,place_of_worship,المسجد الكبير,الجامع الكبير,37.0057792,6.5704398,200,200,True,Skikda,,,,,,
3760935594,place_of_worship,Mzaret Haroune,مزارة هارون,36.5843035,5.6290793,200,200,True,Jijel,,,,,,
3761724788,school,CEM Chahid Bouchham Messaoud,,36.4286841,6.6404391,300,300,True,Constantine,,,,,,
3775019922,place_of_worship,,,36.9128651,7.7534495,200,200,True,Annaba,,,,,,
3782460873,place_of_worship,mosque Soummam مسجد صومام,مسجد صومام,36.6463607,4.7730974,200,200,True,Béjaïa,,,,,,
3789324510,place_of_worship,,,36.8184827,7.6107171,200,200,True,Annaba,,,,,,
3789335791,place_of_worship,Masjid Badr,مسجد بدر,36.7109102,7.6252603,200,200,True,Annaba,,,,,,
3792895670,place_of_worship,,,36.3152293,5.7359637,200,200,True,Sétif,,,,,,
3793365274,school,,,36.6129406,4.6881071,300,300,True,Béjaïa,,,,,,
3796940136,school,ابتدائية قاع الكاف اسماعيل,ابتدائية قاع الكاف اسماعيل,36.4910751,5.7757189,300,300,True,Jijel,,,,,,
3808273525,place_of_worship,,,36.3488683,5.0299778,200,200,True,Sétif,,,,,,
3814093160,health_facility,Centre de Santé,,36.3317221,5.0861458,20,20,False,Sétif,,,,,,
3814654860,place_of_worship,Masjid El-Fath,مسجد الفتح,36.6581057,4.8191154,200,200,True,Béjaïa,,,,,,
3815069279,health_facility,مركز الصحة,مركز الصحة,36.6792049,4.8559075,20,20,False,Béjaïa,,,,,,
3845497597,place_of_worship,Mosquée Bilal Ibn Rabah,,36.1898369,5.1445431,200,200,True,Sétif,,,,,,
3856205716,place_of_worship,,,36.2695852,7.5206479,200,200,True,Guelma,,,,,,
3884918048,place_of_worship,,,36.8747466,6.6089291,200,200,True,Skikda,,,,,,
3885871590,place_of_worship,,,36.8616612,6.6145101,200,200,True,Skikda,,,,,,
3885871591,school,,,36.8692199,6.6034777,300,300,True,Skikda,,,,,,
3893642179,school,ابتدائية العربي التبسي,ابتدائية العربي التبسي,36.7924189,7.6239281,300,300,True,Annaba,,,,,,
3898153582,place_of_worship,,,36.6229928,7.5660246,200,200,True,Guelma,,,,,,
3912453770,health_facility,Clinique zeraïbi,,36.0789851,4.7672967,20,20,False,Bordj Bou Arréridj,,,,,,
3924000970,school,École de Sidi Bouaza,مدرسة سيدي بوعزة,36.5064162,4.8913582,300,300,True,Béjaïa,,,,,,
3927503519,health_facility,Centre d'Imagerie,مصتوصف,36.4426101,6.2696414,100,100,False,Mila,,,,,,
3939442848,health_facility,Clinique el-Mehdi,,36.350056,6.6289043,20,20,False,Constantine,,,,,,
3944188994,place_of_worship,مسجد عقبة بن نافع,مسجد عقبة بن نافع,36.2843001,5.6068802,200,200,True,Sétif,,,,,,
3946821581,place_of_worship,,,36.2479869,7.2539305,200,200,True,Guelma,,,,,,
3977636597,place_of_worship,المسجد العتيق,المسجد العتيق,36.07078,4.7653573,200,200,True,Bordj Bou Arréridj,,,,,,
3988397909,place_of_worship,Tamesgida n Taxlict Wada,مسجد ثخيلشت ود,36.6210727,4.7656463,200,200,True,Béjaïa,,,,,,
3989684879,place_of_worship,,,36.3392495,6.6417687,200,200,True,Constantine,,,,,,
3992001257,place_of_worship,Sidi Ahmed Saâdi,,36.5546925,5.4275607,200,200,True,Béjaïa,,,,,,
3999442351,place_of_worship,Mosquée Ahemmame,,36.6288957,4.8688051,200,200,True,Béjaïa,,,,,,
4012432324,health_facility,dr kermali,,36.1782792,5.4027943,100,100,False,Sétif,,,,,,
4040268113,place_of_worship,Zaouia Sidi Ahmed Zerrouk,زاوية سيدى أحمد زروق,36.6028814,4.6372954,200,200,True,Béjaïa,,,,,,
4046197584,place_of_worship,Tamesgida n Zituna,مسجد الزيتونة,36.6061944,4.8808919,200,200,True,Béjaïa,,,,,,
4046594085,place_of_worship,mosque Afra مسجد افرا,مسجد افرا,36.6209779,4.8946684,200,200,True,Béjaïa,,,,,,
4054992274,school,Ecole Primaire Salah Dries,إبتدائية صالح درياس,36.6448288,4.8956169,300,300,True,Béjaïa,,,,,,
4061333024,place_of_worship,mosque Sellouana مسجد سلوانة,مسجد سلوانة,36.544707,4.6158566,200,200,True,Béjaïa,,,,,,
4062080330,place_of_worship,Mosquée Ichekkaben,,36.5626134,4.8486307,200,200,True,Béjaïa,,,,,,
4062404712,school,Primaire village Tigrine,إبتدائية ثيڤرين,36.5532087,4.592759,300,300,True,Béjaïa,,,,,,
4062404718,school,CEM El Djemâa,إكمالية الجمعة,36.5514073,4.5567551,300,300,True,Tizi Ouzou,,,,,,
4068390899,school,CEM Chaal,,36.7503619,5.0652307,300,300,True,Béjaïa,,,,,,
4068978870,school,Aɣerbaz Alemmas Aziru Md uyidir CEM Azirou Md Ouidir,مدرسة أزيرو محند أودير المتوسطة,36.6996762,4.6994276,300,300,True,Béjaïa,,,,,,
4068978871,school,Centre de Formation Profesionnel,مركز التدريب المهني,36.700128,4.6989841,300,300,True,Béjaïa,,,,,,
4068979304,school,Aɣerbaz Amezwaru École primaire,مدرسة ابتدائية,36.6990479,4.6967442,300,300,True,Béjaïa,,,,,,
4070353809,place_of_worship,ساحة الشهداء احدادن عبد القادر محند,,36.7526902,4.895289,200,200,True,Béjaïa,,,,,,
4073616295,place_of_worship,,,36.7458468,5.0569291,200,200,True,Béjaïa,,,,,,
4075563624,school,CEM Chiah Said,,36.1414411,5.4394013,300,300,True,Sétif,,,,,,
4092133814,place_of_worship,Sidi Ayad,,36.6123922,4.7152831,200,200,True,Béjaïa,,,,,,
4092134494,place_of_worship,,,36.666144,4.6975332,200,200,True,Béjaïa,,,,,,
4092196188,place_of_worship,مسجد التوبة,مسجد التوبة,36.712049,4.9944003,200,200,True,Béjaïa,,,,,,
4092196487,place_of_worship,Mosquée Al Ihsan,مسجد الاحسان,36.767522,5.0625992,200,200,True,Béjaïa,,,,,,
4092196805,place_of_worship,Mosquée Oued Ghir,مسجد وادي غير,36.7105215,4.9760395,200,200,True,Béjaïa,,,,,,
4092196807,place_of_worship,Mosquée Ibn Toumert,مسجد بن ثومرث,36.7136143,5.0204478,200,200,True,Béjaïa,,,,,,
4095179249,place_of_worship,Mosquée Tazrouts مسجد ثازروتس,مسجد ثازروتس,36.5959728,4.6118434,200,200,True,Béjaïa,,,,,,
4095179252,place_of_worship,زاوية سيدي الحاج حسين,زاوية سيدي الحاج حسين,36.5929619,4.5776862,200,200,True,Béjaïa,,,,,,
4095209563,place_of_worship,Mosquée Tighilt مسجد ثيغيلت,مسجد ثيغيلت,36.6000944,4.6140078,200,200,True,Béjaïa,,,,,,
4095209693,place_of_worship,مسجد اغومراس,مسجد اغومراس,36.6661676,4.7676023,200,200,True,Béjaïa,,,,,,
4095209696,place_of_worship,Ali Chaâbi,,36.6670789,4.7825782,200,200,True,Béjaïa,,,,,,
4095209697,place_of_worship,,,36.6992542,4.8662321,200,200,True,Béjaïa,,,,,,
4101850997,health_facility,AMG,,36.8770365,6.6086063,100,100,False,Skikda,,,,,,
4101902028,school,,,36.8710751,6.6078757,300,300,True,Skikda,,,,,,
4101904128,school,,,36.8755696,6.6085723,300,300,True,Skikda,,,,,,
4102552589,health_facility,Radjah,,36.1872976,5.4224382,20,20,False,Sétif,,,,,,
4103697890,health_facility,Clinique El Farabi,,36.9016457,7.7464943,20,20,False,Annaba,,,,,,
4104585990,health_facility,EPH ain larbi,,36.2672442,7.3957525,20,20,False,Guelma,,,,,,
4106462089,school,مدرسة مبارك الميلي الابتدائية,مدرسة مبارك الميلي الابتدائية,36.6850828,7.7501858,300,300,True,Annaba,,,,,,
4109300496,health_facility,clinique bourenane,,36.0636741,4.6341767,20,20,False,Bordj Bou Arréridj,,,,,,
4109759899,school,Ecole Gougil Darradji,مدرسة قوجيل الدراجي,36.1219148,5.9911426,300,300,True,Mila,,,,,,
4109759901,school,مدرسة شهداء عين بلعيد,مدرسة شهداء عين بلعيد,36.1059429,6.3489904,300,300,True,Constantine,,,,,,
4109760973,health_facility,,,36.0627755,4.7707564,20,20,False,Bordj Bou Arréridj,,,,,,
4109803594,school,مدرسة محمد البشير الابراهيمي,مدرسة محمد البشير الابراهيمي,36.1076209,6.3466164,300,300,True,Constantine,,,,,,
4109818989,place_of_worship,مسجد أوﻻد عزيز,مسجد أوﻻد عزيز,36.148122,6.0091661,200,200,True,Mila,,,,,,
4109908992,place_of_worship,مسجد التقوى,مسجد التقوى,36.1189575,7.5231875,200,200,True,Guelma,,,,,,
4112345723,place_of_worship,,,36.7893595,8.2008734,200,200,True,El Tarf,,,,,,
4114319534,place_of_worship,Mosquée Taddert Tamokrant,مسجد ثادرث ثامقرانت,36.6215181,5.0011306,200,200,True,Béjaïa,,,,,,
4119726109,health_facility,Polyclinique Ihaddaden,,36.7410227,5.0433508,20,20,False,Béjaïa,,,,,,
4134318240,place_of_worship,Mosquée Ahmed Hammani,,36.2609821,6.5789778,200,200,True,Constantine,,,,,,
4140467730,school,ثانوية المجاهد المتوفي صالح مرصى,ثانوية المجاهد المتوفي صالح مرصى,36.8278981,6.8898818,300,300,True,Skikda,,,,,,
4141102992,school,Lycée Bouhena masaoud,,36.4098751,5.9393894,300,300,True,Mila,,,,,,
4141200289,school,إبتدائية تمار عمر,إبتدائية تمار عمر,36.4264333,5.8909272,300,300,True,Mila,,,,,,
4143326895,place_of_worship,المسجد العتيق,المسجد العتيق,36.1598419,6.1651272,200,200,True,Mila,,,,,,
4143326897,school,Lycée Med sadik ben yahia,,36.1590867,6.1706523,300,300,True,Mila,,,,,,
4143326898,school,CEM Med laid,,36.1661346,6.1718263,300,300,True,Mila,,,,,,
4143356392,place_of_worship,,,36.1567724,6.1608494,200,200,True,Mila,,,,,,
4143356393,school,Lycée Mohamed Khemisti,,36.1598532,6.1604011,300,300,True,Mila,,,,,,
4143356489,fire_station,Unité de protection civile,الحماية المدنية,36.1586787,6.1646385,30,30,False,Mila,,,,,,
4143356490,school,primaire,,36.1624757,6.1702561,300,300,True,Mila,,,,,,
4143356492,health_facility,Hôpital Chelghoum Laïd,,36.1701847,6.1610625,100,100,False,Mila,,,,,,
4143356495,health_facility,Polyclinique,,36.1635614,6.1729266,100,100,False,Mila,8.0,54.0,2026-09-19T08:00,,,
4143356496,place_of_worship,Mosquée Zaitouna,,36.1641968,6.1758701,200,200,True,Mila,8.0,54.0,2026-09-19T08:00,,,
4143356497,school,Lycée Hireche Abdel Madjid,,36.1694397,6.1716731,300,300,True,Mila,8.0,54.0,2026-09-19T08:00,,,
4143356498,school,CEM Ahmed Toufik el Madani,,36.16756,6.1700198,300,300,True,Mila,8.0,54.0,2026-09-19T08:00,,,
4143356589,school,CEM trig Ferdjioua,,36.1655213,6.1620208,300,300,True,Mila,8.0,54.0,2026-09-19T08:00,,,
4143356690,school,lycée khaira zarouki,,36.1664556,6.1778325,300,300,True,Mila,8.0,54.0,2026-09-19T08:00,,,
4143356691,place_of_worship,mosquée 1 novembre,,36.1642602,6.1859757,200,200,True,Mila,8.0,54.0,2026-09-19T08:00,,,
4144542138,place_of_worship,,,36.4339039,7.781383,200,200,True,Souk Ahras,9.6,51.0,2026-09-19T08:00,,,
4145238675,place_of_worship,,,36.4599966,7.2643603,200,200,True,Guelma,9.3,51.0,2026-09-19T08:00,,,
4148677794,health_facility,polyclinique,,36.1615944,6.1728148,20,20,False,Mila,8.0,54.0,2026-09-19T08:00,,,
4148695492,health_facility,,,36.1639184,6.166417,100,100,False,Mila,8.0,54.0,2026-09-19T08:00,,,
4148786793,place_of_worship,,,36.1603303,6.1642687,200,200,True,Mila,8.0,54.0,2026-09-19T08:00,,,
4148787190,place_of_worship,Mosquée El quds,,36.161349,6.1577849,200,200,True,Mila,8.0,54.0,2026-09-19T08:00,,,
4148787389,school,الحرية,متوسطة جمال عبد الناصر,36.1597582,6.1692665,300,300,True,Mila,8.0,54.0,2026-09-19T08:00,,,
4148787392,place_of_worship,mosquée didouche,,36.1662569,6.1675471,200,200,True,Mila,8.0,54.0,2026-09-19T08:00,,,
4148787791,place_of_worship,Église,,36.1581328,6.1647768,200,200,True,Mila,8.0,54.0,2026-09-19T08:00,,,
4151445461,place_of_worship,Biziou,,36.4909215,4.6058735,200,200,True,Bordj Bou Arréridj,14.4,54.0,2026-09-19T08:00,,,
4152756898,place_of_worship,,,36.4785332,4.8289472,200,200,True,Béjaïa,11.1,54.0,2026-09-19T08:00,,,
4160315890,school,Lycée Bouhenna,,36.4102792,5.93928,300,300,True,Mila,10.5,52.0,2026-09-19T08:00,,,
4166124089,place_of_worship,مسجد علي بن أبي طاالب,مسجد علي بن أبي طاالب,36.5646049,5.9376482,200,200,True,Mila,9.4,51.0,2026-09-19T08:00,,,
4167879384,place_of_worship,mosque Tighilt Oumeggal,مسجد ثيغيلت أومڤال,36.3742591,4.5053383,200,200,True,Bordj Bou Arréridj,13.6,54.0,2026-09-19T08:00,,,
4168235963,fire_station,Unité de Protection civile,الحماية المدنية,36.1565125,5.6794069,30,30,False,Sétif,8.6,55.0,2026-09-19T08:00,,,
4179743295,school,École,مدرسة,36.4652625,4.502233,300,300,True,Tizi Ouzou,15.0,54.0,2026-09-19T08:00,,,
4179748389,school,Collège Daoud Eddine Abderrahmane,متوسطة داود الدين عبد الرحمان,36.4601515,4.5040976,300,300,True,Bordj Bou Arréridj,15.0,54.0,2026-09-19T08:00,,,
4185293983,health_facility,Dr. Kraim,,36.7438654,7.1042049,20,20,False,Skikda,9.5,48.0,2026-09-19T08:00,,,
4185354902,school,CEJ,هبهوب حسين,36.7405136,7.1042924,300,300,True,Skikda,9.5,48.0,2026-09-19T08:00,,,
4185354909,place_of_worship,المسجد الجديد عزابة,المسجد الجديد عزابة,36.7381293,7.1068218,200,200,True,Skikda,9.5,48.0,2026-09-19T08:00,,,
4185399681,school,خراط عمار,خراط عمار,36.7456246,7.1079826,300,300,True,Skikda,9.5,48.0,2026-09-19T08:00,,,
4190459391,school,La Chrysalide,,36.1979866,5.395442,300,300,True,Sétif,9.6,55.0,2026-09-19T08:00,,,
4207690496,health_facility,,,36.0665638,4.6233375,100,100,False,Bordj Bou Arréridj,9.8,56.0,2026-09-19T08:00,,,
4209685140,school,شوقي رشيد,شوقي رشيد,36.0641702,4.6270617,300,300,True,Bordj Bou Arréridj,9.8,56.0,2026-09-19T08:00,,,
4209698253,school,سعيدي السعيد,سعيدي السعيد,36.0637046,4.6270481,300,300,True,Bordj Bou Arréridj,9.8,56.0,2026-09-19T08:00,,,
4209701501,health_facility,الطب المدرسي,الطب المدرسي,36.063401,4.6268336,100,100,False,Bordj Bou Arréridj,9.8,56.0,2026-09-19T08:00,,,
4212572096,health_facility,Clinique - Sidi Amar,عيادة طبية - سيدي عمار,36.8211892,7.7150475,20,20,False,Annaba,9.9,48.0,2026-09-19T08:00,,,
4222017892,health_facility,Polyclinique,,36.7639845,7.9020098,20,20,False,Annaba,7.6,46.0,2026-09-19T08:00,,,
4222090082,fire_station,Pompiers,الحماية المدنية,36.7702146,7.9018934,30,30,False,Annaba,7.6,46.0,2026-09-19T08:00,,,
4223910699,place_of_worship,,,36.7799467,7.9056735,200,200,True,Annaba,7.6,46.0,2026-09-19T08:00,,,
4223910713,health_facility,Analyses sanguine DR KHODJA,,36.7687598,7.8990833,20,20,False,Annaba,8.1,47.0,2026-09-19T08:00,,,
4225543489,place_of_worship,,,36.4644945,8.05797,200,200,True,Souk Ahras,9.1,51.0,2026-09-19T08:00,,,
4225619991,place_of_worship,,,36.1579236,5.6775,200,200,True,Sétif,8.6,55.0,2026-09-19T08:00,,,
4225635317,place_of_worship,Mosquée El Yamine Debbaghine,مسجد اليامين دباغين,36.1520546,5.6955754,200,200,True,Sétif,8.6,55.0,2026-09-19T08:00,,,
4225635318,place_of_worship,,,36.1557536,5.7041021,200,200,True,Sétif,8.3,54.0,2026-09-19T08:00,,,
4225635329,place_of_worship,,,36.160401,5.7107969,200,200,True,Sétif,8.3,54.0,2026-09-19T08:00,,,
4225635331,place_of_worship,Tarik Ibn Zied,مسجد طارق بن زياد,36.1636027,5.6933626,200,200,True,Sétif,8.6,55.0,2026-09-19T08:00,,,
4225649304,place_of_worship,,,36.1650676,5.6926276,200,200,True,Sétif,8.6,55.0,2026-09-19T08:00,,,
4225649305,place_of_worship,,,36.1627895,5.6781464,200,200,True,Sétif,8.6,55.0,2026-09-19T08:00,,,
4225654305,place_of_worship,Mosquée El-Nour,,36.1539994,5.67327,200,200,True,Sétif,8.6,55.0,2026-09-19T08:00,,,
4225654307,place_of_worship,مسجد أسامة,مسجد أسامة,36.1509306,5.6809501,200,200,True,Sétif,8.6,55.0,2026-09-19T08:00,,,
4225654308,place_of_worship,,,36.1436142,5.6820766,200,200,True,Sétif,8.6,55.0,2026-09-19T08:00,,,
4225933090,school,Ecole Primaire Aamriou,المدرسة الابتدائية الشهيد بلهوان محند أعمريو القديمة 1,36.7521775,5.0534565,300,300,True,Béjaïa,10.8,48.0,2026-09-19T08:00,,,
4226022712,place_of_worship,مسجد إغيل أوعزوق,مسجد إغيل أوعزوق,36.7317351,5.0513914,200,200,True,Béjaïa,10.8,48.0,2026-09-19T08:00,,,
4226562369,place_of_worship,,,36.5913439,8.1972344,200,200,True,El Tarf,8.6,50.0,2026-09-19T08:00,,,
4227249291,school,Amir abed al Kadar,,36.3587082,6.6370966,300,300,True,Constantine,8.4,54.0,2026-09-19T08:00,,,
4231774290,school,École primaire Azzoug,,36.7529936,5.0784983,300,300,True,Béjaïa,10.8,48.0,2026-09-19T08:00,,,
4231776791,school,École préscolaire Azzoug,,36.75289,5.0779238,300,300,True,Béjaïa,10.8,48.0,2026-09-19T08:00,,,
4231935794,place_of_worship,مسجد حجرية,مسجد حجرية,36.9621929,6.6007257,200,200,True,Skikda,8.7,42.0,2026-09-19T08:00,,,
4232921290,health_facility,Polyclinique de Tinebdar,مستوصف ثينبذار,36.6218584,4.6796349,20,20,False,Béjaïa,12.8,51.0,2026-09-19T08:00,,,
4232921692,school,Collège Aɣerbaz alemmas,مدرسة ثانوية,36.6216128,4.6803139,300,300,True,Béjaïa,12.8,51.0,2026-09-19T08:00,,,
4238119189,place_of_worship,Masjid Takwa - مسجد التقوى,مسجد التقوى,36.8505208,7.750577,200,200,True,Annaba,9.9,48.0,2026-09-19T08:00,,,
4242662591,health_facility,EPH Belhi Abdelhamid,مستشفى بلحي عبد الحميد,36.1199102,5.9801869,100,100,False,Mila,8.1,54.0,2026-09-19T08:00,,,
4242694895,school,CEM Frères Aroudj,متوسطة الاخوة عروج,36.120167,5.9789974,300,300,True,Mila,8.1,54.0,2026-09-19T08:00,,,
4244244891,school,متوسطة العربي تبسي,متوسطة العربي تبسي,36.4072544,5.9444106,300,300,True,Mila,10.5,52.0,2026-09-19T08:00,,,
4248529623,school,École primaire,,36.8511884,7.7466272,300,300,True,Annaba,9.9,48.0,2026-09-19T08:00,,,
4250902473,place_of_worship,Mosquée Ibrahim El Kallil مسجد ابراهيم الخليل,مسجد ابراهيم الخليل,36.1793729,5.4606694,200,200,True,Sétif,9.4,55.0,2026-09-19T08:00,,,
4252961792,school,مدرسة ابتدائية,مدرسة ابتدائية,36.8410729,8.1356356,300,300,True,El Tarf,6.9,42.0,2026-09-19T08:00,,,
4253344546,health_facility,Salle de soin cité FLN;غرفة العلاج حي جبهة التحرير الوطني الجزائرية,غرفة العلاج حي جبهة التحرير الوطني الجزائرية,36.8880356,8.4373925,20,20,False,El Tarf,9.3,46.0,2026-09-19T08:00,,,
4256492390,fire_station,Protection civile;الحماية المدنية,الحماية المدنية,36.878365,8.4443429,30,30,False,El Tarf,9.3,46.0,2026-09-19T08:00,,,
4257192339,health_facility,Dispensaire,,36.5933365,4.6325182,20,20,False,Béjaïa,12.0,53.0,2026-09-19T08:00,,,
4269935695,place_of_worship,دار الشباب,دار الشباب,36.844558,8.074381,200,200,True,El Tarf,7.7,44.0,2026-09-19T08:00,,,
4270322990,place_of_worship,مسجد العباس,مسجد العباس,36.3209829,7.1620644,200,200,True,Guelma,9.6,51.0,2026-09-19T08:00,,,
4281560390,place_of_worship,Mosquée Tiner,مسجد تينار,36.1569917,5.4894217,200,200,True,Sétif,9.4,55.0,2026-09-19T08:00,,,
4282424420,place_of_worship,Tikbab,,36.5337201,5.6119714,200,200,True,Jijel,9.1,51.0,2026-09-19T08:00,,,
4283577391,place_of_worship,مسجد الامام سحنون,مسجد الامام سحنون,36.2599153,7.0743986,200,200,True,Guelma,7.9,50.0,2026-09-19T08:00,,,
4283585881,place_of_worship,مسجد القاسم,مسجد القاسم,36.2571618,7.0677973,200,200,True,Guelma,7.9,50.0,2026-09-19T08:00,,,
4283597233,school,CEM,المتوسطة الجديدة,36.2652203,7.0741875,300,300,True,Guelma,7.9,50.0,2026-09-19T08:00,,,
4284522790,health_facility,عيادة المنار,عيادة المنار,36.2842567,7.9474534,20,20,False,Souk Ahras,8.5,51.0,2026-09-19T08:00,,,
4284754289,school,CEM Haddam Belkacem,,36.2612978,7.0789281,300,300,True,Guelma,7.9,50.0,2026-09-19T08:00,,,
4284763189,health_facility,Clinique multi-services,,36.2611379,7.0731275,20,20,False,Guelma,7.9,50.0,2026-09-19T08:00,,,
4285773101,place_of_worship,مسجد عبد الله بن مسعود,مسجد عبد الله بن مسعود,36.4691583,7.4221344,200,200,True,Guelma,10.1,51.0,2026-09-19T08:00,,,
4285797291,place_of_worship,مسجد الإمام عبد الحميد بن باديس,مسجد الإمام عبد الحميد بن باديس,36.4654862,7.4293857,200,200,True,Guelma,10.1,51.0,2026-09-19T08:00,,,
4285829489,place_of_worship,مسجد أبو بكر الصديق,مسجد أبو بكر الصديق,36.4668784,7.4092332,200,200,True,Guelma,10.1,51.0,2026-09-19T08:00,,,
4285829589,place_of_worship,المسجد العتيق ابن خلدون,المسجد العتيق ابن خلدون,36.4646177,7.4271829,200,200,True,Guelma,10.1,51.0,2026-09-19T08:00,,,
4286770951,place_of_worship,,,36.0630928,5.9539361,200,200,True,Sétif,8.2,54.0,2026-09-19T08:00,,,
4286821612,place_of_worship,,,36.1234075,5.9857051,200,200,True,Mila,8.1,54.0,2026-09-19T08:00,,,
4289364190,place_of_worship,مسجد السبع,مسجد السبع,36.844866,8.076489,200,200,True,El Tarf,7.7,44.0,2026-09-19T08:00,,,
4289658287,school,Primaire Ideraken,,36.6301279,4.7802703,300,300,True,Béjaïa,11.7,51.0,2026-09-19T08:00,,,
4289676193,school,Ecole primaire El Had,,36.6162131,4.7741106,300,300,True,Béjaïa,11.7,51.0,2026-09-19T08:00,,,
4298792532,school,,,37.0852977,6.4740347,300,300,True,Skikda,8.1,39.0,2026-09-19T08:00,,,
4304646488,school,Ecole Primaire Kirouani Abdenour,,36.5682564,4.6161596,300,300,True,Béjaïa,12.0,53.0,2026-09-19T08:00,,,
4304646647,place_of_worship,,,36.5688055,4.6167191,200,200,True,Béjaïa,12.0,53.0,2026-09-19T08:00,,,
4305388057,place_of_worship,Mzaret Tizi Mine,,36.4244634,4.9307654,200,200,True,Béjaïa,10.6,54.0,2026-09-19T08:00,,,
4305388068,place_of_worship,Timsedart,ثيمصدرث,36.4477732,4.9295679,200,200,True,Béjaïa,10.6,54.0,2026-09-19T08:00,,,
4308702674,health_facility,Clinique Seybouse,,36.904657,7.745835,20,20,False,Annaba,8.3,42.0,2026-09-19T08:00,,,
4310294120,health_facility,,,36.2438135,6.2826686,20,20,False,Mila,8.4,52.0,2026-09-19T08:00,,,
4310359690,school,ثانوية معركة عين فوة,ثانوية معركة عين فوة,36.2430356,6.2830054,300,300,True,Mila,8.4,52.0,2026-09-19T08:00,,,
4311851890,place_of_worship,مسجد أبا ذر الغفاري,مسجد أبا ذر الغفاري,36.190996,5.4133042,200,200,True,Sétif,9.4,55.0,2026-09-19T08:00,,,
4312139889,health_facility,médecine du travail,,36.1809403,5.4042201,100,100,False,Sétif,9.4,55.0,2026-09-19T08:00,,,
4313518202,place_of_worship,El Karama,,36.1604135,5.6867316,200,200,True,Sétif,8.6,55.0,2026-09-19T08:00,,,
4315494498,health_facility,Polyclinique bourouak rokia,,36.3290082,6.5799389,20,20,False,Constantine,10.5,53.0,2026-09-19T08:00,,,
4315785202,place_of_worship,Mosquée El Fath,مسجد الفتح,36.766681,8.320331,200,200,True,El Tarf,7.8,48.0,2026-09-19T08:00,,,
4316966296,health_facility,polyclinique Souk El Tenine,,36.6263104,5.3360406,100,100,False,Béjaïa,12.4,51.0,2026-09-19T08:00,,,
4317771896,place_of_worship,Djamaâ Assouel,,36.5448803,5.4132373,200,200,True,Béjaïa,9.3,52.0,2026-09-19T08:00,,,
4318717882,school,CEM Ilmaten,إكمالية إلماثن,36.6679214,4.7697933,300,300,True,Béjaïa,11.7,51.0,2026-09-19T08:00,,,
4318717885,place_of_worship,,,36.7268592,4.8189763,200,200,True,Béjaïa,10.2,46.0,2026-09-19T08:00,,,
4318736731,school,Lycée Mouhali Amar,ثانوية موحالي اعمر,36.5500906,4.6848211,300,300,True,Béjaïa,12.0,53.0,2026-09-19T08:00,,,
4318802795,place_of_worship,Taourirt,,36.5968268,4.6301071,200,200,True,Béjaïa,12.0,53.0,2026-09-19T08:00,,,
4321355259,place_of_worship,1 Novembre,,36.1647275,6.186263,200,200,True,Mila,8.0,54.0,2026-09-19T08:00,,,
4321403910,school,CEM Brana,,36.1661693,6.1625211,300,300,True,Mila,8.0,54.0,2026-09-19T08:00,,,
4321404036,school,École primaire Abbane Ramdane,,36.1627844,6.1760904,300,300,True,Mila,8.0,54.0,2026-09-19T08:00,,,
4321658756,place_of_worship,,,36.8319157,7.8658129,200,200,True,Annaba,8.2,45.0,2026-09-19T08:00,,,
4321658832,place_of_worship,,,36.830845,7.8978213,200,200,True,Annaba,8.2,45.0,2026-09-19T08:00,,,
4321658833,place_of_worship,,,36.845615,7.7833589,200,200,True,Annaba,9.9,48.0,2026-09-19T08:00,,,
4322170401,place_of_worship,,,36.5976497,4.845153,200,200,True,Béjaïa,12.8,53.0,2026-09-19T08:00,,,
4322174206,school,Bouâadni,,36.5894534,4.8344656,300,300,True,Béjaïa,12.8,53.0,2026-09-19T08:00,,,
4322719489,fire_station,Unité de protection civile,الحماية المدنية,36.2487185,6.288087,30,30,False,Mila,8.4,52.0,2026-09-19T08:00,,,
4323246391,health_facility,بوفلغط رمضان,بوفلغط رمضان,36.3980428,6.3261281,100,100,False,Mila,9.8,53.0,2026-09-19T08:00,,,
4323884360,place_of_worship,Masjid Ennour,مسجد النور,36.3977968,6.322205,200,200,True,Mila,9.8,53.0,2026-09-19T08:00,,,
4323936587,place_of_worship,Mosquée Omar Ibn El Khattab,مسجد عمر بن الخطاب,36.3966979,6.3231473,200,200,True,Mila,9.8,53.0,2026-09-19T08:00,,,
4324001876,school,CEM Battle Marsho 1960,,36.3958501,6.3244046,300,300,True,Mila,9.8,53.0,2026-09-19T08:00,,,
4326609895,health_facility,Clinique ORL Oranger,عيادة البرتقال,36.9044273,7.7442451,20,20,False,Annaba,8.3,42.0,2026-09-19T08:00,,,
4327362796,place_of_worship,المسجد المركزي,المسجد المركزي,36.1848035,5.3104172,200,200,True,Sétif,9.6,55.0,2026-09-19T08:00,,,
4327362810,place_of_worship,مسجد حسان بن ثابت,مسجد حسان بن ثابت,36.1905885,5.3098067,200,200,True,Sétif,9.6,55.0,2026-09-19T08:00,,,
4330090877,place_of_worship,Sidi Messaoud,,36.5596297,5.5036943,200,200,True,Jijel,9.1,51.0,2026-09-19T08:00,,,
4331245489,place_of_worship,Mausolée Djerba,,36.8158097,4.9892806,200,200,True,Béjaïa,9.9,43.0,2026-09-19T08:00,,,
4331309203,place_of_worship,مسجد الأمير عبد القادر,مسجد الأمير عبد القادر,36.5192452,6.2592643,200,200,True,Mila,10.5,52.0,2026-09-19T08:00,,,
4333623834,health_facility,Centre D'Appareillage Orthopédique (PROTHESIA),مركز تركيب الأعضاء الإصطناعية,36.1886055,5.436589,20,20,False,Sétif,9.4,55.0,2026-09-19T08:00,,,
4334558218,school,Technicum Mohamed sedik ben yahia,,36.3253894,6.5770765,300,300,True,Constantine,10.5,53.0,2026-09-19T08:00,,,
4334573398,school,École primaire El Eidi khalifa,,36.3398424,6.5808752,300,300,True,Constantine,10.5,53.0,2026-09-19T08:00,,,
4334592753,school,El zawech lycée,,36.347558,6.5903611,300,300,True,Constantine,10.5,53.0,2026-09-19T08:00,,,
4335939277,place_of_worship,Mosquée El Hidjra,مسجد الهجرة,36.1929168,5.3208571,200,200,True,Sétif,9.6,55.0,2026-09-19T08:00,,,
4337579094,emergency_shelter,,,36.8222522,6.8888177,150,150,True,Skikda,11.4,48.0,2026-09-19T08:00,,,
4337596494,school,Moussa chaaban,,36.3372533,6.5855696,300,300,True,Constantine,10.5,53.0,2026-09-19T08:00,,,
4337897154,place_of_worship,Sidi el Houcine,سيذي الحسين,36.4305711,4.8209672,200,200,True,Bordj Bou Arréridj,11.1,54.0,2026-09-19T08:00,,,
4341521577,school,École DE LANGUES DEHILI,,36.4506564,6.2665634,300,300,True,Mila,10.6,54.0,2026-09-19T08:00,,,
4345617997,health_facility,غرفة العناية الفرين,غرفة العناية الفرين,36.8263673,8.4214444,20,20,False,El Tarf,9.3,46.0,2026-09-19T08:00,,,
4347764090,school,ahmed touil,,36.521216,5.8552536,300,300,True,Jijel,10.1,51.0,2026-09-19T08:00,,,
4349675395,school,متوسطة شطي,متوسطة شطي,37.0106348,6.5628238,300,300,True,Skikda,7.8,39.0,2026-09-19T08:00,,,
4350819692,school,ابتدائية سيدي اعلي وشداد,ابتدائية سيدي اعلي وشداد,36.4649097,4.5218419,300,300,True,Bordj Bou Arréridj,15.0,54.0,2026-09-19T08:00,,,
4351620213,school,CEM des Frères Baoug,متوسطة ثاوريرث,36.6139495,4.6590138,300,300,True,Béjaïa,12.8,51.0,2026-09-19T08:00,,,
4351622316,school,مدرسة ابتدائية,مدرسة ابتدائية,36.6136155,4.6509975,300,300,True,Béjaïa,12.8,51.0,2026-09-19T08:00,,,
4351916097,health_facility,salle de soins Abbas-Rabah,قاعة العلاج تاسوست,36.8001276,5.8452106,20,20,False,Jijel,11.1,50.0,2026-09-19T08:00,,,
4356111265,place_of_worship,Mosquée Abou Baker esSeddik,مسجد ابو بكر الصديق,36.5978059,6.7528313,200,200,True,Constantine,8.8,50.0,2026-09-19T08:00,,,
4356111266,place_of_worship,Mosquée el Falah,مسجد الفلاح,36.58974,6.7392272,200,200,True,Constantine,8.8,50.0,2026-09-19T08:00,,,
4356111267,place_of_worship,Mosquée el Taouba,مسجد التوبة,36.5977521,6.7501706,200,200,True,Constantine,8.8,50.0,2026-09-19T08:00,,,
4356957389,place_of_worship,الدوان الوطني للشؤون الدينية والأوقاف - عنابة,الدوان الوطني للشؤون الدينية والأوقاف - عنابة,36.9030662,7.7451718,200,200,True,Annaba,8.3,42.0,2026-09-19T08:00,,,
4356957689,school,المدرسة الإبتدائية - العقيد عميروش,المدرسة الإبتدائية - العقيد عميروش,36.9049203,7.7452209,300,300,True,Annaba,8.3,42.0,2026-09-19T08:00,,,
4358125790,place_of_worship,مسجد طارق بن زياد,مسجد طارق بن زياد,36.2915478,7.9430201,200,200,True,Souk Ahras,8.5,51.0,2026-09-19T08:00,,,
4358146690,place_of_worship,مسجد عائشة أم المؤمنين,مسجد عائشة أم المؤمنين,36.2835615,7.9458004,200,200,True,Souk Ahras,8.5,51.0,2026-09-19T08:00,,,
4358149190,place_of_worship,مسجد التقوى,مسجد التقوى,36.2898432,7.9330624,200,200,True,Souk Ahras,8.5,51.0,2026-09-19T08:00,,,
4360210290,school,,,36.2478213,6.2855798,300,300,True,Mila,8.4,52.0,2026-09-19T08:00,,,
4360212890,school,مدرسة سكينة,مدرسة سكينة,36.3560644,6.6100788,300,300,True,Constantine,8.4,54.0,2026-09-19T08:00,,,
4361308893,place_of_worship,mosque Souk El Ténine Centre مسجد سوق الاثنين المركزي,مسجد سوق الاثنين المركزي,36.625366,5.335644,200,200,True,Béjaïa,12.4,51.0,2026-09-19T08:00,,,
4361597889,school,CEM boumaaraf Sebti,,36.2822941,7.9864797,300,300,True,Souk Ahras,8.5,51.0,2026-09-19T08:00,,,
4361681294,school,ابتدائية ابن باديس,ابتدائية ابن باديس,36.1235012,7.531965,300,300,True,Guelma,8.2,51.0,2026-09-19T08:00,,,
4361681691,health_facility,المؤسسة العمومية الاستشفائية هواري بومدين,المؤسسة العمومية الاستشفائية هواري بومدين,36.131672,7.533409,100,100,False,Guelma,8.2,51.0,2026-09-19T08:00,,,
4361682208,school,ابتدائية شرفي محمد الخذير,ابتدائية شرفي محمد الخذير,36.12911,7.5338425,300,300,True,Guelma,8.2,51.0,2026-09-19T08:00,,,
4361704694,school,ثانوية سويداني بوجمعة,ثانوية سويداني بوجمعة,36.1215958,7.5267071,300,300,True,Guelma,8.2,51.0,2026-09-19T08:00,,,
4361768808,health_facility,,,36.1214179,7.5290004,20,20,False,Guelma,8.2,51.0,2026-09-19T08:00,,,
4361805494,place_of_worship,Mosquée Salam,مسجد السلام,36.1367042,7.5347498,200,200,True,Guelma,8.2,51.0,2026-09-19T08:00,,,
4361816093,school,متوسطة بعرور عبد العزيز,متوسطة بعرور عبد العزيز,36.1311163,7.5308015,300,300,True,Guelma,8.2,51.0,2026-09-19T08:00,,,
4361816105,fire_station,,,36.1148847,7.5261489,30,30,False,Guelma,8.2,51.0,2026-09-19T08:00,,,
4362020891,place_of_worship,مسجد مالك بن انس,مسجد مالك بن انس,36.1201907,7.5304253,200,200,True,Guelma,8.2,51.0,2026-09-19T08:00,,,
4362020892,place_of_worship,المدرسة القرآنية,المدرسة القرآنية,36.120086,7.5303564,200,200,True,Guelma,8.2,51.0,2026-09-19T08:00,,,
4362039894,school,ابتدائية حوبار يوسف,ابتدائية حوبار يوسف,36.1365329,7.5284522,300,300,True,Guelma,8.2,51.0,2026-09-19T08:00,,,
4362039895,health_facility,,,36.1171867,7.527727,20,20,False,Guelma,8.2,51.0,2026-09-19T08:00,,,
4362064789,school,متوسطة ابي بكر عبد الله المالكي,متوسطة ابي بكر عبد الله المالكي,36.1377794,7.5298549,300,300,True,Guelma,8.2,51.0,2026-09-19T08:00,,,
4362065292,health_facility,المستشفى القديم,المستشفى القديم,36.1324083,7.5301868,100,100,False,Guelma,8.2,51.0,2026-09-19T08:00,,,
4362131288,place_of_worship,Mosquée Mokrani مسجد المقراني,مسجد المقراني,36.1967897,5.4265529,200,200,True,Sétif,9.4,55.0,2026-09-19T08:00,,,
4362722799,emergency_shelter,,,36.4788927,4.5118656,150,150,True,Tizi Ouzou,15.0,54.0,2026-09-19T08:00,,,
4364640197,fire_station,Unité de protection civile,الحماية المدنية,36.1280071,7.5338548,30,30,False,Guelma,8.2,51.0,2026-09-19T08:00,,,
4366293047,place_of_worship,,,36.3651312,4.5326462,200,200,True,Bordj Bou Arréridj,13.6,54.0,2026-09-19T08:00,,,
4366518690,health_facility,EPSP El Mellah,,36.1116137,5.6749865,20,20,False,Sétif,8.6,55.0,2026-09-19T08:00,,,
4366530692,school,Primaire Bachir Cherif A/Z,,36.1095328,5.6760573,300,300,True,Sétif,8.6,55.0,2026-09-19T08:00,,,
4366530693,school,CEM Baaziz Abdallah,,36.1064616,5.6740046,300,300,True,Sétif,8.6,55.0,2026-09-19T08:00,,,
4366549490,school,Lycee El Mellah,,36.1061363,5.6738475,300,300,True,Sétif,8.6,55.0,2026-09-19T08:00,,,
4368070795,school,,,36.9045116,7.7518778,300,300,True,Annaba,8.3,42.0,2026-09-19T08:00,,,
4368104799,school,École primaire,مدرسة ابتدائية,36.6261588,5.3381876,300,300,True,Béjaïa,12.4,51.0,2026-09-19T08:00,,,
4368954901,school,École Djenaoui Ali,,36.2855485,7.9694414,300,300,True,Souk Ahras,8.5,51.0,2026-09-19T08:00,,,
4368955096,health_facility,policlinique Diar Zarga,,36.2871513,7.9713974,100,100,False,Souk Ahras,8.5,51.0,2026-09-19T08:00,,,
4368956304,place_of_worship,مسجد التوبة,مسجد التوبة,36.2765421,7.9416307,200,200,True,Souk Ahras,8.5,51.0,2026-09-19T08:00,,,
4369023391,school,école Riahi Med Larbi,,36.2801458,7.9497143,300,300,True,Souk Ahras,8.5,51.0,2026-09-19T08:00,,,
4373610860,place_of_worship,,,36.4209916,5.263227,200,200,True,Sétif,9.6,54.0,2026-09-19T08:00,,,
4373621626,place_of_worship,,,36.4366604,5.2787034,200,200,True,Sétif,9.6,54.0,2026-09-19T08:00,,,
4374603593,school,ابتدائية شلوفي الطاهر,ابتدائية شلوفي الطاهر,36.2672163,6.497429,300,300,True,Constantine,9.2,53.0,2026-09-19T08:00,,,
4375261390,school,الصادق حماني,الصادق حماني,36.3573405,6.6413199,300,300,True,Constantine,8.4,54.0,2026-09-19T08:00,,,
4375266990,place_of_worship,El Gofrane,مسجد الغفران,36.8027752,7.7360112,200,200,True,Annaba,9.9,48.0,2026-09-19T08:00,,,
4377119689,school,دار القلم,دار القلم,36.3564717,6.6338813,300,300,True,Constantine,8.4,54.0,2026-09-19T08:00,,,
4377875295,place_of_worship,مسجد عبد المومن,مسجد عبد المومن,36.0783682,4.7604612,200,200,True,Bordj Bou Arréridj,10.4,56.0,2026-09-19T08:00,,,
4379823390,school,Lycée Nouioua Fatima,,36.3110811,6.6296934,300,300,True,Constantine,8.4,54.0,2026-09-19T08:00,,,
4379823391,school,CEM Ahmed Abbas,,36.3114431,6.6311621,300,300,True,Constantine,8.4,54.0,2026-09-19T08:00,,,
4379825890,health_facility,Clinique publique,مصحة عمومية زواغي,36.3117116,6.6301351,20,20,False,Constantine,8.4,54.0,2026-09-19T08:00,,,
4379827490,health_facility,Clinique Athena Medical Center,,36.3117244,6.6272445,20,20,False,Constantine,8.4,54.0,2026-09-19T08:00,,,
4379875890,health_facility,Clinique Dar Echifaa,,36.3035753,6.6239633,20,20,False,Constantine,8.4,54.0,2026-09-19T08:00,,,
4380188090,health_facility,EPSP Bouhadjar,,36.5027949,8.1083074,20,20,False,Souk Ahras,8.6,50.0,2026-09-19T08:00,,,
4380846140,place_of_worship,,,36.0555016,5.7349585,200,200,True,Sétif,8.2,54.0,2026-09-19T08:00,,,
4380849151,place_of_worship,,,36.1105776,5.6753745,200,200,True,Sétif,8.6,55.0,2026-09-19T08:00,,,
4380886408,place_of_worship,,,36.0590599,5.619539,200,200,True,Sétif,8.3,54.0,2026-09-19T08:00,,,
4382500591,place_of_worship,,,36.4247074,5.8897114,200,200,True,Mila,10.0,51.0,2026-09-19T08:00,,,
4382503085,place_of_worship,Djmaâ Boukléa,,36.4239078,5.0046414,200,200,True,Béjaïa,10.7,54.0,2026-09-19T08:00,,,
4382563092,school,Lycée Bechnoun Saadi,ثانوية بوشنون سعدي,36.4059853,5.9414267,300,300,True,Mila,10.5,52.0,2026-09-19T08:00,,,
4382578689,health_facility,,,36.4269726,5.8914694,20,20,False,Mila,,,,,,
4382578690,school,CEM El Amel,متوسطة الأمل,36.4069844,5.9413453,300,300,True,Mila,,,,,,
4382579189,school,Ecole primaire,,36.4059963,5.9400348,300,300,True,Mila,,,,,,
4382778336,place_of_worship,,,36.2284264,5.7911196,200,200,True,Sétif,,,,,,
4382819030,place_of_worship,Mosquée Cheikh Ahmed Sahnoune,,36.2985408,6.6208632,200,200,True,Constantine,,,,,,
4382827853,place_of_worship,Mosquée Ibn Badis,,36.4572477,6.2652016,200,200,True,Mila,,,,,,
4384048273,place_of_worship,,,36.1791466,5.8680462,200,200,True,Sétif,,,,,,
4385911255,place_of_worship,,,36.2146145,5.9236582,200,200,True,Mila,,,,,,
4385913798,place_of_worship,,,36.2269831,5.888528,200,200,True,Mila,,,,,,
4385981130,place_of_worship,,,36.1945762,5.9671234,200,200,True,Mila,,,,,,
4387242238,school,مدرسة عبد الباقي الإنجليزية,مدرسة عبد الباقي الإنجليزية,36.1923592,5.3949425,300,300,True,Sétif,,,,,,
4387372591,school,École Larbi ben mehidi,,36.2907034,7.9422144,300,300,True,Souk Ahras,,,,,,
4387372592,health_facility,Polyclinique Diar Zarga,,36.2873251,7.971342,20,20,False,Souk Ahras,,,,,,
4387392895,school,École Mesalti Mahmoud,,36.2905348,7.9430848,300,300,True,Souk Ahras,,,,,,
4387392897,school,CEM ABD Elhamid Ben Badis,,36.2897608,7.9433321,300,300,True,Souk Ahras,,,,,,
4387419990,school,École Primaire Djenaoui Ali,,36.2854577,7.9693394,300,300,True,Souk Ahras,,,,,,
4387429490,place_of_worship,Mosquée El Hoda,,36.284198,7.9687221,200,200,True,Souk Ahras,,,,,,
4387430390,school,CEM Madi Med Larbi,,36.2869704,7.9658912,300,300,True,Souk Ahras,,,,,,
4390612390,emergency_shelter,,,36.4787786,4.5113351,150,150,True,Tizi Ouzou,,,,,,
4394438090,place_of_worship,mosque louta مسجد لوطا,مسجد لوطا,36.6227201,5.2956129,200,200,True,Béjaïa,,,,,,
4394438093,school,CEM,متوسطة عيسى عبد الوهاب,36.7430837,6.4304087,300,300,True,Mila,,,,,,
4394443491,school,مدرسة بوشارب الحسين,مدرسة بوشارب الحسين,36.7434141,6.4298072,300,300,True,Mila,,,,,,
4395442989,health_facility,مركز دعوة الحق للطب البديل والرقية الشرعية,مركز دعوة الحق للطب البديل والرقية الشرعية,36.7814658,8.3794422,20,20,False,El Tarf,,,,,,
4396142778,place_of_worship,,,36.2060257,5.5302141,200,200,True,Sétif,,,,,,
4401155432,place_of_worship,,,36.0185504,5.2443597,200,200,True,Sétif,,,,,,
4404886640,school,,,36.4556522,6.0501475,300,300,True,Mila,,,,,,
4404892419,school,,,36.4554881,6.0472497,300,300,True,Mila,,,,,,
4406231326,place_of_worship,,,36.7863185,7.6616048,200,200,True,Annaba,,,,,,
4406231327,place_of_worship,,,36.7862873,7.6545053,200,200,True,Annaba,,,,,,
4413319289,school,مدرسة قرقاط رشيد الابتدائية,مدرسة قرقاط رشيد الابتدائية,36.6105395,6.9307377,300,300,True,Skikda,,,,,,
4413539592,school,,,36.0770383,4.7433366,300,300,True,Bordj Bou Arréridj,,,,,,
4413584498,fire_station,Unité de protection civile,الحماية المدنية,36.0683159,4.7648931,30,30,False,Bordj Bou Arréridj,,,,,,
4413691091,health_facility,المركز الصحي الجواري 5 جويلية,المركز الصحي الجواري 5 جويلية,36.0723275,4.7444714,100,100,False,Bordj Bou Arréridj,,,,,,
4413699596,place_of_worship,مسجد شهداء 11 جوان 1956 اڨارو,مسجد شهداء 11جوان 1956 اڨارو,36.520219,5.8534591,200,200,True,Jijel,,,,,,
4417993893,school,مركز الأمل للارطفونيا والتوحد,مركز الأمل للارطفونيا والتوحد,36.0734779,4.763084,300,300,True,Bordj Bou Arréridj,,,,,,
4418042908,school,,,36.0800134,4.7535208,300,300,True,Bordj Bou Arréridj,,,,,,
4418047291,school,,,36.0698019,4.7610986,300,300,True,Bordj Bou Arréridj,,,,,,
4418047295,health_facility,,,36.068894,4.7514881,20,20,False,Bordj Bou Arréridj,,,,,,
4418063089,health_facility,المركز الصحي الجواري الفيبور,المركز الصحي الجواري الفيبور,36.0678088,4.7568077,20,20,False,Bordj Bou Arréridj,,,,,,
4418064198,health_facility,,,36.0681712,4.7682057,20,20,False,Bordj Bou Arréridj,,,,,,
4419185291,health_facility,Labo bouzenoune,,36.0438126,6.5670393,20,20,False,Constantine,,,,,,
4419206991,place_of_worship,Mosquée Mohamed Laïd Al-Khalifa,,36.0261187,6.56114,200,200,True,Constantine,,,,,,
4419225090,health_facility,Clinique khelifi,,36.0297416,6.5682955,20,20,False,Constantine,,,,,,
4425038790,school,Sale de sport;Cem ben issa issa,بن عىسى عيسى,36.1628402,6.1735415,300,300,True,Mila,,,,,,
4425385194,school,CEM Abdelkader drici,,36.0844246,4.7629961,300,300,True,Bordj Bou Arréridj,,,,,,
4426884345,place_of_worship,Mosquée Ennasr,مسجد النصر,36.1381187,4.6689667,200,200,True,Bordj Bou Arréridj,,,,,,
4433277307,place_of_worship,Sidi Djouzi Maâgache,,36.761389,4.5046549,200,200,True,Tizi Ouzou,,,,,,
4433282355,place_of_worship,,,36.7594314,4.5009411,200,200,True,Tizi Ouzou,,,,,,
4433543289,school,المدرسة الإبتدائية 20 اوت 55,المدرسة الإبتدائية 20 اوت 55,36.1557956,6.1759298,300,300,True,Mila,,,,,,
4439055590,school,مدرسة مالك بن النبي,مدرسة مالك بن النبي,36.4604022,7.4294252,300,300,True,Guelma,,,,,,
4447500306,place_of_worship,,,36.2528959,6.4631541,200,200,True,Constantine,,,,,,
4447500336,place_of_worship,مسجد عبد الحميد ابن باديس,مسجد عبد الحميد ابن باديس,36.2710497,6.5047485,200,200,True,Constantine,,,,,,
4448066290,place_of_worship,Mosquée El Maghfira,,36.2596041,6.5047702,200,200,True,Constantine,,,,,,
4449398806,school,Cité universitaire El-Hidab اقامة الجامعية الهضاب 1,اقامة الجامعية الهضاب 1,36.2175556,5.4456648,300,300,True,Sétif,,,,,,
4455683214,place_of_worship,Mosquée Khadidja oum El Mouminine,,36.2065761,5.4194275,200,200,True,Sétif,,,,,,
4455708743,place_of_worship,,,36.3468853,5.1022878,200,200,True,Sétif,,,,,,
4456914495,health_facility,المشتة,المشتة,36.2723735,5.1274172,20,20,False,Sétif,,,,,,
4457032990,school,Lycée,ثانوية بشير شيحاني,36.1146509,6.3517062,300,300,True,Constantine,,,,,,
4457033289,place_of_worship,المسجد العتيق,المسجد العتيق,36.1169962,6.3535914,200,200,True,Constantine,,,,,,
4457056493,place_of_worship,مسجد الإمام مالك بن أنس,مسجد الإمام مالك بن أنس,36.1235894,6.3727558,200,200,True,Constantine,,,,,,
4457715193,place_of_worship,مسجد الفرقان,مسجد الفرقان,36.2833979,5.1284711,200,200,True,Sétif,,,,,,
4457715195,school,قصري احمد,قصري احمد,36.2692008,5.1290834,300,300,True,Sétif,,,,,,
4457730290,health_facility,العربي سلامي,العربي سلامي,36.2722259,5.127404,100,100,False,Sétif,,,,,,
4457765091,school,,,36.3043712,5.1317479,300,300,True,Sétif,,,,,,
4457765989,school,متوسطة طاجين,متوسطة طاجين,36.2716937,5.1261379,300,300,True,Sétif,,,,,,
4457766290,school,ساعد بلعة,ساعد بلعة,36.2830173,5.1267695,300,300,True,Sétif,,,,,,
4457907289,school,ثانوية,ثانوية,36.2683493,5.1263668,300,300,True,Sétif,,,,,,
4458492889,school,lycée Bachir Khaldoun;ثانوية بشير خلدون,ثانوية بشير خلدون,36.8843958,8.4299035,300,300,True,El Tarf,,,,,,
4458516290,school,Ecole Beausejour Garçon,,36.9112844,7.7617195,300,300,True,Annaba,,,,,,
4458773500,school,متوسطة فيصلي محمد,متوسطة فيصلي محمد,36.3670782,7.5279188,300,300,True,Guelma,,,,,,
4458773501,place_of_worship,مسجد الإمام مسلم,مسجد الإمام مسلم,36.3713901,7.531692,200,200,True,Guelma,,,,,,
4458818591,school,École Mohamed Boudebouz,مدرسة محمد بودبوز,36.3677503,7.526843,300,300,True,Guelma,,,,,,
4459039796,school,École Makhloufi Salah,مدرسة مخلوفي صالح,36.3302888,5.1089141,300,300,True,Sétif,,,,,,
4459613891,health_facility,صيدلية بوجاهم,صيدلية بوجاهم,36.370418,7.5298482,100,100,False,Guelma,,,,,,
4459613893,health_facility,المؤسسة العمومية للصحة الجوارية,المؤسسة العمومية للصحة الجوارية,36.3710798,7.5326469,20,20,False,Guelma,,,,,,
4460541804,place_of_worship,مسجد ابن سينا,مسجد ابن سينا,36.8045781,7.7384362,200,200,True,Annaba,,,,,,
4462115689,school,كلية الآداب واللغات,كلية الآداب واللغات,36.2164009,5.4507285,300,300,True,Sétif,,,,,,
4463085489,health_facility,Dr BELGAHRI.S,,36.5236034,6.7353483,20,20,False,Constantine,,,,,,
4463299053,school,École Frère Bensaïdi,,36.7389804,5.0439331,300,300,True,Béjaïa,,,,,,
4463541591,health_facility,Polyclinique Akabiou,,36.6206872,4.7662307,20,20,False,Béjaïa,,,,,,
4463541592,school,إبتدائية الشهداء بوطغان,إبتدائية الشهداء بوطغان,36.6190275,4.7548408,300,300,True,Béjaïa,,,,,,
4464101256,school,Ecole primaire Akabiou,,36.6219979,4.7653387,300,300,True,Béjaïa,,,,,,
4464130181,health_facility,Centre de Santé Iderraqen,,36.6299878,4.7809794,20,20,False,Béjaïa,,,,,,
4464131292,school,C.F.P.A Timezrit,,36.6295579,4.7797589,300,300,True,Béjaïa,,,,,,
4464435090,school,متوسطة أحمد عروة,متوسطة أحمد عروة,36.36522,6.5809575,300,300,True,Constantine,,,,,,
4464435590,school,Cem Ali Boumenjel,متوسطة علي بومنجل,36.3594646,6.6268349,300,300,True,Constantine,,,,,,
4464898503,school,,,36.4006115,7.0529908,300,300,True,Guelma,,,,,,
4464898511,school,,,36.4632884,7.1125583,300,300,True,Guelma,,,,,,
4467592189,emergency_shelter,,,36.2840461,6.7854117,150,150,True,Constantine,,,,,,
4468984235,place_of_worship,,,36.2617011,7.9440441,200,200,True,Souk Ahras,,,,,,
4469134790,place_of_worship,lposa,,36.8138522,7.7102132,200,200,True,Annaba,,,,,,
4470235892,school,CEM Allem Mansour متوسطة علام منصور,متوسطة علام منصور,36.1872567,5.408032,300,300,True,Sétif,,,,,,
4470236293,school,École Primaire Frères Berchi,,36.1874834,5.4070104,300,300,True,Sétif,,,,,,
4470287089,school,CEM Malika Kharchi,,36.1914162,5.4161259,300,300,True,Sétif,,,,,,
4470288289,school,Primaire Amar Djia Abbes إبتدائية عمارجية عباس,إبتدائية عمارجية عباس,36.1873539,5.4066577,300,300,True,Sétif,,,,,,
4470467851,health_facility,Hôpital orthopédique,,36.6694469,4.7674742,100,100,False,Béjaïa,,,,,,
4471408316,place_of_worship,,,36.3840037,5.0581249,200,200,True,Sétif,,,,,,
4471896165,school,CEM Ait Amara Hocine,,36.6163916,4.7732152,300,300,True,Béjaïa,,,,,,
4472438025,school,المدرسة الإكمالية غرايبية,المدرسة الإكمالية غرايبية,36.1529892,8.1972084,300,300,True,Souk Ahras,,,,,,
4472636389,emergency_shelter,,,36.4409195,5.4166793,150,150,True,Sétif,,,,,,
4475763111,place_of_worship,,,36.2175724,5.2798999,200,200,True,Sétif,,,,,,
4485440370,school,,,36.4591676,6.0406247,300,300,True,Mila,,,,,,
4485441301,school,,,36.5364422,6.0455979,300,300,True,Mila,,,,,,
4485443605,school,,,36.4548914,6.0475687,300,300,True,Mila,,,,,,
4485454637,school,,,36.5177812,6.0514025,300,300,True,Mila,,,,,,
4485491405,school,,,36.4326184,6.0575246,300,300,True,Mila,,,,,,
4485500671,school,,,36.4721923,6.018382,300,300,True,Mila,,,,,,
4485509116,school,,,36.4908374,5.9863969,300,300,True,Mila,,,,,,
4485510394,school,,,36.4573117,6.0806779,300,300,True,Mila,,,,,,
4485588801,school,,,36.4327803,6.018538,300,300,True,Mila,,,,,,
4485918190,place_of_worship,مسجد العباس بن عبد المطلب,مسجد العباس بن عبد المطلب,36.0628757,5.3422957,200,200,True,Sétif,,,,,,
4492898992,school,Ecole Mohamed Tayeb Hakimi,,36.4627948,5.6467042,300,300,True,Sétif,,,,,,
4494120617,school,,,36.2017337,5.8533848,300,300,True,Sétif,,,,,,
4497856489,place_of_worship,مسجد الفردوس خرازة,مسجد الفردوس خرازة,36.8411688,7.6671438,200,200,True,Annaba,,,,,,
4500930432,school,,,36.2048476,5.3727273,300,300,True,Sétif,,,,,,
4502738289,place_of_worship,مسجد ابن طفيل الفيلاج,مسجد ابن طفيل الفيلاج,36.3678424,7.522677,200,200,True,Guelma,,,,,,
4509599893,school,ثانوية عبد الحميد آخروف,ثانوية عبد الحميد آخروف,36.0676712,4.7634242,300,300,True,Bordj Bou Arréridj,,,,,,
4509613901,health_facility,المركز الصحي الجواري 12 هكتار,المركز الصحي الجواري 12 هكتار,36.0658114,4.7422981,20,20,False,Bordj Bou Arréridj,,,,,,
4509649493,school,,,36.0669524,4.7572029,300,300,True,Bordj Bou Arréridj,,,,,,
4509652702,health_facility,,,36.0682198,4.7440655,20,20,False,Bordj Bou Arréridj,,,,,,
4509683096,health_facility,,,36.076389,4.7679223,20,20,False,Bordj Bou Arréridj,,,,,,
4509701289,health_facility,المركز الصحي الجواري الكوشة,المركز الصحي الجواري الكوشة,36.0774712,4.7658595,20,20,False,Bordj Bou Arréridj,,,,,,
4510162129,health_facility,Entree des Urgence,,36.3160468,7.1613808,100,100,False,Guelma,,,,,,
4512060144,school,école loutifi abdelhamid,,36.1789529,5.5031653,300,300,True,Sétif,,,,,,
4512062333,place_of_worship,,,36.1785774,5.5033071,200,200,True,Sétif,,,,,,
4513689889,health_facility,Dialysis Clinic Hashmi,Dialysis Clinic Hashmi,36.1912954,5.4287078,20,20,False,Sétif,,,,,,
4513689890,health_facility,Guelma dialysis,,36.4632209,7.4279115,20,20,False,Guelma,,,,,,
4513690089,health_facility,Renadial Dialyse,,36.4713224,7.435895,20,20,False,Guelma,,,,,,
4514088113,place_of_worship,école DEBBAH AHMED,,36.2548465,5.2655167,200,200,True,Sétif,,,,,,
4514401491,health_facility,مصحة الجزائر,مصحة الجزائر,36.8961224,7.7252023,20,20,False,Annaba,,,,,,
4515625673,place_of_worship,,,36.3597143,6.5959149,200,200,True,Constantine,,,,,,
4516212603,place_of_worship,,,36.258807,6.603091,200,200,True,Constantine,,,,,,
4517411892,school,ابتدائية,ابتدائية,36.3971485,5.0761253,300,300,True,Sétif,,,,,,
4517414489,place_of_worship,,,36.3964086,5.0718416,200,200,True,Sétif,,,,,,
4518893791,school,,,36.5883722,5.3389562,300,300,True,Béjaïa,,,,,,
4518945992,place_of_worship,مسجد أيت عنان,مسجد أيت عنان,36.5885192,5.3396837,200,200,True,Béjaïa,,,,,,
4519563395,school,,,36.4163919,5.0044755,300,300,True,Béjaïa,,,,,,
4520398489,school,Centre pédagogique pour handicapés,,36.6310265,5.3308652,300,300,True,Béjaïa,,,,,,
4520920691,school,Khanssa,الخنساء,36.184719,5.4166999,300,300,True,Sétif,,,,,,
4521749427,school,Bourkhoum Allawa Middle School,,36.9813287,6.5583256,300,300,True,Skikda,,,,,,
4521909295,school,Ramoul Abdelaziz Primary School,,36.982715,6.5593934,300,300,True,Skikda,,,,,,
4521919592,school,Boudjeniba Messaoud Primary School,,36.9811963,6.558926,300,300,True,Skikda,,,,,,
4523102110,school,CEM Oubrika Said,,36.5854737,5.4399133,300,300,True,Béjaïa,,,,,,
4523102111,school,CEM Akache,متوسطة عكاش,36.5788099,5.3961855,300,300,True,Béjaïa,,,,,,
4523121099,health_facility,clinique multi-services Khalili Idriss,عيادة متعددة الخدمات خليلي ادريس,36.4093697,5.9487348,20,20,False,Mila,,,,,,
4523229189,health_facility,مصحة بهلولي المختار,مصحة بهلولي المختار,36.0756252,4.7382645,20,20,False,Bordj Bou Arréridj,,,,,,
4526436789,school,CEM Berchiche,,36.6848167,4.8575971,300,300,True,Béjaïa,,,,,,
4530036290,health_facility,Pharmacie Amranni,صيدلية لعمراني,36.4090074,5.9459208,20,20,False,Mila,,,,,,
4530036493,school,المدرسة الإبتدائية محمد شوارفة,المدرسة الإبتدائية محمد شوارفة,36.4056825,5.9467764,300,300,True,Mila,,,,,,
4535046090,school,CEM Hammoudi Saïd,,36.3627918,6.6358168,300,300,True,Constantine,,,,,,
4538471833,school,,,36.4411142,4.8631444,300,300,True,Béjaïa,,,,,,
4541394499,place_of_worship,مصلى ومدرسة قرآنية,مصلى ومدرسة قرآنية,36.0707934,4.7555506,200,200,True,Bordj Bou Arréridj,,,,,,
4541443895,place_of_worship,الزاوية,الزاوية,36.0729871,4.7587983,200,200,True,Bordj Bou Arréridj,,,,,,
4542065999,school,المدرسة الابتدائية صالح خنشوش,المدرسة الابتدائية صالح خنشوش,36.2591419,6.6888059,300,300,True,Constantine,,,,,,
4542066000,health_facility,,,36.2586651,6.6890492,20,20,False,Constantine,,,,,,
4542066001,school,,,36.2614783,6.6893677,300,300,True,Constantine,,,,,,
4542086298,place_of_worship,مسجد سلمان الفارسي,مسجد سلمان الفارسي,36.2574854,6.6918743,200,200,True,Constantine,,,,,,
4542090789,school,,,36.2608029,6.6891386,300,300,True,Constantine,,,,,,
4542090889,school,,,36.2606914,6.6886626,300,300,True,Constantine,,,,,,
4542098589,health_facility,عيادة ماسينيسا,عيادة ماسينيسا,36.2774179,6.697702,20,20,False,Constantine,,,,,,
4542933189,school,متوسطة بالجاهل عبد المجيد,متوسطة بالجاهل عبد المجيد,36.5212347,6.3246789,300,300,True,Mila,,,,,,
4547751991,place_of_worship,mosque riff مسجد ريف,مسجد ريف,36.5440279,5.2440654,200,200,True,Béjaïa,,,,,,
4547751993,place_of_worship,,,36.5456201,5.2520739,200,200,True,Béjaïa,,,,,,
4547752491,school,École primaire Riff,,36.5452031,5.2433247,300,300,True,Béjaïa,,,,,,
4547752492,school,École primaire Anekouche,École primaire Anekouche,36.5457596,5.2557259,300,300,True,Béjaïa,,,,,,
4547921694,school,École primaire bordj mira,مدرسة ابتدائية برج ميرة,36.5474216,5.2764396,300,300,True,Béjaïa,,,,,,
4547958591,school,CEM Bordj Mira,متوسطة برج ميرة,36.5483207,5.2749894,300,300,True,Béjaïa,,,,,,
4550705420,school,ثانوية معمري معمر,ثانوية معمري معمر,36.8626284,7.2945402,300,300,True,Skikda,,,,,,
4555593890,school,مدرسة الابتدائية بقيرات العيد,مدرسة الابتدائية بقيرات العيد,36.2871776,6.5223782,300,300,True,Constantine,,,,,,
4555860789,school,ابتدائية,ابتدائية,36.3877604,6.1296436,300,300,True,Mila,,,,,,
4558662689,place_of_worship,مسجد أبي بكر الصديق,مسجد أبي بكر الصديق,36.887906,7.7241978,200,200,True,Annaba,,,,,,
4558737899,place_of_worship,مسجد,مسجد,36.1020512,5.0678035,200,200,True,Bordj Bou Arréridj,,,,,,
4559159993,school,IFTGIE TUSNA,,36.7492706,5.0550611,300,300,True,Béjaïa,,,,,,
4560007306,health_facility,Clinique Abou Marwan,,36.8926626,7.7170222,20,20,False,Annaba,,,,,,
4562818290,health_facility,Clinique d'Ophtalmologie Benmoussa,مصحة بن موسى لطب العيون,36.265738,6.6887139,20,20,False,Constantine,,,,,,
4564108337,place_of_worship,مسجد النور,مسجد النور,36.8616425,7.2912491,200,200,True,Skikda,,,,,,
4565427693,health_facility,,,36.8584766,7.2934883,100,100,False,Skikda,,,,,,
4565442596,school,ابتدائية قنون عمار 2,ابتدائية قنون عمار 2,36.8600628,7.2930654,300,300,True,Skikda,,,,,,
4565442599,place_of_worship,,,36.835573,7.2736412,200,200,True,Skikda,,,,,,
4565492589,school,متوسطة الإخوة شكرود,متوسطة الإخوة شكرود,36.8331629,7.268957,300,300,True,Skikda,,,,,,
4565492591,place_of_worship,مسجد قباء,مسجد قباء,36.8599643,6.9130359,200,200,True,Skikda,,,,,,
4565492592,school,,,36.8604573,6.913731,300,300,True,Skikda,,,,,,
4565492593,school,ابتدائية قنون عمار 1,ابتدائية قنون عمار 1,36.8602381,7.2923616,300,300,True,Skikda,,,,,,
4565492989,school,,,36.865912,7.2946724,300,300,True,Skikda,,,,,,
4565493289,health_facility,,,36.8343432,7.2724515,20,20,False,Skikda,,,,,,
4566011405,health_facility,PSP Kerkera,العيادة المتعددة الخدمات كركرة,36.9296473,6.5889453,100,100,False,Skikda,,,,,,
4566037095,school,ثانوية صالح بن مهنا,ثانوية صالح بن مهنا,36.929271,6.5838349,300,300,True,Skikda,,,,,,
4566071592,school,متوسطة العالم يوسف,متوسطة العالم يوسف,36.9314985,6.5853098,300,300,True,Skikda,,,,,,
4567573291,fire_station,Unité de Protection civile,الحماية المدنية,36.225208,6.9507127,30,30,False,Constantine,,,,,,
4568794898,place_of_worship,,,36.1695913,5.3920224,200,200,True,Sétif,,,,,,
4569425489,school,,,36.9410415,7.7646962,300,300,True,Annaba,,,,,,
4573122444,school,Lycée Béni Chebana,ثانوية بني شبانة,36.4684197,4.8653095,300,300,True,Béjaïa,,,,,,
4573173219,place_of_worship,,,36.90673,7.6638357,200,200,True,Annaba,,,,,,
4573176199,school,École Al Khansa,مدرسة الخنساء,36.3332663,5.0932325,300,300,True,Sétif,,,,,,
4573210106,health_facility,عيادة متعددة الخدمات أيث شبانة,عيادة متعددة الخدمات بني شبانة,36.4689527,4.8672682,100,100,False,Béjaïa,,,,,,
4573219972,school,CEM Sebah Lamri,متوسطة سباح العمري,36.3386581,5.1773863,300,300,True,Sétif,,,,,,
4573233693,fire_station,pompiers de seraidi,الحماية المدنية,36.9099803,7.6716503,30,30,False,Annaba,,,,,,
4574370266,place_of_worship,,,36.750936,7.4251651,200,200,True,Guelma,,,,,,
4574835821,place_of_worship,,,36.7910436,7.2809375,200,200,True,Skikda,,,,,,
4575119591,school,مدرسة ابتدائية,مدرسة ابتدائية,36.8037368,7.608866,300,300,True,Annaba,,,,,,
4575735295,health_facility,مستشفى ابن رشد,مستشفى ابن رشد,36.9107362,7.746547,100,100,False,Annaba,8.3,42.0,2026-09-19T08:00,,,
4577286190,school,إكمالية إبن خلدون,إكمالية إبن خلدون,36.3413816,6.5950704,300,300,True,Constantine,10.5,53.0,2026-09-19T08:00,,,
4578288596,place_of_worship,,,36.6171636,5.1647933,200,200,True,Béjaïa,10.3,51.0,2026-09-19T08:00,,,
4580149090,place_of_worship,مسجد الكوثر,مسجد الكوثر,36.2888111,7.9676552,200,200,True,Souk Ahras,8.5,51.0,2026-09-19T08:00,,,
4582734189,school,CEM Tasga,,36.6187326,4.7517621,300,300,True,Béjaïa,11.7,51.0,2026-09-19T08:00,,,
4584249697,school,الجمهورية,الجمهورية,36.1582585,6.167022,300,300,True,Mila,8.0,54.0,2026-09-19T08:00,,,
4584253095,school,ذيابوي حدة,ذياباوي حدة,36.1581506,6.1672069,300,300,True,Mila,8.0,54.0,2026-09-19T08:00,,,
4584286332,health_facility,Centre Médical Psycopédagogique Azzaba (CMPA),المركز الطبي التربوي عزابة,36.7369347,7.1041566,20,20,False,Skikda,9.5,48.0,2026-09-19T08:00,,,
4584299488,place_of_worship,Mosquée Al-'atîq,المسجد العتيق,36.7399004,7.1082447,200,200,True,Skikda,9.5,48.0,2026-09-19T08:00,,,
4586212926,school,,,36.3919166,4.6626972,300,300,True,Bordj Bou Arréridj,11.7,54.0,2026-09-19T08:00,,,
4587499954,place_of_worship,,,36.7779503,5.0129548,200,200,True,Béjaïa,10.8,48.0,2026-09-19T08:00,,,
4587650478,school,Chouhada Frères Djerroud Semaoune,مدرسة الشهداء الإخوة جرود,36.5935599,4.5828432,300,300,True,Béjaïa,13.4,53.0,2026-09-19T08:00,,,
4587651283,school,Primaire Hamaï Brahem,إبتدائية حماي براهم,36.5879702,4.5811358,300,300,True,Béjaïa,13.4,53.0,2026-09-19T08:00,,,
4588756091,school,متوسطة الاخوة شكرود,متوسطة الاخوة شكرود,36.3843622,6.1326004,300,300,True,Mila,9.0,52.0,2026-09-19T08:00,,,
4588887472,school,متوسطة محمود بن التونسي,متوسطة محمود بن التونسي,36.3890083,6.1333336,300,300,True,Mila,9.0,52.0,2026-09-19T08:00,,,
4589085896,health_facility,Polyclinique Mahfoudi,Polyclinique Mahfoudi,36.1304691,5.0794728,20,20,False,Bordj Bou Arréridj,11.0,55.0,2026-09-19T08:00,,,
4589130508,place_of_worship,مسجد الإمام ابن حزم,مسجد الإمام ابن حزم,36.4606395,7.5156468,200,200,True,Guelma,10.9,50.0,2026-09-19T08:00,,,
4589146238,school,ثــــانوية سلاطنية,ثــــانوية سلاطنية,36.4603034,7.5203613,300,300,True,Guelma,10.9,50.0,2026-09-19T08:00,,,
4591183017,health_facility,Clinique El Rabie,عيادة الربيع,36.330554,6.5860679,20,20,False,Constantine,10.5,53.0,2026-09-19T08:00,,,
4592081589,place_of_worship,مسجد عبد الرحمن بن عوف,مسجد عبد الرحمن بن عوف,36.0429862,6.5636157,200,200,True,Constantine,7.6,54.0,2026-09-19T08:00,,,
4592510490,school,المدرسة الإبتدائية غريب الكبلوتي,المدرسة الإبتدائية غريب الكبلوتي,36.458594,7.5190567,300,300,True,Guelma,10.9,50.0,2026-09-19T08:00,,,
4595153399,school,CEM-Belarbi Baabouche,,36.0704293,4.7637499,300,300,True,Bordj Bou Arréridj,10.4,56.0,2026-09-19T08:00,,,
4595203304,health_facility,,,36.0696879,4.7585367,20,20,False,Bordj Bou Arréridj,10.4,56.0,2026-09-19T08:00,,,
4595246191,health_facility,,,36.0720164,4.750914,20,20,False,Bordj Bou Arréridj,10.4,56.0,2026-09-19T08:00,,,
4595246199,school,,,36.0720052,4.7616048,300,300,True,Bordj Bou Arréridj,10.4,56.0,2026-09-19T08:00,,,
4595247791,health_facility,,,36.0698576,4.7569596,20,20,False,Bordj Bou Arréridj,10.4,56.0,2026-09-19T08:00,,,
4595248492,school,مدرسة خاصة لتعليم اللغات,مدرسة خاصة لتعليم اللغات,36.0744523,4.7724994,300,300,True,Bordj Bou Arréridj,10.4,56.0,2026-09-19T08:00,,,
4595249792,health_facility,حجامة,حجامة,36.0809867,4.7748182,20,20,False,Bordj Bou Arréridj,10.4,56.0,2026-09-19T08:00,,,
4595250096,school,مدرسة خاصة لتعليم اللغات,مدرسة خاصة لتعليم اللغات,36.0706476,4.7537284,300,300,True,Bordj Bou Arréridj,10.4,56.0,2026-09-19T08:00,,,
4599668391,place_of_worship,مشتة البحري,مسجد مشتة البحري,36.3273283,5.9481467,200,200,True,Mila,8.8,52.0,2026-09-19T08:00,,,
4599700591,health_facility,,,36.4099742,5.9481677,20,20,False,Mila,10.5,52.0,2026-09-19T08:00,,,
4599712489,school,مدرسة لطرش بوجمعة,مدرسة لطرش بوجمعة,36.3276713,5.9481216,300,300,True,Mila,8.8,52.0,2026-09-19T08:00,,,
4600516209,place_of_worship,,,36.6871522,4.5098257,200,200,True,Tizi Ouzou,11.9,51.0,2026-09-19T08:00,,,
4602331190,school,متوسطة 19 ماي 1956 شبيطة مختار,متوسطة 19 ماي 1956,36.7598578,7.7411652,300,300,True,Annaba,10.5,48.0,2026-09-19T08:00,,,
4602360489,health_facility,عيادة شبيطة مختار,عيادة شبيطة مختار,36.7567787,7.7393559,20,20,False,Annaba,10.5,48.0,2026-09-19T08:00,,,
4602360490,school,المدرسة الابتدائية شايبي العربي,المدرسة الابتدائية شايبي العربي,36.7601793,7.7411347,300,300,True,Annaba,10.5,48.0,2026-09-19T08:00,,,
4605542721,place_of_worship,Msid Chta,مسيد الشتا,36.6343504,5.6974103,200,200,True,Jijel,9.9,49.0,2026-09-19T08:00,,,
4610105192,health_facility,clinique dentaire el bey,,36.3602901,6.6059174,20,20,False,Constantine,8.4,54.0,2026-09-19T08:00,,,
4617339161,health_facility,المؤسسة الاستشفائية المتخصصة عبد الله نواورية البوني أمراض النساء والتوليد جراحة الأطفال جراحة التوليد,المؤسسة الاستشفائية المتخصصة عبد الله نواورية البوني أمراض النساء والتوليد جراحة الأطفال جراحة التوليد,36.8562889,7.7372108,100,100,False,Annaba,9.9,48.0,2026-09-19T08:00,,,
4620312000,school,ابتدائية,ابتدائية,36.390236,6.1323191,300,300,True,Mila,9.0,52.0,2026-09-19T08:00,,,
4620355195,school,اكمالية الاخوة شكرود الاربعة,اكمالية الاخوة شكرود الاربعة,36.3843924,6.1313733,300,300,True,Mila,9.0,52.0,2026-09-19T08:00,,,
4620355196,school,,,36.3600865,6.086672,300,300,True,Mila,9.4,52.0,2026-09-19T08:00,,,
4621708897,school,روضة جمال الدين,روضة جمال الدين,36.0731363,4.7829252,300,300,True,Bordj Bou Arréridj,10.4,56.0,2026-09-19T08:00,,,
4621782889,school,مدرسة ضديقي,مدرسة ضديقي,36.0715251,4.7842186,300,300,True,Bordj Bou Arréridj,10.4,56.0,2026-09-19T08:00,,,
4622308477,place_of_worship,,,36.5047197,4.9256738,200,200,True,Béjaïa,11.2,53.0,2026-09-19T08:00,,,
4624353727,place_of_worship,,,36.3518385,6.5933998,200,200,True,Constantine,10.5,53.0,2026-09-19T08:00,,,
4624366417,place_of_worship,مسجد حداد,مسجد حداد,36.3532902,6.6051164,200,200,True,Constantine,8.4,54.0,2026-09-19T08:00,,,
4626522611,place_of_worship,مسجد لقمان,مسجد لقمان,36.3410525,6.5929076,200,200,True,Constantine,10.5,53.0,2026-09-19T08:00,,,
4629484489,fire_station,Protection civile Ain Arnat,الحماية المدنية,36.1886019,5.3332481,30,30,False,Sétif,9.6,55.0,2026-09-19T08:00,,,
4632344792,place_of_worship,المسجد العتيق,المسجد العتيق,36.1324783,6.1507081,200,200,True,Mila,8.0,54.0,2026-09-19T08:00,,,
4636332138,place_of_worship,,,36.2671454,6.6919139,200,200,True,Constantine,9.6,53.0,2026-09-19T08:00,,,
4642269640,fire_station,,,36.3038909,6.038712,30,30,False,Mila,9.4,52.0,2026-09-19T08:00,,,
4642269646,place_of_worship,,,36.305304,6.0365205,200,200,True,Mila,9.4,52.0,2026-09-19T08:00,,,
4642269682,health_facility,,,36.3033904,6.0107718,100,100,False,Mila,9.4,52.0,2026-09-19T08:00,,,
4653455801,fire_station,الحماية المدنية,الحماية المدنية,36.3736032,7.5316614,30,30,False,Guelma,9.2,51.0,2026-09-19T08:00,,,
4654900790,place_of_worship,مدرسة قرآنية,مدرسة قرآنية,36.160568,6.161404,200,200,True,Mila,8.0,54.0,2026-09-19T08:00,,,
4656138892,health_facility,Salle de soin BENZERAFA AMAR,Salle de soin BENZERAFA,36.4508457,6.2672577,20,20,False,Mila,10.6,54.0,2026-09-19T08:00,,,
4676788454,place_of_worship,Mosquée Abdelhamid Ibn Badis,,36.505871,6.5481704,200,200,True,Constantine,9.4,52.0,2026-09-19T08:00,,,
4676789197,place_of_worship,Mosquée M'bark El Mili,,36.4639508,7.4782367,200,200,True,Guelma,10.1,51.0,2026-09-19T08:00,,,
4678639467,place_of_worship,مسجد حمة لولو,مسجد حمة لولو,36.2891266,7.9750274,200,200,True,Souk Ahras,8.5,51.0,2026-09-19T08:00,,,
4678763486,place_of_worship,Mosquée Ali Ibn Abi Talib,,36.1721189,8.042184,200,200,True,Souk Ahras,9.6,51.0,2026-09-19T08:00,,,
4680465391,place_of_worship,مسجد الأمير عبد القادر,مسجد الأمير عبد القادر,36.7270409,7.8959739,200,200,True,Annaba,8.1,47.0,2026-09-19T08:00,,,
4687035903,school,متوسطة معركة مشتة مشرة,متوسطة معركة مشتة مشرة,36.5606914,6.1655771,300,300,True,Mila,9.8,52.0,2026-09-19T08:00,,,
4687035904,school,ابتدائية الشهيد مخناش فرحات,ابتدائية الشهيد مخناش فرحات,36.5613049,6.1655964,300,300,True,Mila,9.8,52.0,2026-09-19T08:00,,,
4687212089,health_facility,,,36.0707466,4.7577744,20,20,False,Bordj Bou Arréridj,10.4,56.0,2026-09-19T08:00,,,
4687666290,health_facility,عيادة تصفية الدم,عيادة تصفية الدم,36.3637402,6.6287921,20,20,False,Constantine,8.4,54.0,2026-09-19T08:00,,,
4688928491,place_of_worship,مسجد رمادة,مسجد رمادة,36.0381233,5.5851075,200,200,True,Sétif,8.5,54.0,2026-09-19T08:00,,,
4688989689,place_of_worship,مسجد المزارة,مسجد المزارة,36.0523754,5.5482943,200,200,True,Sétif,8.5,54.0,2026-09-19T08:00,,,
4690084091,health_facility,مصحة طب وجراحة الأسنان نجمة الشرق,مصحة طب وجراحة الأسنان نجمة الشرق,36.3120838,6.6265133,20,20,False,Constantine,8.4,54.0,2026-09-19T08:00,,,
4691003790,health_facility,Clinique scolaire,,36.0694752,4.7610017,20,20,False,Bordj Bou Arréridj,10.4,56.0,2026-09-19T08:00,,,
4692626050,school,École primaire Taqorrabt,المدرسة الإبتدائية ثاقُرابث,36.6418973,4.9113203,300,300,True,Béjaïa,11.4,51.0,2026-09-19T08:00,,,
4695673923,school,Lycée 19 mars 1962,ثانوية 19 مارس 1962,36.3921779,6.1313193,300,300,True,Mila,9.0,52.0,2026-09-19T08:00,,,
4696119089,place_of_worship,Mosquée en construction,,36.8749387,7.716778,200,200,True,Annaba,9.9,48.0,2026-09-19T08:00,,,
4696373090,school,متوسطة ماكس مارشان,متوسطة ماكس مارشان,36.8960362,7.754565,300,300,True,Annaba,9.9,48.0,2026-09-19T08:00,,,
4697972689,school,إبتدائية عباس موسى,إبتدائية عباس موسى,36.8959442,7.754003,300,300,True,Annaba,9.9,48.0,2026-09-19T08:00,,,
4700969095,fire_station,,,36.8295311,6.881238,30,30,False,Skikda,11.4,48.0,2026-09-19T08:00,,,
4701121990,health_facility,bloc opératoire,,36.8391011,6.6408143,100,100,False,Skikda,7.9,46.0,2026-09-19T08:00,,,
4701502628,school,Lycée 8 mai 1956,,36.4553782,6.0332364,300,300,True,Mila,10.1,52.0,2026-09-19T08:00,,,
4701564519,school,,,36.4070229,4.6487176,300,300,True,Bordj Bou Arréridj,14.4,54.0,2026-09-19T08:00,,,
4701889352,school,Aɣerbaz Amenzu Atmaten Buɛic,المدرسة الابتدائية إعلولن,36.6393888,4.9204495,300,300,True,Béjaïa,11.4,51.0,2026-09-19T08:00,,,
4702162344,school,école primaire bousseltane,,36.6955885,4.9905683,300,300,True,Béjaïa,11.4,51.0,2026-09-19T08:00,,,
4705410792,school,Lycée Ouled Adouane,المدرسة الثانوية أولاد عدوان,36.3396109,5.4570352,300,300,True,Sétif,9.6,55.0,2026-09-19T08:00,,,
4705492749,school,CEM d'Ikedjane,,36.6487449,4.6449806,300,300,True,Béjaïa,12.8,51.0,2026-09-19T08:00,,,
4706547059,school,ابتدائية الجبالة,ابتدائية الجبالة,36.9291504,6.5862867,300,300,True,Skikda,8.8,43.0,2026-09-19T08:00,,,
4706558114,place_of_worship,,,36.9241181,6.5863672,200,200,True,Skikda,8.8,43.0,2026-09-19T08:00,,,
4706580810,place_of_worship,مسجد بولقرطوم,مسجد بولقرطوم,36.9296607,6.5692198,200,200,True,Skikda,8.8,43.0,2026-09-19T08:00,,,
4706943841,school,,,36.6087836,4.8212923,300,300,True,Béjaïa,12.6,52.0,2026-09-19T08:00,,,
4707056181,school,CEM HAMALA,,36.5699724,6.3410071,300,300,True,Mila,10.8,52.0,2026-09-19T08:00,,,
4711450924,place_of_worship,Mosquée Merdj Ouamane,مسجد لمرج ومان,36.6799614,4.9509674,200,200,True,Béjaïa,11.4,51.0,2026-09-19T08:00,,,
4714314721,place_of_worship,مسجد الدهوارة,مسجد الدهوارة,36.3524761,7.7339981,200,200,True,Souk Ahras,9.3,51.0,2026-09-19T08:00,,,
4714995775,place_of_worship,,,36.4924791,5.2861968,200,200,True,Béjaïa,9.6,54.0,2026-09-19T08:00,,,
4715920794,health_facility,المركز الطبي الإجتماعي-الشرطة,المركز الطبي الإجتماعي-الشرطة,36.070007,4.7477748,20,20,False,Bordj Bou Arréridj,10.4,56.0,2026-09-19T08:00,,,
4715921191,health_facility,Clinique scolaire,,36.0782167,4.7557612,20,20,False,Bordj Bou Arréridj,10.4,56.0,2026-09-19T08:00,,,
4717248511,place_of_worship,مسجد عمر بن الخطاب,مسجد عمر بن الخطاب,36.0612848,4.6353101,200,200,True,Bordj Bou Arréridj,9.8,56.0,2026-09-19T08:00,,,
4717248535,place_of_worship,Mesquee el fath,مسجد الفتح,36.0624721,4.6271579,200,200,True,Bordj Bou Arréridj,9.8,56.0,2026-09-19T08:00,,,
4717260805,place_of_worship,Mosquee Zayd Ibn Haritha,مسجد زيد بن حارثة,36.0710571,4.6225462,200,200,True,Bordj Bou Arréridj,9.8,56.0,2026-09-19T08:00,,,
4717968849,place_of_worship,,,36.0025109,4.6474776,200,200,True,Bordj Bou Arréridj,9.8,56.0,2026-09-19T08:00,,,
4718248692,health_facility,مستشفى أمراض العيون,مستشفى أمراض العيون,36.8964375,7.7558533,20,20,False,Annaba,9.9,48.0,2026-09-19T08:00,,,
4718725255,place_of_worship,,,36.0074758,4.652307,200,200,True,Bordj Bou Arréridj,9.8,56.0,2026-09-19T08:00,,,
4722782159,place_of_worship,,,36.3894739,5.9350728,200,200,True,Mila,8.8,52.0,2026-09-19T08:00,,,
4723778589,place_of_worship,مسجد النور,مسجد النور,36.7848405,8.1903584,200,200,True,El Tarf,,,,,,
4724909390,school,إبتدائية كبلوتي عمار,إبتدائية كبلوتي عمار,36.8954192,7.7552854,300,300,True,Annaba,,,,,,
4727739990,fire_station,Unité de Protection civile,الحماية المدنية,36.477824,7.4320431,30,30,False,Guelma,,,,,,
4727859289,health_facility,عيادة ابن باديس,عيادة ابن باديس,36.2823473,7.9631411,20,20,False,Souk Ahras,,,,,,
4729172390,school,CEM Touhami Abderrahman,,36.0735504,4.7795737,300,300,True,Bordj Bou Arréridj,,,,,,
4730212389,school,مدرسة البراءة الخاصة,مدرسة البراءة الخاصة,36.1904834,5.419519,300,300,True,Sétif,,,,,,
4730681332,school,ابتدائية 11 سبتمبر,ابتدائية 11 سبتمبر,36.1191367,5.9801559,300,300,True,Mila,,,,,,
4732455124,school,,,36.2389778,6.5687276,300,300,True,Constantine,,,,,,
4733029724,health_facility,مركز الصحة,مركز الصحة,36.6003351,4.9812988,20,20,False,Béjaïa,,,,,,
4733029726,school,Lycée Benyahia Md Amzian,,36.575054,4.958477,300,300,True,Béjaïa,,,,,,
4733052324,school,CEM ibn khaldoun,,36.5742918,4.9613781,300,300,True,Béjaïa,,,,,,
4733052325,school,Aɣerbaz alemas Xebat Muḥand Saɛid,,36.6018997,4.9850485,300,300,True,Béjaïa,,,,,,
4733053024,school,Aɣerbaz Amenzu Taɛzibt Muḥend Lekḥel,مدرسة تعزيبت مهند لكحل الابتدائية,36.6006531,4.9817507,300,300,True,Béjaïa,,,,,,
4733058421,health_facility,Clinique de Barbacha,,36.5747578,4.959489,20,20,False,Béjaïa,,,,,,
4733058926,school,مدرسة بولبغال بلقاسم,مدرسة بولبغال بلقاسم,36.3673757,7.5317685,300,300,True,Guelma,,,,,,
4735316422,place_of_worship,مسجد الخلفاء الراشدين . لوايدة,,36.8289675,6.615593,200,200,True,Skikda,,,,,,
4739548824,health_facility,Diar Zarga 3,,36.2872856,7.971041,20,20,False,Souk Ahras,,,,,,
4740289374,place_of_worship,,,36.442111,4.8534514,200,200,True,Béjaïa,,,,,,
4740350247,school,,,36.0666489,4.7496538,300,300,True,Bordj Bou Arréridj,,,,,,
4740350259,health_facility,,,36.0812175,4.7510831,20,20,False,Bordj Bou Arréridj,,,,,,
4740389525,school,مدرسة خاصة لتعليم اللغات,مدرسة خاصة لتعليم اللغات,36.0711086,4.7576658,300,300,True,Bordj Bou Arréridj,,,,,,
4740394922,health_facility,,,36.0706013,4.76172,20,20,False,Bordj Bou Arréridj,,,,,,
4741576490,place_of_worship,mosquée,,36.6737403,7.974086,200,200,True,Annaba,,,,,,
4741600624,place_of_worship,مسجد سيدي إبراهيم,مسجد سيدي إبراهيم,36.889306,7.7488042,200,200,True,Annaba,,,,,,
4742810121,place_of_worship,Mosquée Ali ben Abi Taleb,مسجد علي بن أبي طالب,36.3459558,5.1891232,200,200,True,Sétif,,,,,,
4743656124,school,ecole primaire,,36.9114709,7.6758884,300,300,True,Annaba,,,,,,
4743656125,school,كلية سرايدي,كلية سرايدي,36.9115428,7.6779752,300,300,True,Annaba,,,,,,
4743967324,health_facility,عيادة طبية,عيادة طبية,36.1954148,5.2643425,20,20,False,Sétif,,,,,,
4744018821,school,,,36.1955346,5.2662254,300,300,True,Sétif,,,,,,
4750383925,health_facility,الطبيب بن صغير فوزي,الطبيب بن صغير فوزي,36.1548892,5.6857208,20,20,False,Sétif,,,,,,
4750383926,school,مدرسة الشيخ بشير، مازوكة,مدرسة الشيخ بشير، مازوكة,36.1592338,5.6962534,300,300,True,Sétif,,,,,,
4752342221,place_of_worship,مسجد عمار بن ياسر,مسجد عمار بن ياسر,36.2849725,7.9729547,200,200,True,Souk Ahras,,,,,,
4754853922,place_of_worship,المسجد العتيق,المسجد العتيق,36.2434159,7.2497342,200,200,True,Guelma,,,,,,
4755372842,school,CEM Dilmi Sahraoui,CEM ديلمي صحراوي,36.1538585,5.6810619,300,300,True,Sétif,,,,,,
4755378223,school,lycée المنظر الجميل,lycée المنظر الجميل,36.1519732,5.6771763,300,300,True,Sétif,,,,,,
4755378631,school,CEM عيسى أوهيب,CEM عيسى أوهيب,36.1480583,5.6690322,300,300,True,Sétif,,,,,,
4755415521,school,ابتدائية جودي النوي,ابتدائية جودي النوي,36.1384401,5.6663825,300,300,True,Sétif,,,,,,
4764681238,place_of_worship,الزاوية,زاوية الماين,36.3701999,4.7357973,200,200,True,Bordj Bou Arréridj,,,,,,
4764681334,health_facility,العيادة المتعدد الخدمات الماين,العيادة المتعدد الخدمات الماين,36.368615,4.7325129,20,20,False,Bordj Bou Arréridj,,,,,,
4764681336,place_of_worship,,,36.3689845,4.7354003,200,200,True,Bordj Bou Arréridj,,,,,,
4764681624,place_of_worship,Mosquée ouald hlal,,36.371772,4.7388857,200,200,True,Bordj Bou Arréridj,,,,,,
4764681627,health_facility,عيادة الدكتور مالك,عيادة الدكتور مالك,36.369713,4.7349478,20,20,False,Bordj Bou Arréridj,,,,,,
4764681629,school,مدرسة مقراني محمد الشريف,مدرسة مقراني محمد الشريف,36.3675671,4.73231,300,300,True,Bordj Bou Arréridj,,,,,,
4769808922,school,CEM Sidi Ali Lbher Base 05,,36.7195317,5.0668815,300,300,True,Béjaïa,,,,,,
4770664426,school,المدرسة الابتدائية بوراس الطيب بن معيوف,المدرسة الابتدائية بوراس الطيب بن معيوف,36.13853,7.5262551,300,300,True,Guelma,,,,,,
4770667222,school,إبتدائية,إبتدائية,36.1394348,7.5324926,300,300,True,Guelma,,,,,,
4784838621,health_facility,المركز الصحي شيمينو,المركز الصحي شيمينو,36.1915202,5.4208297,100,100,False,Sétif,,,,,,
4787154528,school,École ITHRAN,,36.6259768,5.3305497,300,300,True,Béjaïa,,,,,,
4787377621,school,ثانوية ابن باديس,ثانوية ابن باديس,37.0058675,6.5648677,300,300,True,Skikda,,,,,,
4788317759,school,Primaire Abainou 01,,36.6179534,4.7445978,300,300,True,Béjaïa,,,,,,
4791116024,health_facility,Polyclinique Hemmam Sillal,مستوصف حمام سلال,36.6504154,4.6786863,20,20,False,Béjaïa,,,,,,
4791116025,school,Ecole primaire,,36.6446002,4.675997,300,300,True,Béjaïa,,,,,,
4791933821,place_of_worship,الديوان الوطني لحقوق المؤلف,الديوان الوطني لحقوق المؤلف,36.3403249,6.5940231,200,200,True,Constantine,,,,,,
4796841761,place_of_worship,زاوية سيدي الجودي,زاوية سيدي الجودي,36.3212872,5.0553356,200,200,True,Sétif,,,,,,
4797080961,school,متوسطة عيسى عطوي,متوسطة عيسى عطوي,36.3469171,5.0313445,300,300,True,Sétif,,,,,,
4799622622,place_of_worship,مسجد غار حراء,,36.4649867,7.4155839,200,200,True,Guelma,,,,,,
4802383121,school,مدرسة الشيخ بشير,مدرسة الشيخ بشير,36.1472956,5.6747589,300,300,True,Sétif,,,,,,
4806404093,place_of_worship,,,36.0913463,5.1539305,200,200,True,Sétif,,,,,,
4806473184,place_of_worship,,,36.0585651,5.2149789,200,200,True,Sétif,,,,,,
4810238622,school,متوسطه لشقر بشير,متوسطه لشقر بشير,36.1219949,7.5185907,300,300,True,Guelma,,,,,,
4816481821,school,""" الهداية """,""" الهداية """,36.8979457,7.7599927,300,300,True,Annaba,,,,,,
4816482222,school,Annexe de l'Institut Francais,,36.9062631,7.75407,300,300,True,Annaba,,,,,,
4822498423,place_of_worship,مسجد أبو الدرداء,مسجد أبو الدرداء,36.2532587,6.7137534,200,200,True,Constantine,,,,,,
4824270424,school,مدرسة مخلوف أحمد,مدرسة مخلوف أحمد,36.2873634,5.6082067,300,300,True,Sétif,,,,,,
4824270425,school,ثانوية معيزة محمد النذير,ثانوية معيزة محمد النذير,36.286113,5.6120521,300,300,True,Sétif,,,,,,
4824305921,school,متوسطة عمر رابح,متوسطة عمر رابح,36.2882755,5.6096732,300,300,True,Sétif,,,,,,
4824783722,health_facility,عيادة متعددة الخدمات,عيادة متعددة الخدمات,36.2826928,5.6118644,20,20,False,Sétif,,,,,,
4824809722,school,Ecole hassous ramadhane,,36.2849353,5.6075435,300,300,True,Sétif,,,,,,
4825825928,place_of_worship,مسجد ثابت بن قيس,مسجد ثابت بن قيس,36.2610545,6.7176881,200,200,True,Constantine,,,,,,
4825825929,place_of_worship,مسجد أبو عبيدة بن الجراح,مسجد أبو عبيدة بن الجراح,36.2616514,6.7156672,200,200,True,Constantine,,,,,,
4840550621,place_of_worship,مسجد أبوبكر الصديق,مسجد أبوبكر الصديق,36.4712237,4.8657243,200,200,True,Béjaïa,,,,,,
4872095721,place_of_worship,,,36.7438484,7.8708435,200,200,True,Annaba,,,,,,
4872098021,school,متوسطة,متوسطة,36.7295812,7.8910967,300,300,True,Annaba,,,,,,
4872151622,school,ثانوية بوسنة,ثانوية بوسنة,36.7291203,7.8977675,300,300,True,Annaba,,,,,,
4872160221,health_facility,,,36.7277398,7.8973687,20,20,False,Annaba,,,,,,
4874452622,health_facility,Polyclinique 5 juillet,,36.8865383,7.7121664,20,20,False,Annaba,,,,,,
4890266621,school,ثانوية رافع عبد المجيد,ثانوية رافع عبد المجيد,36.2720442,7.9461732,300,300,True,Souk Ahras,,,,,,
4890266721,school,متوسطة قويسم عبد الحق,متوسطة قويسم عبد الحق,36.274026,7.9421959,300,300,True,Souk Ahras,,,,,,
4894067926,school,المدرسة الابتدائية العربي تبسي,المدرسة الابتدائية العربي تبسي,36.0699876,4.7673523,300,300,True,Bordj Bou Arréridj,,,,,,
4903120921,school,,,36.8667479,7.7353795,300,300,True,Annaba,,,,,,
4915734823,place_of_worship,mosque El Ghaba مسجد الغابة,مسجد الغابة,36.609458,4.8357798,200,200,True,Béjaïa,,,,,,
4937281666,place_of_worship,Djeddi Amejdoub,,36.4243151,4.827453,200,200,True,Bordj Bou Arréridj,,,,,,
4941715926,health_facility,عيادة سانكلو,عيادة سانكلو,36.9104234,7.7715291,20,20,False,Annaba,,,,,,
4947648224,health_facility,Polyclinique Les Brethren Tirouche,,36.319788,7.1612183,20,20,False,Guelma,,,,,,
4947648323,health_facility,HIKMA Cabinet de Group,,36.454249,7.4347033,20,20,False,Guelma,,,,,,
4957043421,school,متوسطة احمد سعدة خلخال,متوسطة احمد سعدة خلخال,36.2630826,6.5819284,300,300,True,Constantine,,,,,,
4957875921,health_facility,Policlinique Oued seguin,عيادة وادي سقان,36.1806292,6.3888851,20,20,False,Constantine,,,,,,
4958945823,health_facility,Rined,,36.8361919,6.9565463,20,20,False,Skikda,,,,,,
4964536622,school,متوسطة سعودي العيد,متوسطة سعودي العيد,36.047865,4.8195633,300,300,True,Bordj Bou Arréridj,,,,,,
4964809721,school,اكمالية بلوط الزاوش,اكمالية بلوط الزاوش,36.5721076,6.3445776,300,300,True,Mila,,,,,,
4964878821,school,ابتدائية محمد بولعسل,ابتدائية محمد بولعسل,36.5739926,6.3443424,300,300,True,Mila,,,,,,
4964889322,place_of_worship,دار الشباب حمالة,دار الشباب حمالة,36.5717386,6.337039,200,200,True,Mila,,,,,,
4964892021,school,Ecole hamala 2,,36.567937,6.3439319,300,300,True,Mila,,,,,,
4969143418,place_of_worship,,,36.8780576,7.0090225,200,200,True,Skikda,,,,,,
4969384021,health_facility,مركز الأمل للأرطفونيا والتوحد,مركز الأمل للأرطفونيا والتوحد,36.0732366,4.7629829,20,20,False,Bordj Bou Arréridj,,,,,,
4977202522,school,متوسطة مصطفى بن بو العيد,متوسطة مصطفى بن بو العيد,36.1134497,6.3537231,300,300,True,Constantine,,,,,,
4978247722,place_of_worship,المسجد القيوم,المسجد القيوم,36.8590154,7.5165486,200,200,True,Annaba,,,,,,
4985275221,school,مدرسة. بوزناد أحمد سالم,مدرسة. بوزناد أحمد سالم,36.1921776,5.4465879,300,300,True,Sétif,,,,,,
4987716434,place_of_worship,مسجد حذيفة بن اليمان,مسجد حذيفة بن اليمان,36.8659767,7.5155442,200,200,True,Annaba,,,,,,
4988794762,place_of_worship,مسجد الإحسان,مسجد الإحسان,36.008684,6.5705759,200,200,True,Constantine,,,,,,
5010048573,school,,,36.522667,4.5192571,300,300,True,Tizi Ouzou,,,,,,
5010048874,school,,,36.5077226,4.5234883,300,300,True,Tizi Ouzou,,,,,,
5014511721,school,متوسطة بندير محمد,متوسطة بندير محمد,36.8781295,7.7150884,300,300,True,Annaba,,,,,,
5017156002,place_of_worship,,,36.4439293,4.9682878,200,200,True,Béjaïa,,,,,,
5030557419,place_of_worship,مسجد الريان,مسجد الريان,36.2562906,6.5720612,200,200,True,Constantine,,,,,,
5030789459,health_facility,,,36.7798364,5.839241,20,20,False,Jijel,,,,,,
5030857742,school,,,36.3924035,4.6661994,300,300,True,Bordj Bou Arréridj,,,,,,
5042247916,place_of_worship,Omar El Mokhtar,,36.3629632,6.6454144,200,200,True,Constantine,,,,,,
5042266239,place_of_worship,,,36.2229169,6.677174,200,200,True,Constantine,,,,,,
5042296788,place_of_worship,,,36.1645612,6.1633204,200,200,True,Mila,,,,,,
5042296790,place_of_worship,,,36.1702912,6.1729493,200,200,True,Mila,,,,,,
5042296921,place_of_worship,مسجد بلال بن رباح,مسجد بلال بن رباح,36.3554715,6.6532257,200,200,True,Constantine,,,,,,
5042296937,place_of_worship,,,36.2298217,6.6820562,200,200,True,Constantine,,,,,,
5042296938,school,,,36.2255682,6.6776642,300,300,True,Constantine,,,,,,
5044177622,school,المدرسة القرآنية - الميلية,المدرسة القرآنية - الميلية,36.7519293,6.2770216,300,300,True,Mila,,,,,,
5044177625,fire_station,الحماية المدنية,الحماية المدنية,36.7506895,6.2756194,30,30,False,Mila,,,,,,
5044177633,school,إبتدائية الزهرة مريمش,إبتدائية الزهرة مريمش,36.754635,6.2784644,300,300,True,Mila,,,,,,
5044186122,health_facility,مصحة السلام,مصحة السلام,36.7521028,6.2763149,20,20,False,Mila,,,,,,
5046655809,health_facility,,,36.2667342,7.3986552,20,20,False,Guelma,,,,,,
5052194037,place_of_worship,,,36.4246016,5.6397447,200,200,True,Sétif,,,,,,
5052211005,place_of_worship,,,36.3878559,5.708466,200,200,True,Sétif,,,,,,
5052227818,place_of_worship,,,36.3856998,5.7353685,200,200,True,Sétif,,,,,,
5052912370,place_of_worship,,,36.4886219,5.6849575,200,200,True,Jijel,,,,,,
5053051585,place_of_worship,Mosquée Omar Ibn el Khattab,,36.3683163,5.5101553,200,200,True,Sétif,,,,,,
5053073191,place_of_worship,Mosquée Ali Ibn Abi Taleb,,36.3724022,5.5169949,200,200,True,Sétif,,,,,,
5053097435,place_of_worship,Mosquée Mohamed el Bachir el Ibrahimi,,36.364093,5.5027671,200,200,True,Sétif,,,,,,
5053220202,place_of_worship,,,36.3671238,5.4879761,200,200,True,Sétif,,,,,,
5053688290,place_of_worship,,,36.3530255,5.511373,200,200,True,Sétif,,,,,,
5053732701,place_of_worship,,,36.3814847,5.5957057,200,200,True,Sétif,,,,,,
5053902504,place_of_worship,,,36.389558,5.7096972,200,200,True,Sétif,,,,,,
5053955113,place_of_worship,,,36.3687883,5.7155401,200,200,True,Sétif,,,,,,
5058274623,school,إبتدائية بوشرمة محمد,إبتدائية بوشرمة محمد,36.1370385,7.533642,300,300,True,Guelma,,,,,,
5060667128,place_of_worship,مسجد الامام الطبري,مسجد الامام الطبري,36.8481225,7.4265396,200,200,True,Annaba,,,,,,
5067497521,school,متوسطة دوس الدراجي,متوسطة دوس الدراجي,36.0092545,5.7180082,300,300,True,Sétif,,,,,,
5067497621,school,Primaire khadraoui lakhder,,36.0083639,5.7192845,300,300,True,Sétif,,,,,,
5070933269,place_of_worship,,,36.6037109,4.7832677,200,200,True,Béjaïa,,,,,,
5070958771,place_of_worship,,,36.6075542,4.7814568,200,200,True,Béjaïa,,,,,,
5076514121,school,ابتدائية هذلي مبروك بن نوي,ابتدائية هذلي مبروك بن نوي,36.2583369,7.9474772,300,300,True,Souk Ahras,,,,,,
5077019221,emergency_shelter,,,36.1852931,8.1377193,150,150,True,Souk Ahras,,,,,,
5079875777,place_of_worship,Mosquée Bilal Ibn Rabah مسجد بلال بن رباح,مسجد بلال بن رباح,36.667923,5.1566313,200,200,True,Béjaïa,,,,,,
5081306821,health_facility,Centre medicale,Centre medicale,36.0083686,5.718825,20,20,False,Sétif,,,,,,
5088441938,place_of_worship,mosque Othmane Ibn Aafane مسجد عثمان بن عفان,مسجد عثمان بن عفان,36.6535868,5.1894837,200,200,True,Béjaïa,,,,,,
5098610947,fire_station,Protection civile,الحماية المدنية,36.7505977,5.0712258,30,30,False,Béjaïa,,,,,,
5099097522,school,متوسطة ابن سينا برحال,,36.8314912,7.4594436,300,300,True,Annaba,,,,,,
5099097721,school,المدرسة الإبتدائية عميرات حسين,,36.8308197,7.4605611,300,300,True,Annaba,,,,,,
5099862550,place_of_worship,Mosquée Sidi Sofi,مسجد سيدي صوفي,36.7550753,5.0818634,200,200,True,Béjaïa,,,,,,
5099884895,place_of_worship,,,36.756326,5.0818011,200,200,True,Béjaïa,,,,,,
5102464955,place_of_worship,Mosquée Abu Sufyan,مسجد أبو سفيان,36.7578425,5.0850766,200,200,True,Béjaïa,,,,,,
5102699721,health_facility,مركز علاج,مركز علاج,36.7093751,7.624491,20,20,False,Annaba,,,,,,
5105554423,school,CEM Frére Hamouda,,36.8986753,7.4241918,300,300,True,Annaba,,,,,,
5105826021,school,École secondaire,,36.5702686,6.3435032,300,300,True,Mila,,,,,,
5107558874,school,,,36.4636135,4.7166685,300,300,True,Bordj Bou Arréridj,,,,,,
5107558875,place_of_worship,,,36.4880593,4.6676971,200,200,True,Béjaïa,,,,,,
5107558876,school,,,36.4892536,4.6060485,300,300,True,Bordj Bou Arréridj,,,,,,
5108590048,school,École secondaire,,36.5225269,6.325724,300,300,True,Mila,,,,,,
5108596326,health_facility,,,36.5209888,6.3290014,100,100,False,Mila,,,,,,
5108596327,health_facility,,,36.5177243,6.3241531,20,20,False,Mila,,,,,,
5110103322,health_facility,Hôpital,,36.8338193,7.4603361,100,100,False,Annaba,,,,,,
5114343126,school,إبتدائية بوسجرة المولد,إبتدائية بوسجرة المولد,36.2450911,6.2812277,300,300,True,Mila,,,,,,
5114343128,school,إبتدائية حاج يوسف,إبتدائية حاج يوسف,36.2505843,6.2930892,300,300,True,Mila,,,,,,
5133562308,place_of_worship,,,36.6531445,4.5038453,200,200,True,Tizi Ouzou,,,,,,
5144393424,place_of_worship,,,36.4280129,6.3214613,200,200,True,Mila,,,,,,
5148612121,school,مدرسة لعلالي لخضر,مدرسة لعلالي لخضر,36.4299198,6.2608151,300,300,True,Mila,,,,,,
5171024823,school,متوسطة زغاد العمري خرازة,متوسطة زغاد العمري خرازة,36.8355552,7.6591806,300,300,True,Annaba,,,,,,
5172899121,health_facility,Hôpital bouteldja,,36.7891198,8.1954677,100,100,False,El Tarf,,,,,,
5176323921,school,Ecole Algérie Télécom,,36.3493389,6.6015753,300,300,True,Constantine,,,,,,
5187074822,school,مدرسة زيوط صالح,مدرسة زيوط صالح,36.3787301,7.7637126,300,300,True,Souk Ahras,,,,,,
5187144621,place_of_worship,مسجد حمزة بن عبد المطلب,مسجد حمزة بن عبد المطلب,36.3794705,7.7650644,200,200,True,Souk Ahras,,,,,,
5187160521,school,متوسطة فطايمية السعيد,متوسطة فطايمية السعيد,36.3796409,7.7676654,300,300,True,Souk Ahras,,,,,,
5194213152,place_of_worship,Mosques El Sounna,,36.071991,4.7825128,200,200,True,Bordj Bou Arréridj,,,,,,
5206864423,school,المدرسة الإبتدائية علي منجلي 16,المدرسة الإبتدائية علي منجلي 16,36.2624829,6.5888507,300,300,True,Constantine,,,,,,
5206864424,school,مدرسة اللغات الشروق,مدرسة اللغات الشروق,36.2648895,6.5864763,300,300,True,Constantine,,,,,,
5209287326,school,متوسطة علي منجلي 10,متوسطة علي منجلي 10,36.2604247,6.5887546,300,300,True,Constantine,,,,,,
5209300422,school,Lycée privée Merimeche,مدرسة مريمش الخاصة,36.2620113,6.5883146,300,300,True,Constantine,,,,,,
5213289021,place_of_worship,مسجد عمر إبن الخطاب- قلال-,مسجد عمر إبن الخطاب- قلال-,36.045815,5.3277529,200,200,True,Sétif,,,,,,
5222810622,school,Ecole primaire 5 juillet 1962,,36.8812004,6.8906683,300,300,True,Skikda,,,,,,
5222825322,school,École Primaire Ben Khoukha Fatima,,36.8817446,6.8936778,300,300,True,Skikda,,,,,,
5225614050,place_of_worship,,,36.569935,4.8524509,200,200,True,Béjaïa,,,,,,
5237548926,place_of_worship,مسجد أبو بكر الصديق,مسجد أبو بكر الصديق,36.3491531,6.2989157,200,200,True,Mila,,,,,,
5237548928,place_of_worship,مسجد الرحمٰن,مسجد الرحمٰن,37.037907,6.406075,200,200,True,Skikda,,,,,,
5238119986,place_of_worship,,,36.6483312,7.7796771,200,200,True,Annaba,,,,,,
5238120397,place_of_worship,,,36.6570686,7.750303,200,200,True,Annaba,,,,,,
5246368634,place_of_worship,,,36.182292,6.3862935,200,200,True,Constantine,,,,,,
5246387407,health_facility,,,36.1828549,6.3863753,100,100,False,Constantine,,,,,,
5246566771,school,مدرسة حي النسيم,مدرسة حي النسيم,36.1270523,6.3740051,300,300,True,Constantine,,,,,,
5247580319,place_of_worship,مسجدالمشتى,مسجدالمشتى,36.1733448,6.3307482,200,200,True,Mila,,,,,,
5247697546,school,مدرسة,مدرسة,36.1727454,6.3292328,300,300,True,Mila,,,,,,
5247714516,school,متوسطة تعليمية,متوسطة تعليمية,36.1834104,6.3892446,300,300,True,Constantine,,,,,,
5247743464,school,ثانوية,ثانوية,36.1869911,6.391208,300,300,True,Constantine,,,,,,
5247784154,school,مدرسة عرقوب الرجعي,مدرسة عرقوب الرجعي,36.1549563,6.3216825,300,300,True,Mila,,,,,,
5247793967,school,متوسطة الاخوة بلبل,متوسطة الاخوة بلبل,36.1200335,6.3561729,300,300,True,Constantine,,,,,,
5247861847,school,,,36.1268278,6.368318,300,300,True,Constantine,,,,,,
5249114691,place_of_worship,مسجد علي ابن ابي طالب,مسجد علي ابن ابي طالب,36.1745936,6.390499,200,200,True,Constantine,,,,,,
5250441672,place_of_worship,,,36.1366909,6.3688222,200,200,True,Constantine,,,,,,
5250650536,place_of_worship,,,36.1255202,6.2756378,200,200,True,Mila,,,,,,
5250651681,place_of_worship,,,36.1156751,6.337908,200,200,True,Constantine,,,,,,
5253093825,place_of_worship,عبد الله حمو عبدو,عبد الله حمو عبدو,36.1238009,6.370387,200,200,True,Constantine,,,,,,
5261606322,school,قوادمة السعيد,قوادمة السعيد,36.1693995,5.234174,300,300,True,Sétif,,,,,,
5267745441,school,CEM Iben Zeidoune,,36.653261,6.8282875,300,300,True,Skikda,,,,,,
5275265832,place_of_worship,القرابة,القرابة,36.1787592,6.3292468,200,200,True,Mila,,,,,,
5280614772,school,,,36.3574669,6.6120466,300,300,True,Constantine,8.4,54.0,2026-09-19T08:00,,,
5280789982,place_of_worship,,,36.352135,6.6142656,200,200,True,Constantine,8.4,54.0,2026-09-19T08:00,,,
5296090321,school,الكشافة الإسلامية الجزائرية فوج قدور طبيب,الكشافة الإسلامية الجزائرية فوج قدور طبيب,36.3366256,5.1807391,300,300,True,Sétif,10.1,55.0,2026-09-19T08:00,,,
5302585019,place_of_worship,,,36.7402943,7.1198282,200,200,True,Skikda,9.5,48.0,2026-09-19T08:00,,,
5314470570,place_of_worship,Amar Ben Yasser,عمار بن ياسر,36.0071444,5.717481,200,200,True,Sétif,8.2,54.0,2026-09-19T08:00,,,
5314478338,school,Ecole des frères Bougheda,,36.1350153,6.3636589,300,300,True,Constantine,7.8,54.0,2026-09-19T08:00,,,
5316203721,health_facility,les babors,,36.1978864,5.3956144,20,20,False,Sétif,9.6,55.0,2026-09-19T08:00,,,
5338666421,health_facility,,,36.37353,6.6183092,100,100,False,Constantine,8.4,54.0,2026-09-19T08:00,,,
5346420721,school,École APMA,,36.1886258,5.4294997,300,300,True,Sétif,9.4,55.0,2026-09-19T08:00,,,
5348883623,school,ثانوية شهداء الصراف تاجنانت - Licy lagdim,شهداء الصراف,36.1157774,5.9913673,300,300,True,Mila,8.1,54.0,2026-09-19T08:00,,,
5354484770,place_of_worship,,,36.1638882,5.3897406,200,200,True,Sétif,9.6,55.0,2026-09-19T08:00,,,
5354486836,place_of_worship,مسجد عصمان عبد القادر,,36.0131904,5.3656832,200,200,True,Sétif,9.1,55.0,2026-09-19T08:00,,,
5362491246,place_of_worship,,,36.3167556,6.8302895,200,200,True,Constantine,7.2,51.0,2026-09-19T08:00,,,
5362491247,place_of_worship,,,36.318215,6.8382439,200,200,True,Constantine,7.2,51.0,2026-09-19T08:00,,,
5366299947,place_of_worship,,,36.3604074,6.6371066,200,200,True,Constantine,8.4,54.0,2026-09-19T08:00,,,
5372308823,school,ابتدائية جندي علي,ابتدائية جندي علي,36.7280785,7.8945064,300,300,True,Annaba,8.1,47.0,2026-09-19T08:00,,,
5372310624,place_of_worship,مسجد الامير عبد القادر,مسجد الامير عبد القادر,36.7271292,7.8963996,200,200,True,Annaba,8.1,47.0,2026-09-19T08:00,,,
5372310625,school,ابتدائية بوجدرة علي,ابتدائية بوجدرة علي,36.7294391,7.8924485,300,300,True,Annaba,8.1,47.0,2026-09-19T08:00,,,
5372322721,school,متوسطة جندي علي,متوسطة جندي علي,36.7295165,7.8911434,300,300,True,Annaba,8.1,47.0,2026-09-19T08:00,,,
5373744134,school,Ecole primaire Akhenak,,36.5534752,4.858626,300,300,True,Béjaïa,12.8,53.0,2026-09-19T08:00,,,
5378821856,place_of_worship,مسجد الأبرار,مسجد الأبرار,36.2527126,6.588024,200,200,True,Constantine,9.6,53.0,2026-09-19T08:00,,,
5403486730,school,École privée EL HOUDA,,36.1864364,5.4199415,300,300,True,Sétif,9.4,55.0,2026-09-19T08:00,,,
5417590700,health_facility,Hôpital Psychiatrique,,36.8156549,5.7651341,100,100,False,Jijel,11.9,50.0,2026-09-19T08:00,,,
5422656200,place_of_worship,مسجد عمر بن الخطاب,مسجد عمر بن الخطاب,36.4782382,6.0078124,200,200,True,Mila,10.1,52.0,2026-09-19T08:00,,,
5422683861,school,مدرسة الإخوة جوامبي,مدرسة الإخوة جوامبي,36.4837799,6.0054875,300,300,True,Mila,10.1,52.0,2026-09-19T08:00,,,
5422783644,school,,,36.47217,5.9716197,300,300,True,Mila,10.5,52.0,2026-09-19T08:00,,,
5428923136,school,متوسطة الخنساء,متوسطة الخنساء,36.2708462,6.6942043,300,300,True,Constantine,9.6,53.0,2026-09-19T08:00,,,
5433807622,health_facility,Clinique d'hémodialyse,,36.3417294,6.6414651,20,20,False,Constantine,8.4,54.0,2026-09-19T08:00,,,
5460607222,school,متوسطة أحمد حميميد,متوسطة أحمد حميميد,36.2545033,6.5835312,300,300,True,Constantine,9.6,53.0,2026-09-19T08:00,,,
5463887123,health_facility,مصحة النخيل,مصحة النخيل,36.2598329,6.5998605,20,20,False,Constantine,9.6,53.0,2026-09-19T08:00,,,
5464755456,place_of_worship,,,36.8859411,7.7117799,200,200,True,Annaba,9.9,48.0,2026-09-19T08:00,,,
5478678421,place_of_worship,مسجد أحد,مسجد أحد,36.9161323,7.7607229,200,200,True,Annaba,8.3,42.0,2026-09-19T08:00,,,
5478909002,place_of_worship,,,36.1671711,5.2056429,200,200,True,Sétif,9.8,55.0,2026-09-19T08:00,,,
5491455121,school,معهد المستقبل أشغال عمومية,معهد المستقبل أشغال عمومية,36.3565995,6.630562,300,300,True,Constantine,8.4,54.0,2026-09-19T08:00,,,
5492986227,school,Primaire Brahimi Omar,,36.1559316,5.6702586,300,300,True,Sétif,8.6,55.0,2026-09-19T08:00,,,
5493154422,school,Crèche Al islah,,36.1510626,5.6802567,300,300,True,Sétif,8.6,55.0,2026-09-19T08:00,,,
5493191521,health_facility,Clinique Zamit,,36.1526541,5.6724832,20,20,False,Sétif,8.6,55.0,2026-09-19T08:00,,,
5493191522,school,Crèche Al islah,,36.1515124,5.6717545,300,300,True,Sétif,8.6,55.0,2026-09-19T08:00,,,
5494765121,school,Primaire Karaoui,,36.1492233,5.6932679,300,300,True,Sétif,8.6,55.0,2026-09-19T08:00,,,
5515809522,school,Lycée Dardar Bouzid,,36.1614397,5.6704487,300,300,True,Sétif,8.6,55.0,2026-09-19T08:00,,,
5531599403,place_of_worship,جامع الحبيب بن زيد,جامع الحبيب بن زيد,36.5253557,8.4543065,200,200,True,El Tarf,9.3,51.0,2026-09-19T08:00,,,
5543371124,school,مدرسة سلمان عبد الحميد,مدرسة سلمان عبد الحميد,36.1928927,5.4371475,300,300,True,Sétif,9.4,55.0,2026-09-19T08:00,,,
5588995731,place_of_worship,,,36.0681823,6.8140582,200,200,True,Oum El Bouaghi,8.2,51.0,2026-09-19T08:00,,,
5590779423,school,École moyenne,,36.4147509,5.942385,300,300,True,Mila,10.5,52.0,2026-09-19T08:00,,,
5590779424,school,École primaire,,36.4118431,5.9381098,300,300,True,Mila,10.5,52.0,2026-09-19T08:00,,,
5591921821,health_facility,Oued achalal,وادي الشلال,36.758808,5.0817569,100,100,False,Béjaïa,10.8,48.0,2026-09-19T08:00,,,
5591979922,fire_station,الحماية المدنية,الحماية المدنية,36.8670227,6.9015329,30,30,False,Skikda,12.4,51.0,2026-09-19T08:00,,,
5592038525,fire_station,الحماية المدنية بئر العرش,الحماية المدنية بئر العرش,36.130679,5.8375894,30,30,False,Sétif,8.3,54.0,2026-09-19T08:00,,,
5592038528,health_facility,عيادة متعددة الخدمات,عيادة متعددة الخدمات,36.1314703,5.8378511,20,20,False,Sétif,8.3,54.0,2026-09-19T08:00,,,
5595885623,health_facility,عيادة متعددة الخدمات,عيادة متعددة الخدمات,36.8229368,5.955823,20,20,False,Jijel,9.8,49.0,2026-09-19T08:00,,,
5599806364,school,Ziane Khodja Mohamed,,36.5794542,4.6519721,300,300,True,Béjaïa,12.0,53.0,2026-09-19T08:00,,,
5600656937,place_of_worship,,,36.1436668,5.3264004,200,200,True,Sétif,9.6,55.0,2026-09-19T08:00,,,
5615046921,place_of_worship,مسجد حذيفة ابن اليمان,مسجد حذيفة ابن اليمان,36.2919564,7.9810637,200,200,True,Souk Ahras,8.5,51.0,2026-09-19T08:00,,,
5615046922,school,متوسطة مفدي زكرياء,متوسطة مفدي زكرياء,36.2903649,7.9805504,300,300,True,Souk Ahras,8.5,51.0,2026-09-19T08:00,,,
5615074622,school,ثانوية حاجي حسين,ثانوية حاجي حسين,36.2870715,7.9811225,300,300,True,Souk Ahras,8.5,51.0,2026-09-19T08:00,,,
5617484024,place_of_worship,مسجد النور,مسجد النور,36.5692197,5.9843312,200,200,True,Mila,9.4,51.0,2026-09-19T08:00,,,
5621045023,school,ابتدائية شلبي حسين,ابتدائية شلبي حسين,36.2880212,7.9829256,300,300,True,Souk Ahras,8.5,51.0,2026-09-19T08:00,,,
5631327755,place_of_worship,,,36.767476,4.9644122,200,200,True,Béjaïa,10.6,46.0,2026-09-19T08:00,,,
5636072745,school,École primaire,,36.5390222,4.5865077,300,300,True,Béjaïa,13.4,53.0,2026-09-19T08:00,,,
5643982619,school,,,36.5206631,4.5600955,300,300,True,Tizi Ouzou,13.4,53.0,2026-09-19T08:00,,,
5644028493,place_of_worship,مسجد ثيملييوين,مسجد ثيملييوين,36.5544884,4.5415765,200,200,True,Tizi Ouzou,13.4,53.0,2026-09-19T08:00,,,
5644552302,emergency_shelter,,,36.6144762,4.6978789,150,150,True,Béjaïa,12.8,51.0,2026-09-19T08:00,,,
5644553364,emergency_shelter,,,36.6142843,4.6978874,150,150,True,Béjaïa,12.8,51.0,2026-09-19T08:00,,,
5650006391,place_of_worship,mosque Tigharmine مسجد ثيغرمين,مسجد ثيغرمين,36.4621632,4.6552487,200,200,True,Bordj Bou Arréridj,14.4,54.0,2026-09-19T08:00,,,
5650137011,place_of_worship,,,36.6039564,4.7584495,200,200,True,Béjaïa,11.7,51.0,2026-09-19T08:00,,,
5651780674,school,Lycée Ammar Boudjellal Mebarek,,36.131642,4.6655897,300,300,True,Bordj Bou Arréridj,9.8,55.0,2026-09-19T08:00,,,
5651780711,place_of_worship,,,36.1306944,4.6647355,200,200,True,Bordj Bou Arréridj,9.8,55.0,2026-09-19T08:00,,,
5651784421,school,,,36.1303094,4.6642161,300,300,True,Bordj Bou Arréridj,9.8,55.0,2026-09-19T08:00,,,
5651816040,school,,,36.1322764,4.6766836,300,300,True,Bordj Bou Arréridj,9.8,55.0,2026-09-19T08:00,,,
5652228276,place_of_worship,,,36.2694224,4.7062475,200,200,True,Bordj Bou Arréridj,11.1,55.0,2026-09-19T08:00,,,
5652228290,school,,,36.2665749,4.7032724,300,300,True,Bordj Bou Arréridj,11.1,55.0,2026-09-19T08:00,,,
5652228291,school,,,36.2677366,4.7040424,300,300,True,Bordj Bou Arréridj,11.1,55.0,2026-09-19T08:00,,,
5653726003,school,,,36.0139104,7.1971299,300,300,True,Oum El Bouaghi,8.2,52.0,2026-09-19T08:00,,,
5653800772,school,,,36.2210262,4.7695964,300,300,True,Bordj Bou Arréridj,11.1,55.0,2026-09-19T08:00,,,
5653800773,school,,,36.2209898,4.7705167,300,300,True,Bordj Bou Arréridj,11.1,55.0,2026-09-19T08:00,,,
5653950978,place_of_worship,Mosquée El Mokrani مسجد المقراني,مسجد المقراني,36.2965712,4.5858382,200,200,True,Bordj Bou Arréridj,11.2,55.0,2026-09-19T08:00,,,
5654025657,school,,,36.3769132,4.6241984,300,300,True,Bordj Bou Arréridj,11.7,54.0,2026-09-19T08:00,,,
5654082699,school,Ecole Primaire Taourirt,,36.5981128,4.6313536,300,300,True,Béjaïa,12.0,53.0,2026-09-19T08:00,,,
5654255322,school,,,36.7392806,4.926635,300,300,True,Béjaïa,10.6,46.0,2026-09-19T08:00,,,
5659072953,school,Ecole Frères Baza,,36.3686657,5.5092565,300,300,True,Sétif,9.1,54.0,2026-09-19T08:00,,,
5663813492,school,Lycée de Timezrit,,36.6189543,4.7748449,300,300,True,Béjaïa,11.7,51.0,2026-09-19T08:00,,,
5683356831,school,,,36.4848939,4.7992104,300,300,True,Béjaïa,12.2,54.0,2026-09-19T08:00,,,
5683382268,place_of_worship,mosque chouhada Trouna مسجد الشهداء ترونة,مسجد الشهداء ترونة,36.5085483,4.7523585,200,200,True,Béjaïa,13.7,53.0,2026-09-19T08:00,,,
5711528120,place_of_worship,,,36.9290973,6.3155189,200,200,True,Jijel,8.8,42.0,2026-09-19T08:00,,,
5715423410,place_of_worship,,,36.2003163,6.5035769,200,200,True,Constantine,9.6,53.0,2026-09-19T08:00,,,
5715580940,place_of_worship,Mosquée Al Forqan,مسجد الفرقان,36.253085,6.2829881,200,200,True,Mila,8.4,52.0,2026-09-19T08:00,,,
5723869522,school,Travaux public,,36.2592911,6.6064223,300,300,True,Constantine,9.6,53.0,2026-09-19T08:00,,,
5727901922,health_facility,Gynécologue Nabeti,,36.1758928,5.4074347,20,20,False,Sétif,9.4,55.0,2026-09-19T08:00,,,
5731961680,place_of_worship,مسجد عبد الله ابن مسعود,مسجد عبد الله ابن مسعود,36.1339556,7.5295479,200,200,True,Guelma,8.2,51.0,2026-09-19T08:00,,,
5785128353,health_facility,مركز بوشيحة للطب البديل و العناية الجسدية,مركز بوشيحة للطب البديل و العناية الجسدية,36.4301408,6.1192191,20,20,False,Mila,10.9,53.0,2026-09-19T08:00,,,
5790301263,place_of_worship,,,36.3401298,6.6557067,200,200,True,Constantine,8.4,54.0,2026-09-19T08:00,,,
5792260354,school,Primaire cité des pins,,36.4624353,4.5400857,300,300,True,Bordj Bou Arréridj,15.0,54.0,2026-09-19T08:00,,,
5799181742,place_of_worship,مسجد ابي يكر الصديق,,36.7059265,6.8086777,200,200,True,Skikda,8.3,50.0,2026-09-19T08:00,,,
5801628655,health_facility,مصحة إبن النفيس,مصحة إبن النفيس,36.8815095,7.7359349,20,20,False,Annaba,9.9,48.0,2026-09-19T08:00,,,
5801638153,school,مدرسة ابتدائية لبعل عبد السلام,مدرسة ابتدائية لبعل عبد السلام,36.8832715,7.7251991,300,300,True,Annaba,9.9,48.0,2026-09-19T08:00,,,
5801638253,place_of_worship,مسجد القدس,مسجد القدس,36.8821538,7.7247147,200,200,True,Annaba,9.9,48.0,2026-09-19T08:00,,,
5801638353,health_facility,مصحة العالية,مصحة العالية,36.9019745,7.7300032,20,20,False,Annaba,8.3,42.0,2026-09-19T08:00,,,
5808660055,health_facility,المركز الصحي المنكوبين,المركز الصحي المنكوبين,36.163683,5.694079,100,100,False,Sétif,8.6,55.0,2026-09-19T08:00,,,
5816114367,place_of_worship,Eglise Saint-André,,37.0053961,6.5686787,200,200,True,Skikda,7.8,39.0,2026-09-19T08:00,,,
5818469853,health_facility,مستشفى ابن سينا,مستشفى ابن سينا,36.9042439,7.7667381,100,100,False,Annaba,8.3,42.0,2026-09-19T08:00,,,
5819133254,school,Ecole Boudjahem Hacène,مدرسة بوجاهم حسن,36.4660197,7.4611076,300,300,True,Guelma,10.1,51.0,2026-09-19T08:00,,,
5820508274,place_of_worship,,,36.8536353,6.9754425,200,200,True,Skikda,12.4,51.0,2026-09-19T08:00,,,
5827569918,place_of_worship,,,36.3137826,7.1588648,200,200,True,Guelma,9.6,51.0,2026-09-19T08:00,,,
5856192385,school,,,36.6324076,4.6146708,300,300,True,Béjaïa,12.8,51.0,2026-09-19T08:00,,,
5856205486,school,الحرية,الحرية,36.1596498,6.1686941,300,300,True,Mila,8.0,54.0,2026-09-19T08:00,,,
5864503085,health_facility,المؤسسة العمومية للصحة الجوارية,المؤسسة العمومية للصحة الجوارية مرزوق إبراهيم,36.7556529,8.3225196,20,20,False,El Tarf,7.8,48.0,2026-09-19T08:00,,,
5884940986,health_facility,,,36.4936234,5.2769298,20,20,False,Béjaïa,9.6,54.0,2026-09-19T08:00,,,
5889185885,health_facility,Consultation psychiatrique externe - Chihani Bachir,,36.3741467,6.625348,100,100,False,Constantine,8.4,54.0,2026-09-19T08:00,,,
5894376488,school,école primaire,مدرسة ابتدائية,36.8349229,6.545743,300,300,True,Skikda,7.5,45.0,2026-09-19T08:00,,,
5904243345,fire_station,وحدة الحماية المدنية الشهيد بوسطلة عمر,وحدة الحماية المدنية الشهيد بوسطلة عمر,36.8044602,7.70961,30,30,False,Annaba,9.9,48.0,2026-09-19T08:00,,,
5908377672,school,مدرسة,مدرسة,36.3036427,5.6144591,300,300,True,Sétif,9.1,54.0,2026-09-19T08:00,,,
5908398814,place_of_worship,mosque boutouil,,36.3077373,5.6149214,200,200,True,Sétif,9.1,54.0,2026-09-19T08:00,,,
5910098585,school,مدرسة إبتدائية,مدرسة إبتدائية,36.129992,5.8387695,300,300,True,Sétif,8.3,54.0,2026-09-19T08:00,,,
5910159387,place_of_worship,mosque abu dar el ghifari,مسجد ابي ذر الغفاري,36.1304297,5.8438111,200,200,True,Sétif,8.3,54.0,2026-09-19T08:00,,,
5913754485,health_facility,عيادة متعددة الخدمات الصحية محفوظي العمري,عيادة متعددة الخدمات الصحية محفوظي العمري,36.1304673,5.0795389,100,100,False,Bordj Bou Arréridj,11.0,55.0,2026-09-19T08:00,,,
5916146186,place_of_worship,مسجد عمر بن الخطاب,مسجد عمر بن الخطاب,36.5096259,8.0996239,200,200,True,Souk Ahras,8.6,50.0,2026-09-19T08:00,,,
5941505098,school,École primaire Tizi el Had,,36.613322,4.8983118,300,300,True,Béjaïa,12.6,52.0,2026-09-19T08:00,,,
5959286086,place_of_worship,,,36.5698416,7.3806258,200,200,True,Guelma,11.9,52.0,2026-09-19T08:00,,,
5962222545,place_of_worship,,,36.7062428,7.3089438,200,200,True,Guelma,9.7,51.0,2026-09-19T08:00,,,
5962505749,place_of_worship,Mosquee مسجد الامام البخاري,,36.7020285,7.3030932,200,200,True,Guelma,9.7,51.0,2026-09-19T08:00,,,
5962505750,place_of_worship,مسجد المحسنين,,36.6986113,7.3071665,200,200,True,Guelma,9.2,50.0,2026-09-19T08:00,,,
5970440672,place_of_worship,,,36.7346722,7.317948,200,200,True,Guelma,9.7,51.0,2026-09-19T08:00,,,
5973600187,school,École Rabah Cherif,,36.4382048,4.9273214,300,300,True,Béjaïa,10.6,54.0,2026-09-19T08:00,,,
5981723199,place_of_worship,مسجد صلاح الدين الايوبي,,36.5909517,7.3274826,200,200,True,Guelma,11.9,52.0,2026-09-19T08:00,,,
5999943586,health_facility,عيادة خاصة بوكرو,عيادة خاصة بوكرو,36.3019232,6.6247627,20,20,False,Constantine,8.4,54.0,2026-09-19T08:00,,,
6010299086,school,متوسطة قليل سعد,متوسطة قليل سعد,36.2526012,6.5720864,300,300,True,Constantine,9.6,53.0,2026-09-19T08:00,,,
6020427885,school,طيبي العمري,طيبي العمري,36.066163,5.4875331,300,300,True,Sétif,9.1,55.0,2026-09-19T08:00,,,
6032726287,school,"المدرسة اﻹبتدائية "" اﻹخوة جاووت""",,36.861525,4.5174124,300,300,True,Tizi Ouzou,8.6,43.0,2026-09-19T08:00,,,
6042199946,place_of_worship,,,36.1730928,4.8265332,200,200,True,Bordj Bou Arréridj,11.6,55.0,2026-09-19T08:00,,,
6042201046,place_of_worship,,,36.1910141,4.8222631,200,200,True,Bordj Bou Arréridj,11.6,55.0,2026-09-19T08:00,,,
6042217849,place_of_worship,,,36.2098532,4.8005855,200,200,True,Bordj Bou Arréridj,11.5,55.0,2026-09-19T08:00,,,
6042217866,place_of_worship,,,36.2174404,4.7890735,200,200,True,Bordj Bou Arréridj,11.1,55.0,2026-09-19T08:00,,,
6042471140,place_of_worship,,,36.2331535,4.8583335,200,200,True,Bordj Bou Arréridj,11.5,55.0,2026-09-19T08:00,,,
6042484939,place_of_worship,,,36.1932675,4.8611498,200,200,True,Bordj Bou Arréridj,11.6,55.0,2026-09-19T08:00,,,
6042498959,place_of_worship,,,36.1840652,4.8776936,200,200,True,Bordj Bou Arréridj,11.6,55.0,2026-09-19T08:00,,,
6044549213,place_of_worship,,,36.1544094,4.9832439,200,200,True,Bordj Bou Arréridj,11.3,56.0,2026-09-19T08:00,,,
6044615064,place_of_worship,,,36.1833009,4.9367613,200,200,True,Bordj Bou Arréridj,11.3,56.0,2026-09-19T08:00,,,
6044615923,place_of_worship,,,36.2180637,4.9678051,200,200,True,Bordj Bou Arréridj,11.1,55.0,2026-09-19T08:00,,,
6049821990,place_of_worship,,,36.1968802,4.9456662,200,200,True,Bordj Bou Arréridj,11.3,56.0,2026-09-19T08:00,,,
6049963667,place_of_worship,,,36.1820431,4.9041295,200,200,True,Bordj Bou Arréridj,11.3,56.0,2026-09-19T08:00,,,
6050905899,place_of_worship,Sidi Yahya,,36.1224415,4.5323539,200,200,True,Bordj Bou Arréridj,9.8,55.0,2026-09-19T08:00,,,
6051030225,place_of_worship,,,36.0308698,4.6089256,200,200,True,Bordj Bou Arréridj,9.8,56.0,2026-09-19T08:00,,,
6051544520,place_of_worship,,,36.1198611,4.6408036,200,200,True,Bordj Bou Arréridj,9.8,55.0,2026-09-19T08:00,,,
6052911586,health_facility,الحكيمة بوعروج,الحكيمة بوعروج,36.4482963,6.2648324,100,100,False,Mila,10.6,54.0,2026-09-19T08:00,,,
6055674610,place_of_worship,,,36.0902873,5.0038111,200,200,True,Bordj Bou Arréridj,10.7,55.0,2026-09-19T08:00,,,
6055727673,place_of_worship,,,36.1046064,4.9934739,200,200,True,Bordj Bou Arréridj,11.3,56.0,2026-09-19T08:00,,,
6072986291,school,,,36.8759915,7.7384337,300,300,True,Annaba,9.9,48.0,2026-09-19T08:00,,,
6072986292,school,,,36.8756531,7.7327339,300,300,True,Annaba,9.9,48.0,2026-09-19T08:00,,,
6072986303,school,CEM Brari Lekhmissi,,36.8717937,7.72683,300,300,True,Annaba,9.9,48.0,2026-09-19T08:00,,,
6072986317,school,CEM,,36.842364,7.7380639,300,300,True,Annaba,9.9,48.0,2026-09-19T08:00,,,
6072986318,school,Primaire,,36.8422364,7.7391026,300,300,True,Annaba,9.9,48.0,2026-09-19T08:00,,,
6073007985,health_facility,Centre de la toxicomanie,,36.8747338,7.7322737,20,20,False,Annaba,9.9,48.0,2026-09-19T08:00,,,
6073009786,school,Lycée Djlamda Med,,36.8751331,7.7393943,300,300,True,Annaba,9.9,48.0,2026-09-19T08:00,,,
6073010191,school,Lycée,,36.8421172,7.7400413,300,300,True,Annaba,9.9,48.0,2026-09-19T08:00,,,
6095542485,health_facility,المركز الصحي الاجتماعي,,36.8447836,6.9329197,20,20,False,Skikda,12.4,51.0,2026-09-19T08:00,,,
6098181885,school,متوسطة قريبة رابح,متوسطة قريبة رابح,36.2594986,6.6001244,300,300,True,Constantine,9.6,53.0,2026-09-19T08:00,,,
6123945886,school,مدرسة الشهيد تعابني احمد الابتدائية,مدرسة الشهيد تعابني احمد الابتدائية,36.8264886,6.8881123,300,300,True,Skikda,11.4,48.0,2026-09-19T08:00,,,
6123968486,school,متوسطة عبد الحميد بن باديس,,36.8284053,6.8878388,300,300,True,Skikda,11.4,48.0,2026-09-19T08:00,,,
6137471885,place_of_worship,مسجد الامام الشافعي,مسجد الامام الشافعي,36.1556092,5.6687794,200,200,True,Sétif,8.6,55.0,2026-09-19T08:00,,,
6143496090,school,مدرسة ابتدائية,مدرسة ابتدائية,36.764291,8.3280368,300,300,True,El Tarf,7.8,48.0,2026-09-19T08:00,,,
6143496093,school,إبتدائية,إبتدائية عباسي الهادي,36.7591594,8.3439657,300,300,True,El Tarf,7.8,48.0,2026-09-19T08:00,,,
6143498899,school,متوسطة,متوسطة,36.8047711,8.3318691,300,300,True,El Tarf,9.2,45.0,2026-09-19T08:00,,,
6143543689,school,متوسطة تريدي علي المدعو المقدم,متوسطة,36.7581226,8.3304354,300,300,True,El Tarf,7.8,48.0,2026-09-19T08:00,,,
6143543989,school,مدرسة ابتدائية,مدرسة ابتدائية,36.7665962,8.3151324,300,300,True,El Tarf,7.8,48.0,2026-09-19T08:00,,,
6149406185,school,المدرسة الإبتدائية أول نوفمبر 1954,المدرسة الإبتدائية أول نوفمبر 1954,36.1279117,6.7877426,300,300,True,Constantine,8.6,52.0,2026-09-19T08:00,,,
6161808187,school,إكمالية جفال التركي,إكمالية جفال التركي,36.7841393,8.3827961,300,300,True,El Tarf,7.8,48.0,2026-09-19T08:00,,,
6161811486,school,مدرسة زعطوط نوار عين العسل,مدرسة زعطوط نوار عين العسل,36.7831654,8.3808221,300,300,True,El Tarf,7.8,48.0,2026-09-19T08:00,,,
6161811487,place_of_worship,مسجد سعد بن زرارة,مسجد سعد بن زرارة البفة,36.7791543,8.3796593,200,200,True,El Tarf,7.8,48.0,2026-09-19T08:00,,,
6161811488,school,مدرسة عقاب مبارك,مدرسة عقاب مبارك,36.7845079,8.3819127,300,300,True,El Tarf,7.8,48.0,2026-09-19T08:00,,,
6166028485,school,مدرسة إبتدائية خاصة,مدرسة إبتدائية خاصة,36.0716895,4.7621626,300,300,True,Bordj Bou Arréridj,10.4,56.0,2026-09-19T08:00,,,
6184987286,school,EP Ben Si Khaled Md Ouali,,36.4550983,4.6848313,300,300,True,Bordj Bou Arréridj,14.4,54.0,2026-09-19T08:00,,,
6186630906,place_of_worship,,,36.5001102,4.5142211,200,200,True,Tizi Ouzou,13.4,53.0,2026-09-19T08:00,,,
6198921685,place_of_worship,,,36.8826243,7.728433,200,200,True,Annaba,9.9,48.0,2026-09-19T08:00,,,
6225730748,place_of_worship,,,36.8536085,7.6837349,200,200,True,Annaba,10.1,46.0,2026-09-19T08:00,,,
6225747272,place_of_worship,,,36.8360482,7.6605928,200,200,True,Annaba,10.1,46.0,2026-09-19T08:00,,,
6228190613,place_of_worship,مسجد السنة,مسجد السنة,36.2690788,6.5762591,200,200,True,Constantine,9.6,53.0,2026-09-19T08:00,,,
6240289685,school,CEM UV 18,,36.2386636,6.5617587,300,300,True,Constantine,9.6,53.0,2026-09-19T08:00,,,
6253634288,health_facility,مصحة حجر الديس,مصحة حجر الديس,36.7896691,7.6126264,20,20,False,Annaba,10.1,50.0,2026-09-19T08:00,,,
6253636186,school,مدرسة الأمير عبد القادر,,36.7909634,7.6109996,300,300,True,Annaba,10.1,50.0,2026-09-19T08:00,,,
6256796285,school,مدرسة مدني مولود,مدرسة مدني مولود,36.4556385,6.050184,300,300,True,Mila,10.1,52.0,2026-09-19T08:00,,,
6256796286,school,مدرسة بن حمادة المختار,مدرسة بن حمادة المختار,36.4908182,5.9863699,300,300,True,Mila,10.5,52.0,2026-09-19T08:00,,,
6256796287,school,مدرسة بن خليفة عبد المجيد,مدرسة بن خليفة عبد المجيد,36.4564458,6.0320129,300,300,True,Mila,10.1,52.0,2026-09-19T08:00,,,
6260440785,school,مدرسة مقراني احمد,مدرسة مقراني احمد,36.4593447,6.0267032,300,300,True,Mila,10.1,52.0,2026-09-19T08:00,,,
6260809385,school,مدرسة الإخوة طوبال,مدرسة الإخوة طوبال,36.4719905,6.0184889,300,300,True,Mila,10.1,52.0,2026-09-19T08:00,,,
6260832587,school,مدرسة شتال محمد الطاهر,مدرسة شتال محمد الطاهر,36.4867776,6.0344135,300,300,True,Mila,10.1,52.0,2026-09-19T08:00,,,
6260832588,school,مدرسة بلواجد الطاهر,مدرسة بلواجد الطاهر,36.5291304,5.9357281,300,300,True,Mila,9.4,51.0,2026-09-19T08:00,,,
6260837685,school,مدرسة شحدان عبد المجيد,مدرسة شحدان عبد المجيد,36.4744479,6.0038436,300,300,True,Mila,10.1,52.0,2026-09-19T08:00,,,
6261924314,school,École Kihel Bouziane,,36.4905734,5.9538282,300,300,True,Mila,10.5,52.0,2026-09-19T08:00,,,
6261927180,school,Benhammada Mokhtar,,36.490827,5.9863602,300,300,True,Mila,10.5,52.0,2026-09-19T08:00,,,
6261931139,school,Boulmdaoued Larbi,,36.5059968,5.9560206,300,300,True,Mila,9.4,51.0,2026-09-19T08:00,,,
6261933048,school,École frères Nouioua,,36.5042326,5.9385,300,300,True,Mila,9.4,51.0,2026-09-19T08:00,,,
6261936002,school,École Khenniou Ahmed,,36.4859593,5.9261599,300,300,True,Mila,10.5,52.0,2026-09-19T08:00,,,
6266241553,place_of_worship,Masjid Bir Stal,,36.6636764,6.825727,200,200,True,Skikda,9.1,50.0,2026-09-19T08:00,,,
6289192423,place_of_worship,Sidi Amar Boucena,,36.6002914,7.5829788,200,200,True,Guelma,8.6,48.0,2026-09-19T08:00,,,
6289192424,place_of_worship,Sidi Boudiaf,,36.6292909,7.5594693,200,200,True,Guelma,8.6,48.0,2026-09-19T08:00,,,
6322035087,health_facility,Cms constantine,,36.3636809,6.6291689,20,20,False,Constantine,8.4,54.0,2026-09-19T08:00,,,
6322036285,health_facility,الدكتور بركات للتشريح وعلم الأمراض,الدكتور بركات للتشريح وعلم الأمراض,36.3550638,6.6375808,20,20,False,Constantine,8.4,54.0,2026-09-19T08:00,,,
6355906489,health_facility,Clinique Les Lilas,عيادة الليلا,36.733704,5.0532467,20,20,False,Béjaïa,10.8,48.0,2026-09-19T08:00,,,
6356625885,health_facility,طبيبة النساء العجري زوجة عبد الرحيم,طبيبة النساء العجري زوجة عبد الرحيم,36.0681814,4.7719765,20,20,False,Bordj Bou Arréridj,10.4,56.0,2026-09-19T08:00,,,
6404974787,health_facility,مخبر ابن النفيس للتحاليل الطبية,مخبر ابن النفيس للتحاليل الطبية,36.0681852,4.7730495,20,20,False,Bordj Bou Arréridj,10.4,56.0,2026-09-19T08:00,,,
6419249385,health_facility,,,36.1191764,5.5362567,20,20,False,Sétif,8.7,55.0,2026-09-19T08:00,,,
6426501899,place_of_worship,,,36.6403605,5.3671592,200,200,True,Béjaïa,12.4,51.0,2026-09-19T08:00,,,
6426699285,school,Aɣerbaz n teqcicin Meqqrani Lɛerbi,مدرسة البنات مقراني رشيد,36.6094874,4.6690337,300,300,True,Béjaïa,12.8,51.0,2026-09-19T08:00,,,
6444000985,health_facility,Service de Contrôle de la Tuberculose et des Maladies Respiratoires;مصلحة مكافحة السل والأمراض التنفسية,مصلحة مكافحة السل والأمراض التنفسية,36.190262,5.402921,20,20,False,Sétif,9.4,55.0,2026-09-19T08:00,,,
6457978901,health_facility,Beausejour,,36.7576419,5.0855632,20,20,False,Béjaïa,10.8,48.0,2026-09-19T08:00,,,
6467722956,fire_station,Unité de Protection civile 1021,الحماية المدنية 1021,36.6301842,5.3336102,30,30,False,Béjaïa,12.4,51.0,2026-09-19T08:00,,,
6532824843,place_of_worship,مسجد أوقاس,مسجد أوقاس,36.6358778,5.2418451,200,200,True,Béjaïa,12.7,51.0,2026-09-19T08:00,,,
6533473288,school,ثانوية شوشان عبد الباقي,ثانوية شوشان عبد الباقي,36.1316737,6.1483343,300,300,True,Mila,8.0,54.0,2026-09-19T08:00,,,
6536033685,school,ثانوية شماشمة علي,ثانوية شماشمة علي,36.2634199,6.4905465,300,300,True,Constantine,9.2,53.0,2026-09-19T08:00,,,
6538049479,place_of_worship,مسجد تازروت,مسجد تازروت,36.5806529,5.2652052,200,200,True,Béjaïa,11.1,53.0,2026-09-19T08:00,,,
6538799582,place_of_worship,,,36.4828817,5.2813195,200,200,True,Sétif,9.6,54.0,2026-09-19T08:00,,,
6538799756,place_of_worship,Sidi Abderahmane,,36.4916099,5.2775886,200,200,True,Béjaïa,9.6,54.0,2026-09-19T08:00,,,
6538810921,place_of_worship,Mosquee Billel Bin Rabah مسجد بلال بن رباح,مسجد بلال بن رباح,36.3935897,5.4042703,200,200,True,Sétif,9.6,55.0,2026-09-19T08:00,,,
6538810959,place_of_worship,,,36.4120632,5.3959585,200,200,True,Sétif,10.0,54.0,2026-09-19T08:00,,,
6538815398,place_of_worship,,,36.431783,5.3558926,200,200,True,Sétif,10.0,54.0,2026-09-19T08:00,,,
6538834323,place_of_worship,,,36.4777916,5.2655759,200,200,True,Sétif,9.6,54.0,2026-09-19T08:00,,,
6539710601,place_of_worship,مسجد الامير عبد القادر,,36.2832132,5.4103495,200,200,True,Sétif,9.2,55.0,2026-09-19T08:00,,,
6539816998,place_of_worship,Mosquée Imam Muhammad al-Ghazali,مسجد الامام محمد الغزالي,36.2901393,5.4117241,200,200,True,Sétif,9.2,55.0,2026-09-19T08:00,,,
6539852012,place_of_worship,مسجد الايمان,مسجد,36.2769265,5.4056375,200,200,True,Sétif,9.2,55.0,2026-09-19T08:00,,,
6543965922,place_of_worship,مسجد تابلوة,مسجد تابلوة,36.6325529,5.2295331,200,200,True,Béjaïa,12.7,51.0,2026-09-19T08:00,,,
6543989321,place_of_worship,Mosque Hamza ibn abd al muttalib مسجد حمزة بن عبد المطلب,مسجد حمزة بن عبد المطلب,36.6101929,5.2155729,200,200,True,Béjaïa,12.7,51.0,2026-09-19T08:00,,,
6544048723,place_of_worship,مسجد عليون,مسجد عليون,36.6147881,5.2442202,200,200,True,Béjaïa,12.7,51.0,2026-09-19T08:00,,,
6544138427,place_of_worship,,,36.6426412,5.2233137,200,200,True,Béjaïa,12.7,51.0,2026-09-19T08:00,,,
6549156229,place_of_worship,mosque Abd el Hamid Ibn Badis مسجد عبد الحميد بن باديس,مسجد عبد الحميد بن باديس,36.6162042,5.2676949,200,200,True,Béjaïa,12.7,51.0,2026-09-19T08:00,,,
6549391572,school,École primaire,مدرسة ابتدائية,36.6164146,5.2666113,300,300,True,Béjaïa,12.7,51.0,2026-09-19T08:00,,,
6556989399,place_of_worship,Masjid Lmaadhene,مسجد لمعذان,36.6619698,5.1735145,200,200,True,Béjaïa,10.3,51.0,2026-09-19T08:00,,,
6557045892,place_of_worship,mosque Tizi Ahmed مسجد تيزي احمد,مسجد تيزي احمد,36.6553421,5.1647933,200,200,True,Béjaïa,10.3,51.0,2026-09-19T08:00,,,
6561557416,place_of_worship,Mosquée Ihaddaden,مسجد إحداذن,36.7414033,5.044519,200,200,True,Béjaïa,10.8,48.0,2026-09-19T08:00,,,
6561557453,place_of_worship,Masdjid an-Nour,مسجد النور,36.7405892,5.0396575,200,200,True,Béjaïa,10.8,48.0,2026-09-19T08:00,,,
6561557461,place_of_worship,Mosquée Takliet Oufella,مسجد أوفلة تكليت,36.7361097,5.0354559,200,200,True,Béjaïa,10.8,48.0,2026-09-19T08:00,,,
6561557466,place_of_worship,Mosquée Ali Ibn Taleb,مسجد علي بن أبي طالب,36.7342547,5.0451192,200,200,True,Béjaïa,10.8,48.0,2026-09-19T08:00,,,
6564482715,place_of_worship,Masdjid مصلى,مصلى,36.0645612,4.8341986,200,200,True,Bordj Bou Arréridj,11.2,55.0,2026-09-19T08:00,,,
6564496557,place_of_worship,Masdjid,مصلى,36.0640094,4.8379041,200,200,True,Bordj Bou Arréridj,11.2,55.0,2026-09-19T08:00,,,
6564887203,place_of_worship,,,36.1488622,5.2649479,200,200,True,Sétif,9.8,55.0,2026-09-19T08:00,,,
6564952662,place_of_worship,Mosquee مصلى,Mosquee مصلى,36.1537503,5.2661561,200,200,True,Sétif,9.8,55.0,2026-09-19T08:00,,,
6565547195,place_of_worship,Mosquée El Hamelette مسجد الهاملات,مسجد الهاملات,36.1659593,5.5612774,200,200,True,Sétif,8.7,55.0,2026-09-19T08:00,,,
6568344700,place_of_worship,Mosquée Bordj Mira مسجد برج ميرة,مسجد برج ميرة,36.5479381,5.2767407,200,200,True,Béjaïa,11.1,53.0,2026-09-19T08:00,,,
6572601793,place_of_worship,,,36.2880442,7.9864682,200,200,True,Souk Ahras,8.5,51.0,2026-09-19T08:00,,,
6591389562,place_of_worship,,,36.5518151,5.2873515,200,200,True,Béjaïa,11.1,53.0,2026-09-19T08:00,,,
6593277289,school,متوسطة لبرق موسى,متوسطة لبرق موسى,36.7647616,8.3169561,300,300,True,El Tarf,7.8,48.0,2026-09-19T08:00,,,
6594306844,health_facility,Taklinikit n Umrij,مستوصف أمريج,36.5659026,5.2972783,20,20,False,Béjaïa,11.1,53.0,2026-09-19T08:00,,,
6594337753,place_of_worship,Mosquée Darguina,مسجد درقينة,36.5635813,5.3032801,200,200,True,Béjaïa,10.1,53.0,2026-09-19T08:00,,,
6595358940,school,École primaire Saad Guermeche,,36.8670113,6.9127779,300,300,True,Skikda,12.4,51.0,2026-09-19T08:00,,,
6609708585,place_of_worship,مسجد السنة,مسجد السنة,36.4262741,5.2340376,200,200,True,Sétif,9.6,54.0,2026-09-19T08:00,,,
6634869441,place_of_worship,مسجد أبي بكر الصديق,مسجد أبي بكر الصديق,36.0368354,6.5631076,200,200,True,Constantine,7.6,54.0,2026-09-19T08:00,,,
6644397609,place_of_worship,,,36.8180962,7.7120608,200,200,True,Annaba,9.9,48.0,2026-09-19T08:00,,,
6651104655,place_of_worship,,,36.8519584,7.7402313,200,200,True,Annaba,9.9,48.0,2026-09-19T08:00,,,
6654120886,place_of_worship,,,36.5080309,4.7802069,200,200,True,Béjaïa,13.7,53.0,2026-09-19T08:00,,,
6654121085,health_facility,عيادة بني موحلي,عيادة بني موحلي,36.5073065,4.7527989,20,20,False,Béjaïa,13.7,53.0,2026-09-19T08:00,,,
6654990323,place_of_worship,,,36.2448144,7.5141285,200,200,True,Guelma,8.6,51.0,2026-09-19T08:00,,,
6655105322,school,متوسطة لبرق موسى,متوسطة لبرق موسى,36.7647542,8.3168695,300,300,True,El Tarf,7.8,48.0,2026-09-19T08:00,,,
6655105323,school,إبتدائية قداش الطاهر,إبتدائية قداش الطاهر,36.764516,8.3185798,300,300,True,El Tarf,7.8,48.0,2026-09-19T08:00,,,
6655112263,place_of_worship,مصلى,مصلى,36.6406225,5.3446897,200,200,True,Béjaïa,12.4,51.0,2026-09-19T08:00,,,
6655121204,health_facility,Hôpital Souk El Tenine مستشفى سوق الاثنين,مستشفى سوق الاثنين,36.6288242,5.339233,100,100,False,Béjaïa,12.4,51.0,2026-09-19T08:00,,,
6665869086,place_of_worship,مسجد الهدى,,36.4485581,7.4328434,200,200,True,Guelma,10.1,51.0,2026-09-19T08:00,,,
6694311608,school,Établissement primaire Mokhtar Hambarek,,36.8668309,6.9121165,300,300,True,Skikda,12.4,51.0,2026-09-19T08:00,,,
6697145285,health_facility,سكانير و أشعة طبية,سكانير و أشعة طبية,36.7761009,5.8958537,20,20,False,Jijel,10.6,48.0,2026-09-19T08:00,,,
6702514991,place_of_worship,mosque sidi aich مسجد سيدي عيش,مسجد سيدي عيش,36.6119155,4.6863355,200,200,True,Béjaïa,12.8,51.0,2026-09-19T08:00,,,
6702914366,place_of_worship,Tamesgida n Taxlict,مسجد ثاخليشث,36.617356,4.7495203,200,200,True,Béjaïa,11.7,51.0,2026-09-19T08:00,,,
6702914372,place_of_worship,Tamesgida n Hellwan,مسجد هلوان,36.5150041,4.5819868,200,200,True,Béjaïa,13.4,53.0,2026-09-19T08:00,,,
6702914381,place_of_worship,Mosquée El Atik مسجد العتيق,مسجد العتيق,36.4630554,4.5376626,200,200,True,Bordj Bou Arréridj,15.0,54.0,2026-09-19T08:00,,,
6702921340,place_of_worship,mosque essalam مسجد السلام,مسجد السلام,36.5913049,4.5818849,200,200,True,Béjaïa,13.4,53.0,2026-09-19T08:00,,,
6702944068,place_of_worship,,,36.6154679,4.7742315,200,200,True,Béjaïa,11.7,51.0,2026-09-19T08:00,,,
6703009505,place_of_worship,mosque ilmaten مسجد ايلماثن,مسجد ايلماثن,36.6648669,4.7699017,200,200,True,Béjaïa,11.7,51.0,2026-09-19T08:00,,,
6703009548,place_of_worship,,,36.671003,4.7688929,200,200,True,Béjaïa,11.7,51.0,2026-09-19T08:00,,,
6703009585,place_of_worship,,,36.5786231,5.396276,200,200,True,Béjaïa,10.1,53.0,2026-09-19T08:00,,,
6703009622,place_of_worship,mosque Amridj مسجد أمريج,مسجد أمريج,36.5876908,5.4418779,200,200,True,Jijel,9.3,52.0,2026-09-19T08:00,,,
6705341213,place_of_worship,مسجد سيدي علي والي,مسجد سيدي علي والي,36.6131955,4.6522701,200,200,True,Béjaïa,12.8,51.0,2026-09-19T08:00,,,
6707402432,place_of_worship,,,36.5999227,4.8464888,200,200,True,Béjaïa,12.8,53.0,2026-09-19T08:00,,,
6708213112,place_of_worship,Mosquée Hellil,مسجد هليل,36.7117227,5.0142238,200,200,True,Béjaïa,10.8,48.0,2026-09-19T08:00,,,
6708229220,place_of_worship,Mosquée Errahma,مسجد الرحمة,36.7615939,5.0899623,200,200,True,Béjaïa,10.8,48.0,2026-09-19T08:00,,,
6708229234,place_of_worship,Mosquée Errahma,مسجد الرحمة,36.7584297,5.0398104,200,200,True,Béjaïa,10.8,48.0,2026-09-19T08:00,,,
6708592323,place_of_worship,مسجد سيدي الحاج حسين,مسجد سيدي الحاج حسين,36.5929814,4.5774807,200,200,True,Béjaïa,13.4,53.0,2026-09-19T08:00,,,
6708819600,place_of_worship,Mosquée Tadekant مسجد تاذكانت,مسجد تاذكانت,36.6314003,4.6815571,200,200,True,Béjaïa,12.8,51.0,2026-09-19T08:00,,,
6708819601,place_of_worship,,,36.6310315,5.2408916,200,200,True,Béjaïa,12.7,51.0,2026-09-19T08:00,,,
6709513499,place_of_worship,Masdjid Abd El-Hamid Ibn Badis,مسجد عبد الحميد بن باديس,36.7539368,5.0776751,200,200,True,Béjaïa,10.8,48.0,2026-09-19T08:00,,,
6709513500,place_of_worship,Mosquée Abdelhamid Ibn Badis مسجد عبد الحميد بن باديس,مسجد عبد الحميد بن باديس,36.4643459,4.5313266,200,200,True,Bordj Bou Arréridj,15.0,54.0,2026-09-19T08:00,,,
6709555144,place_of_worship,mosque tiwririn مسجد ثوريرين,مسجد ثوريرين,36.7604306,4.8431572,200,200,True,Béjaïa,10.2,46.0,2026-09-19T08:00,,,
6709678538,place_of_worship,Mosquée Salam,مسجد السلام,36.6997078,5.0586985,200,200,True,Béjaïa,11.8,52.0,2026-09-19T08:00,,,
6709678580,place_of_worship,mosque essalam مسجد السلام,مسجد السلام,36.6349324,4.7322643,200,200,True,Béjaïa,11.7,51.0,2026-09-19T08:00,,,
6709690432,place_of_worship,Mosquée Si Hassan,مسجد سي حسن,36.7558854,5.0718132,200,200,True,Béjaïa,10.8,48.0,2026-09-19T08:00,,,
6709690518,place_of_worship,Masjid Tawba مسجد التوبة,مسجد التوبة,36.7589465,5.0684027,200,200,True,Béjaïa,10.8,48.0,2026-09-19T08:00,,,
6709690519,place_of_worship,mosque ilmaten مسجد ايلماثن,مسجد ايلماثن,36.5873568,4.5791544,200,200,True,Béjaïa,13.4,53.0,2026-09-19T08:00,,,
6709690527,place_of_worship,مسجد عقبة بن نافع,مسجد عقبة بن نافع,36.4577265,5.2049453,200,200,True,Sétif,9.6,54.0,2026-09-19T08:00,,,
6709799567,place_of_worship,مسجد سيدي يحيى,مسجد سيدي يحيى,36.5908408,4.6037972,200,200,True,Béjaïa,12.0,53.0,2026-09-19T08:00,,,
6709831561,place_of_worship,Mosquée ziwi مسجد زيوي,مسجد زيوي,36.6263796,4.610783,200,200,True,Béjaïa,12.8,51.0,2026-09-19T08:00,,,
6709831609,place_of_worship,مسجد ترونة,مسجد ترونة,36.5052316,4.7627033,200,200,True,Béjaïa,13.7,53.0,2026-09-19T08:00,,,
6709831728,place_of_worship,Mosquée al-Djadid مسجد الجديد,مسجد الجديد,36.5968878,4.6122676,200,200,True,Béjaïa,12.0,53.0,2026-09-19T08:00,,,
6709831735,place_of_worship,Mosquée Al Kawthar,مسجد الكوثر,36.751755,5.0531477,200,200,True,Béjaïa,10.8,48.0,2026-09-19T08:00,,,
6710130195,place_of_worship,mosque djedida مسجد جديدة,مسجد جديدة,36.3617742,4.5050423,200,200,True,Bordj Bou Arréridj,13.6,54.0,2026-09-19T08:00,,,
6710130255,place_of_worship,mosque مسجد,مسجد,36.4786063,4.8108356,200,200,True,Béjaïa,11.1,54.0,2026-09-19T08:00,,,
6710159408,place_of_worship,Mosquée Mezgoug مسجد مزقوق,مسجد مزقوق,36.607892,4.6500968,200,200,True,Béjaïa,12.8,51.0,2026-09-19T08:00,,,
6710159597,place_of_worship,mosque taguenite Ighil مسجد ثاڤنيت إغيل,مسجد ثاڤنيت إغيل,36.4803154,4.7987844,200,200,True,Béjaïa,12.2,54.0,2026-09-19T08:00,,,
6710490549,place_of_worship,Mosquée Tala Hamza,مسجد ثالا حمزة,36.6985586,5.0247203,200,200,True,Béjaïa,11.8,52.0,2026-09-19T08:00,,,
6710490572,place_of_worship,mosque tissa مسجد ثيسا,مسجد ثيسا,36.6162435,4.816432,200,200,True,Béjaïa,12.6,52.0,2026-09-19T08:00,,,
6710496895,place_of_worship,lǧameɛ n tmizabt,مسجد ثانيث,36.5748017,4.7405744,200,200,True,Béjaïa,13.7,53.0,2026-09-19T08:00,,,
6710496896,place_of_worship,Lǧameɛ n Sidi Lmuhub,,36.5739446,4.744937,200,200,True,Béjaïa,13.7,53.0,2026-09-19T08:00,,,
6710530104,place_of_worship,,,36.5735898,4.711567,200,200,True,Béjaïa,13.7,53.0,2026-09-19T08:00,,,
6719106688,health_facility,مشفى,مشفى,36.1177623,5.9687414,100,100,False,Mila,8.1,54.0,2026-09-19T08:00,,,
6728785585,place_of_worship,مسجد التوبة,مسجد التوبة,37.0019241,6.5597765,200,200,True,Skikda,7.8,39.0,2026-09-19T08:00,,,
6733533386,place_of_worship,مصلى التقوى,مصلى التقوى,36.2311158,6.5643509,200,200,True,Constantine,9.6,53.0,2026-09-19T08:00,,,
6743927885,school,,,36.998991,6.5513252,300,300,True,Skikda,8.8,43.0,2026-09-19T08:00,,,
6747575765,place_of_worship,,,36.5399169,5.0124542,200,200,True,Béjaïa,10.6,53.0,2026-09-19T08:00,,,
6747602292,place_of_worship,,,36.4380289,4.9271515,200,200,True,Béjaïa,10.6,54.0,2026-09-19T08:00,,,
6758951586,school,متوسطة,متوسطة,36.787598,8.2042885,300,300,True,El Tarf,7.2,47.0,2026-09-19T08:00,,,
6776834884,place_of_worship,العيداني محمد أبوبكر الصديق,العيداني محمد أبوبكر الصديق,36.001634,4.6498279,200,200,True,Bordj Bou Arréridj,9.8,56.0,2026-09-19T08:00,,,
6781407377,place_of_worship,,,36.4716416,4.8702602,200,200,True,Béjaïa,11.1,54.0,2026-09-19T08:00,,,
6786278253,health_facility,المركز الصحي الجواري فضيلة سعدان,المركز الصحي الجواري فضيلة سعدان,36.8025762,7.7357586,20,20,False,Annaba,9.9,48.0,2026-09-19T08:00,,,
6786278274,health_facility,المركز الصحي الجواري عطوي صالح,المركز الصحي الجواري عطوي صالح,36.7913677,7.7374513,20,20,False,Annaba,10.5,48.0,2026-09-19T08:00,,,
6786278276,place_of_worship,,,36.792464,7.7333003,200,200,True,Annaba,10.5,48.0,2026-09-19T08:00,,,
6787524139,place_of_worship,,,36.8572226,7.7042738,200,200,True,Annaba,9.9,48.0,2026-09-19T08:00,,,
6787585451,place_of_worship,مسجد عبد الله بن عمر,مسجد عبد الله بن عمر,36.7205975,7.6659483,200,200,True,Annaba,10.1,50.0,2026-09-19T08:00,,,
6806857085,health_facility,المركز الصحي العمومي,المركز الصحي العمومي,36.4283085,6.3216111,20,20,False,Mila,10.1,53.0,2026-09-19T08:00,,,
6806869886,school,المتوسطة الجديدة,المتوسطة الجديدة,36.4257531,6.3197748,300,300,True,Mila,10.1,53.0,2026-09-19T08:00,,,
6810215945,school,École primaire Didoune,,36.5318991,4.5913015,300,300,True,Béjaïa,13.4,53.0,2026-09-19T08:00,,,
6812060599,place_of_worship,Mosquée Adghes,,36.8043518,4.8057368,200,200,True,Béjaïa,9.2,42.0,2026-09-19T08:00,,,
6812388685,school,متوسطة,متوسطة,36.4279598,6.3245936,300,300,True,Mila,10.1,53.0,2026-09-19T08:00,,,
6812388885,school,إبتدائية العيد بن السعدي,إبتدائية العيد بن السعدي,36.4289881,6.3258969,300,300,True,Mila,10.1,53.0,2026-09-19T08:00,,,
6823110777,fire_station,Unité de protection civile,الحماية المدنية,36.5129642,4.587699,30,30,False,Béjaïa,13.4,53.0,2026-09-19T08:00,,,
6844721885,school,Creche les lylas,,36.2365113,6.5641883,300,300,True,Constantine,9.6,53.0,2026-09-19T08:00,,,
6852736985,health_facility,مصحة نابتي,مصحة نابتي,36.1759794,5.407536,100,100,False,Sétif,9.4,55.0,2026-09-19T08:00,,,
6855652385,school,CEM REDJRADJ Abdellah,,36.6243082,5.3357763,300,300,True,Béjaïa,12.4,51.0,2026-09-19T08:00,,,
6971850085,school,متوسطة معنصري بشير,,36.8476616,7.4244578,300,300,True,Annaba,9.2,43.0,2026-09-19T08:00,,,
6983549387,school,ابتدائية,ابتدائية,36.769169,8.310968,300,300,True,El Tarf,7.8,48.0,2026-09-19T08:00,,,
6990418186,health_facility,مستوصف أحمد كزيو صابر,مستوصف أحمد كزيو صابر,36.397347,6.107039,20,20,False,Mila,9.0,52.0,2026-09-19T08:00,,,
6990418285,school,ابتدائية علاوة شرفي صابر,ابتدائية علاوة شرفي صابر,36.3974184,6.1087076,300,300,True,Mila,9.0,52.0,2026-09-19T08:00,,,
7043680486,school,École Ibn Battouta,,36.7050955,7.8477789,300,300,True,Annaba,8.1,47.0,2026-09-19T08:00,,,
7043702885,school,École primaire Mofdi Zakari,,36.7041876,7.8474062,300,300,True,Annaba,8.1,47.0,2026-09-19T08:00,,,
7043702886,school,École primaire Mofdi Zakari,,36.7041225,7.8469594,300,300,True,Annaba,8.1,47.0,2026-09-19T08:00,,,
7044600386,school,,,36.7017301,7.8439403,300,300,True,Annaba,8.1,47.0,2026-09-19T08:00,,,
7044729185,health_facility,,,36.7066201,7.8508323,100,100,False,Annaba,8.1,47.0,2026-09-19T08:00,,,
7049145786,school,,,36.6999178,7.843387,300,300,True,Annaba,8.1,47.0,2026-09-19T08:00,,,
7059919485,school,مدرسة جعفر محمد,مدرسة جعفر محمد,36.3518686,6.6016451,300,300,True,Constantine,8.4,54.0,2026-09-19T08:00,,,
7059919486,school,المدرسة الابتدائية مريم سعدان,المدرسة الابتدائية مريم سعدان,36.3520447,6.6017784,300,300,True,Constantine,8.4,54.0,2026-09-19T08:00,,,
7075669887,school,مدرسة علم النفس التربوي,مدرسة علم النفس التربوي,36.5474735,5.2763696,300,300,True,Béjaïa,11.1,53.0,2026-09-19T08:00,,,
7097423085,school,,,36.8222153,7.7442778,300,300,True,Annaba,9.9,48.0,2026-09-19T08:00,,,
7100301774,school,,,36.1127971,5.9872475,300,300,True,Mila,8.1,54.0,2026-09-19T08:00,,,
7107799433,school,,,36.4434708,8.0354197,300,300,True,Souk Ahras,9.1,51.0,2026-09-19T08:00,,,
7110098812,school,,,36.3687685,5.5041732,300,300,True,Sétif,9.1,54.0,2026-09-19T08:00,,,
7110098813,school,,,36.3554446,5.5142958,300,300,True,Sétif,9.1,54.0,2026-09-19T08:00,,,
7110098818,school,,,36.3440514,5.4850103,300,300,True,Sétif,9.6,55.0,2026-09-19T08:00,,,
7170205986,health_facility,,,36.9054005,6.5509145,100,100,False,Skikda,8.8,43.0,2026-09-19T08:00,,,
7170240185,school,,,36.9020291,6.5520942,300,300,True,Skikda,8.8,43.0,2026-09-19T08:00,,,
7172574186,school,المدرسة الإبتدائية بونار السعدي,,36.4679062,7.4502979,300,300,True,Guelma,10.1,51.0,2026-09-19T08:00,,,
7172574385,school,متوسطة الشيخ عبدالله بوراس الكاملي,,36.4688483,7.4564376,300,300,True,Guelma,10.1,51.0,2026-09-19T08:00,,,
7172574485,school,المدرسة الإبتدائية عميرة عمار,,36.4690469,7.4579077,300,300,True,Guelma,10.1,51.0,2026-09-19T08:00,,,
7203394885,health_facility,,,36.9053608,6.5509232,20,20,False,Skikda,8.8,43.0,2026-09-19T08:00,,,
7294804592,place_of_worship,Mosquée de Sidi Salem,مسجد سيدي سالم,36.6976547,5.0012291,200,200,True,Béjaïa,11.8,52.0,2026-09-19T08:00,,,
7323373792,school,Ecole Primaire Les Crêtes (El Kimam),,36.9139506,7.7567911,300,300,True,Annaba,8.3,42.0,2026-09-19T08:00,,,
7328306835,fire_station,Pompiers Avant Port,الحماية المدنية,36.897975,7.7645395,30,30,False,Annaba,9.9,48.0,2026-09-19T08:00,,,
7330406323,school,مدرسة الأمير الصغير الإدريسي الخاصة,مدرسة الأمير الصغير الإدريسي الخاصة,36.9192252,7.7642846,300,300,True,Annaba,8.3,42.0,2026-09-19T08:00,,,
7397487285,school,مدرسة ابتدائية 19مارس,مدرسة ابتدائية 19مارس,36.7844652,8.3784017,300,300,True,El Tarf,7.8,48.0,2026-09-19T08:00,,,
7397487286,school,مدرسة ابتدائية رمول صالح,مدرسة ابتدائية رمول صالح,36.7788244,8.3813405,300,300,True,El Tarf,7.8,48.0,2026-09-19T08:00,,,
7397569985,school,ثانوية الشهيد سراي احمد,ثانوية الشهيد سراي احمد,36.7914444,8.3869675,300,300,True,El Tarf,7.8,48.0,2026-09-19T08:00,,,
7419446474,place_of_worship,Mosquée de Tiwal,مسجد ثيوال,36.4858276,4.7687276,200,200,True,Béjaïa,12.2,54.0,2026-09-19T08:00,,,
7419516889,place_of_worship,Tamesgida n Hellwan,,36.5154024,4.5814501,200,200,True,Béjaïa,13.4,53.0,2026-09-19T08:00,,,
7457725085,health_facility,عيادة متعددة الخدمات,عيادة متعددة الخدمات,36.1806712,6.7042733,20,20,False,Constantine,8.6,52.0,2026-09-19T08:00,,,
7457725086,school,متوسطة عبد الرحمان الكواكبي,متوسطة عبد الرحمان الكواكبي,36.1812938,6.7033579,300,300,True,Constantine,8.6,52.0,2026-09-19T08:00,,,
7457725185,school,مدرسة إبتدائية زعامطة عياش,مدرسة إبتدائية زعامطة عياش,36.1802356,6.7038752,300,300,True,Constantine,8.6,52.0,2026-09-19T08:00,,,
7457725186,school,المدرسة الابتدائية عمار بوعصيدة,المدرسة الابتدائية عمار بوعصيدة,36.1842158,6.7040042,300,300,True,Constantine,8.6,52.0,2026-09-19T08:00,,,
7457725285,school,المدرسة الإبتدائية جباري عياش,المدرسة الإبتدائية جباري عياش,36.1772112,6.7039568,300,300,True,Constantine,8.6,52.0,2026-09-19T08:00,,,
7457725385,school,المدرسة الابتدائية غراب رابح,المدرسة الابتدائية غراب رابح,36.1826597,6.7045783,300,300,True,Constantine,8.6,52.0,2026-09-19T08:00,,,
7512521457,health_facility,عيادة القلب,عيادة القلب,36.1910877,5.3861336,20,20,False,Sétif,9.6,55.0,2026-09-19T08:00,,,
7524779070,school,,,36.5932366,5.182554,300,300,True,Béjaïa,10.7,53.0,2026-09-19T08:00,,,
7552721550,school,المعهد الدولي للتنمية والإبداع,المعهد الدولي للتنمية والإبداع,36.3589665,6.6517687,300,300,True,Constantine,8.4,54.0,2026-09-19T08:00,,,
7581416222,place_of_worship,,,36.6617455,5.1781078,200,200,True,Béjaïa,10.3,51.0,2026-09-19T08:00,,,
7667510485,school,ثانوية الشهيد عمارة علي,ثانوية الشهيد عمارة علي,36.63185,5.2498812,300,300,True,Béjaïa,12.7,51.0,2026-09-19T08:00,,,
7686287185,place_of_worship,مسجد خالد بن الوليد,,36.8465578,6.9102399,200,200,True,Skikda,12.4,51.0,2026-09-19T08:00,,,
7700371985,health_facility,العيادة المتعددة الخدمات الجديدة,,36.3670847,7.5212157,100,100,False,Guelma,9.2,51.0,2026-09-19T08:00,,,
7705131240,place_of_worship,,,36.8284933,7.5990671,200,200,True,Annaba,9.4,43.0,2026-09-19T08:00,,,
7705138968,health_facility,مستوصف,,36.7892078,7.6276348,20,20,False,Annaba,10.1,50.0,2026-09-19T08:00,,,
7707466024,place_of_worship,,,36.8142777,7.7414651,200,200,True,Annaba,9.9,48.0,2026-09-19T08:00,,,
7707545064,health_facility,عيادة غوافرية,عيادة غوافرية,36.6865212,7.752241,20,20,False,Annaba,8.9,50.0,2026-09-19T08:00,,,
7792867298,health_facility,Healthcare Services of Algeria - الجزائرية للخدمات الطبية,الجزائرية للخدمات الطبية,36.3598689,6.6273442,20,20,False,Constantine,8.4,54.0,2026-09-19T08:00,,,
7814966593,place_of_worship,مسجد العتيق,مسجد العتيق,36.2834994,7.9554156,200,200,True,Souk Ahras,8.5,51.0,2026-09-19T08:00,,,
7833070526,place_of_worship,,,36.2845677,8.3217468,200,200,True,Souk Ahras,9.7,51.0,2026-09-19T08:00,,,
7866678785,school,المدرسة العليا لعلوم التسيير,المدرسة العليا لعلوم التسيير,36.902243,7.7602908,300,300,True,Annaba,8.3,42.0,2026-09-19T08:00,,,
7893399485,school,بوخمالة عبد العزيز,ابتدائية بوخمالة عبد العزيز,36.4243193,6.4745217,300,300,True,Constantine,11.0,53.0,2026-09-19T08:00,,,
7900169485,school,متوسطة سعدون عاشور,متوسطة سعدون عاشور,36.8629272,7.731216,300,300,True,Annaba,9.9,48.0,2026-09-19T08:00,,,
7900169486,place_of_worship,مسجد موسى ين نصير و مدرسة قرآنية,مسجد موسى ين نصير و مدرسة قرآنية,36.8733706,7.7171695,200,200,True,Annaba,9.9,48.0,2026-09-19T08:00,,,
8037521494,school,Collège Ouerguech,,36.5243315,8.4596075,300,300,True,El Tarf,9.3,51.0,2026-09-19T08:00,,,
8222116258,place_of_worship,Mosquée de Tighezratine,مسجد تغزراتين,36.6253045,4.6778862,200,200,True,Béjaïa,12.8,51.0,2026-09-19T08:00,,,
8225043089,place_of_worship,,,36.533919,6.0835234,200,200,True,Mila,9.0,51.0,2026-09-19T08:00,,,
8271291765,school,المدرسة للمركزية للتكنولوجيا و الإعلام الآلي,,36.8966888,7.7564434,300,300,True,Annaba,9.9,48.0,2026-09-19T08:00,,,
8296157597,school,Lycée Maala,المدرسة الثانوية معالة,36.6029494,4.6887931,300,300,True,Béjaïa,12.8,51.0,2026-09-19T08:00,,,
8307102387,health_facility,TAKLINIKT LEFLAY,عيادة الفلاي,36.6118917,4.6701491,100,100,False,Béjaïa,12.8,51.0,2026-09-19T08:00,,,
8307121785,place_of_worship,Cimetière Leflaye,مقبرة لفلاي,36.607094,4.6700181,200,200,True,Béjaïa,12.8,51.0,2026-09-19T08:00,,,
8449059135,place_of_worship,,,36.1509853,5.3803959,200,200,True,Sétif,9.6,55.0,2026-09-19T08:00,,,
8459230617,place_of_worship,مسجد التقوى,,36.7016538,6.8105237,200,200,True,Skikda,8.3,50.0,2026-09-19T08:00,,,
8478479880,place_of_worship,,,36.4164175,5.3423327,200,200,True,Sétif,10.0,54.0,2026-09-19T08:00,,,
8655087348,place_of_worship,Lǧameɛ n tmizabt,,36.5747959,4.7405745,200,200,True,Béjaïa,13.7,53.0,2026-09-19T08:00,,,
8699721217,school,حسين عثماني,حسين عصماني,36.2521411,6.5749236,300,300,True,Constantine,9.6,53.0,2026-09-19T08:00,,,
8776855671,health_facility,Cabinet médical général Dr. Boulfous,عيادة طبية عامة الدكتورة بولفوس,36.4966756,6.059463,100,100,False,Mila,10.1,52.0,2026-09-19T08:00,,,
8786435217,place_of_worship,مقبرة,,36.3837021,7.8046075,200,200,True,Souk Ahras,9.1,51.0,2026-09-19T08:00,,,
8831400117,school,مدرسة خوح صالح,,37.0295664,7.2515577,300,300,True,Skikda,6.4,35.0,2026-09-19T08:00,,,
8831400217,place_of_worship,مسجد عكاشة,,37.0323978,7.2521652,200,200,True,Skikda,6.4,35.0,2026-09-19T08:00,,,
8831400317,place_of_worship,,,37.024629,7.262766,200,200,True,Skikda,6.4,35.0,2026-09-19T08:00,,,
8883009527,school,مدرسة ابتدائية مركز 1 شميني,,36.5950055,4.6229734,300,300,True,Béjaïa,12.0,53.0,2026-09-19T08:00,,,
8894454573,health_facility,Polyclinique Sidi Ali Lebhar,,36.7196745,5.0691215,20,20,False,Béjaïa,10.8,48.0,2026-09-19T08:00,,,
8898147508,fire_station,,,36.6621938,5.790456,30,30,False,Jijel,9.8,50.0,2026-09-19T08:00,,,
8904643470,health_facility,Centre de santé GUEMMACHE Ahmed,,36.2081237,5.4344618,20,20,False,Sétif,,,,,,
8905156838,health_facility,EPSP Larbi Ben M'hidi,,36.3438222,6.602463,20,20,False,Constantine,,,,,,
8909362882,health_facility,EPSP Abane Ramdane,,36.3611879,6.607297,20,20,False,Constantine,,,,,,
8963203251,place_of_worship,Sidi Bougerie,,36.4733826,5.1854114,200,200,True,Béjaïa,,,,,,
8963203252,school,,,36.4737848,5.1951063,300,300,True,Béjaïa,,,,,,
8963203253,place_of_worship,Thala,مسجد ثالا,36.4751458,5.1950097,200,200,True,Béjaïa,,,,,,
8974339688,place_of_worship,,,37.0097981,6.3470907,200,200,True,Skikda,,,,,,
9073352657,place_of_worship,,,36.3627359,5.3434807,200,200,True,Sétif,,,,,,
9090331317,school,لغات اجنبية دروس دعم قسنطينة,,36.2645814,6.5751193,300,300,True,Constantine,,,,,,
9239083912,place_of_worship,,,36.1315384,4.7914813,200,200,True,Bordj Bou Arréridj,,,,,,
9334729724,place_of_worship,Mosquée Bilel,,36.2223354,8.3563244,200,200,True,Souk Ahras,,,,,,
9334729725,school,École Primaire 8 Fevrier 1958,,36.223481,8.3575139,300,300,True,Souk Ahras,,,,,,
9334729726,place_of_worship,جامع أبوبكر الصديق بساقية سيدي يوسف,جامع أبوبكر الصديق بساقية سيدي يوسف,36.2276346,8.3584755,200,200,True,Souk Ahras,,,,,,
9334729729,school,Collège Sakiet Sidi Youssef,,36.2145047,8.3542868,300,300,True,Souk Ahras,,,,,,
9358208168,place_of_worship,,,36.8774091,7.1922754,200,200,True,Skikda,,,,,,
9358208173,place_of_worship,مسجد لمخامسية,,36.8161769,7.1508455,200,200,True,Skikda,,,,,,
9363495324,place_of_worship,Mosquée Ain Soltane,,36.5248482,8.3350583,200,200,True,El Tarf,,,,,,
9363495325,school,Collège Ain Soltane,,36.5265173,8.3358803,300,300,True,El Tarf,,,,,,
9373169418,school,,,36.4268669,6.5845666,300,300,True,Constantine,,,,,,
9410211618,school,,,36.9284192,6.5693144,300,300,True,Skikda,,,,,,
9410216318,health_facility,,,36.9283719,6.5692572,20,20,False,Skikda,,,,,,
9593974635,place_of_worship,,,36.4378564,5.3218165,200,200,True,Sétif,,,,,,
9623604558,place_of_worship,,,36.0401486,5.439941,200,200,True,Sétif,,,,,,
9623835767,place_of_worship,مسجد الصحابة,,36.0363422,5.3760669,200,200,True,Sétif,,,,,,
9623869905,place_of_worship,,,36.0490599,5.3931767,200,200,True,Sétif,,,,,,
9625926730,place_of_worship,,,36.0631849,5.2257827,200,200,True,Sétif,,,,,,
9626021119,place_of_worship,,,36.0608649,5.2509338,200,200,True,Sétif,,,,,,
9626710551,place_of_worship,,,36.1704296,5.4856861,200,200,True,Sétif,,,,,,
9629430768,place_of_worship,,,36.1365144,5.3037129,200,200,True,Sétif,,,,,,
9676136367,school,El-Karia High School,,36.976099,6.5567629,300,300,True,Skikda,,,,,,
9679945225,school,École primaire de Merouaha,,36.4514154,5.310614,300,300,True,Sétif,,,,,,
9691437326,place_of_worship,مسجد التقوى,,36.4528976,5.3303385,200,200,True,Sétif,,,,,,
9734715354,health_facility,عيادة طب وجراحة الأنف والأذن والحنجرة - الدكتور رزيق غزيوي,,36.8655189,6.9073829,20,20,False,Skikda,,,,,,
9785611795,health_facility,المؤسسة العمومية للصحة الجوارية خراطة,المؤسسة العمومية للصحة الجوارية خراطة,36.4919453,5.2771741,20,20,False,Béjaïa,,,,,,
9789249801,school,Tesnawit Atmaten Yusfi,,36.5654265,4.9768656,300,300,True,Béjaïa,,,,,,
9803541148,place_of_worship,مسجد حي الحوامد,,36.0433541,5.3296941,200,200,True,Sétif,,,,,,
9803583526,place_of_worship,,,36.0115298,5.3468898,200,200,True,Sétif,,,,,,
9803583840,place_of_worship,مسجد جابر بن عبد اللّٰه,,36.0172705,5.3391409,200,200,True,Sétif,,,,,,
9803583867,place_of_worship,,,36.0194443,5.3277254,200,200,True,Sétif,,,,,,
9803711422,place_of_worship,مسجد السبطين الحمادشة ملول,,36.0138817,5.3579888,200,200,True,Sétif,,,,,,
9806040139,place_of_worship,مسجد عبد الرحمن بن عوف,,36.0478824,5.3953949,200,200,True,Sétif,,,,,,
9833277312,school,CEM Maala,,36.6034125,4.6889162,300,300,True,Béjaïa,,,,,,
9834053088,place_of_worship,Lǧameɛ n Buxyama,,36.7399407,5.0157432,200,200,True,Béjaïa,,,,,,
9849033015,place_of_worship,Lǧameɛ n Lḥamma,,36.6305361,4.951622,200,200,True,Béjaïa,,,,,,
9884663010,place_of_worship,,,36.1691131,5.6854275,200,200,True,Sétif,,,,,,
9888539807,place_of_worship,Lǧameɛ n Ṛṛaḥma,,36.6425675,4.9395199,200,200,True,Béjaïa,,,,,,
9902250695,school,,,36.249442,6.5378264,300,300,True,Constantine,,,,,,
9902344289,school,CEM Bahri Saleh,,36.2503195,6.5339697,300,300,True,Constantine,,,,,,
9902347618,school,,,36.2412365,6.5861281,300,300,True,Constantine,,,,,,
9905023485,place_of_worship,Lǧameɛ n Tigelmimin,,36.5930073,4.9578837,200,200,True,Béjaïa,,,,,,
9905041432,place_of_worship,Lǧameɛ n Buɣiden,,36.6000468,4.9503762,200,200,True,Béjaïa,,,,,,
9907225633,place_of_worship,,,36.1390228,5.3536248,200,200,True,Sétif,,,,,,
9927722618,health_facility,مستشفى هواري بومدين,,36.1319566,7.5338348,100,100,False,Guelma,,,,,,
9935755759,place_of_worship,,,36.4004337,4.517123,200,200,True,Bordj Bou Arréridj,,,,,,
9936869589,school,المدرسة الابتدائية فلفلي نوار,,36.8749187,7.5355237,300,300,True,Annaba,,,,,,
9939624826,place_of_worship,,,36.7445418,4.5032137,200,200,True,Tizi Ouzou,,,,,,
9956038418,place_of_worship,Sidi Ali ouslimane,,36.5872924,4.9801269,200,200,True,Béjaïa,,,,,,
9961459040,place_of_worship,,,36.8720273,6.9946134,200,200,True,Skikda,,,,,,
9961937777,place_of_worship,,,36.760844,8.364851,200,200,True,El Tarf,,,,,,
9962322020,place_of_worship,,,36.9030675,7.0505445,200,200,True,Skikda,,,,,,
9962415140,place_of_worship,,,36.886149,7.0281901,200,200,True,Skikda,,,,,,
9962453592,school,,,36.856081,6.9802736,300,300,True,Skikda,,,,,,
9966699211,place_of_worship,,,36.0411177,5.1086386,200,200,True,Bordj Bou Arréridj,,,,,,
9966725982,place_of_worship,,,36.0983557,4.9061147,200,200,True,Bordj Bou Arréridj,,,,,,
9966903075,place_of_worship,,,36.277948,4.834803,200,200,True,Bordj Bou Arréridj,,,,,,
9967946688,school,,,36.1022899,4.8966675,300,300,True,Bordj Bou Arréridj,,,,,,
9967953909,school,,,36.0887852,4.8694454,300,300,True,Bordj Bou Arréridj,,,,,,
10028420257,place_of_worship,Lǧameɛ n Taddart,,36.5308683,4.9640903,200,200,True,Béjaïa,,,,,,
10028420258,place_of_worship,Lǧameɛ n Taddart,,36.52788,4.9656916,200,200,True,Béjaïa,,,,,,
10081577626,school,المدرسة الابتدائية بوحجيلة عمار,,36.8763768,7.5241835,300,300,True,Annaba,,,,,,
10081577627,school,المدرسة الابتدائية جميلي ابراهيم,,36.8748153,7.5192239,300,300,True,Annaba,,,,,,
10081577628,place_of_worship,مسجد قيد البناء,,36.8722973,7.52027,200,200,True,Annaba,,,,,,
10081577629,school,متوسطة قواسمي بشير,,36.8730744,7.520242,300,300,True,Annaba,,,,,,
10081577630,school,ثانوية قوري ابراهيم,,36.8770268,7.5307962,300,300,True,Annaba,,,,,,
10095413929,school,المدرسة الابتدائية 24 فيفري 1956,,36.7873259,7.6301966,300,300,True,Annaba,,,,,,
10095413930,school,المدرسة الابتدائية رشراش أحمد,,36.7853617,7.6305479,300,300,True,Annaba,,,,,,
10135738745,school,مدرسة ملبونة الابتدائية,مدرسة ملبونة الابتدائية,36.5050812,5.5381092,300,300,True,Sétif,,,,,,
10135738747,place_of_worship,مسجد ملبونة,مسجد ملبونة,36.5054773,5.5420777,200,200,True,Sétif,,,,,,
10138563559,place_of_worship,Lǧameɛ Ifuɣalen,,36.6144221,5.0614384,200,200,True,Béjaïa,,,,,,
10154128922,place_of_worship,Mosquée El Nour,,36.5519406,5.2495092,200,200,True,Béjaïa,,,,,,
10154128942,place_of_worship,Mosquée Tizi El Ouali,,36.5541996,5.2525273,200,200,True,Béjaïa,,,,,,
10183145467,place_of_worship,,,36.2079542,6.4007163,200,200,True,Constantine,,,,,,
10185255358,place_of_worship,,,36.1681733,6.2261689,200,200,True,Mila,,,,,,
10211648561,place_of_worship,مسجد الرسالة,مسجد الرسالة,36.4142504,6.5642881,200,200,True,Constantine,,,,,,
10212151429,fire_station,,,36.3791453,6.4696598,30,30,False,Constantine,,,,,,
10212151430,place_of_worship,MOSQUEE ABDELLAH BEN OMR,,36.3776552,6.4649847,200,200,True,Constantine,,,,,,
10255125768,place_of_worship,,,36.5246437,6.3743488,200,200,True,Mila,,,,,,
10265160350,fire_station,,,36.5117941,6.3229081,30,30,False,Mila,,,,,,
10265160352,place_of_worship,Mosquée El-Imene,,36.5093818,6.3259605,200,200,True,Mila,,,,,,
10272998326,place_of_worship,المسجد العتيق - سيدي مروان-,,36.5176188,6.2596013,200,200,True,Mila,,,,,,
10275052709,school,Compass training center,مركز التعليم كومپاس,36.7509774,5.0441129,300,300,True,Béjaïa,,,,,,
10292747256,fire_station,,,36.8267029,7.6099027,30,30,False,Annaba,,,,,,
10308892200,place_of_worship,,,36.390635,5.6031346,200,200,True,Sétif,,,,,,
10616455408,health_facility,عيادة متخصصة في طب وجراحة الأنف والأذن والحنجرة,,36.1964598,5.4088266,20,20,False,Sétif,,,,,,
10620408207,place_of_worship,,,36.1493978,5.4449755,200,200,True,Sétif,,,,,,
10629381476,place_of_worship,مسجد الشيخ القريشي مدني,مسجد الشيخ القريشي مدني,36.0891168,5.4899776,200,200,True,Sétif,,,,,,
10629478434,place_of_worship,,,36.112687,5.4487252,200,200,True,Sétif,,,,,,
10664139545,place_of_worship,,,36.2448605,6.6805767,200,200,True,Constantine,,,,,,
10711535305,school,معهد التكوين المهني 08 ماي 1945,,36.8894245,7.7413261,300,300,True,Annaba,,,,,,
10716607974,place_of_worship,,,36.3571242,5.5014065,200,200,True,Sétif,,,,,,
10729884025,place_of_worship,,,36.522069,7.4520826,200,200,True,Guelma,,,,,,
10733047334,place_of_worship,,,36.6136417,7.5473499,200,200,True,Guelma,,,,,,
10736524850,place_of_worship,,,36.2913629,7.1359125,200,200,True,Guelma,,,,,,
10736542958,place_of_worship,,,36.2744031,7.1048418,200,200,True,Guelma,,,,,,
10736542959,place_of_worship,,,36.3076253,7.158215,200,200,True,Guelma,,,,,,
10736575894,place_of_worship,,,36.3192541,7.1677597,200,200,True,Guelma,,,,,,
10736576667,place_of_worship,مسجد النصر,,36.323828,7.1664387,200,200,True,Guelma,,,,,,
10737338490,place_of_worship,,,36.3928546,7.2381878,200,200,True,Guelma,,,,,,
10738894820,place_of_worship,,,36.4182003,7.2795367,200,200,True,Guelma,,,,,,
10738894978,place_of_worship,,,36.404992,7.26987,200,200,True,Guelma,,,,,,
10739807768,place_of_worship,,,36.4756957,7.2783083,200,200,True,Guelma,,,,,,
10741267761,place_of_worship,,,36.4788748,7.3406348,200,200,True,Guelma,,,,,,
10741686291,place_of_worship,,,36.446455,7.4490523,200,200,True,Guelma,,,,,,
10741942366,place_of_worship,,,36.479979,7.1648401,200,200,True,Guelma,,,,,,
10743501070,place_of_worship,Jmaa Berahal,,36.4781545,7.1414995,200,200,True,Guelma,,,,,,
10743529481,place_of_worship,,,36.4318056,7.211473,200,200,True,Guelma,,,,,,
10744107452,place_of_worship,,,36.4692186,7.0029366,200,200,True,Constantine,,,,,,
10744887441,place_of_worship,,,36.2842067,7.0603842,200,200,True,Guelma,,,,,,
10748655103,place_of_worship,,,36.4679331,7.5444022,200,200,True,Guelma,,,,,,
10748727686,place_of_worship,,,36.4635823,7.5047618,200,200,True,Guelma,,,,,,
10748734397,place_of_worship,,,36.456019,7.516703,200,200,True,Guelma,,,,,,
10749269303,place_of_worship,,,36.4721024,6.9374156,200,200,True,Constantine,,,,,,
10751457869,place_of_worship,,,36.3136544,6.8394291,200,200,True,Constantine,,,,,,
10751637163,place_of_worship,,,36.3156049,6.8648297,200,200,True,Constantine,,,,,,
10757649674,place_of_worship,,,36.4660888,6.6501644,200,200,True,Constantine,,,,,,
10963328468,place_of_worship,,,36.1329758,7.5696404,200,200,True,Souk Ahras,,,,,,
10971359877,place_of_worship,مسجد الامام مالك بن انس,مسجد الامام مالك بن انس,36.0750008,7.8290194,200,200,True,Souk Ahras,,,,,,
10973591012,place_of_worship,,,36.1526725,8.0082768,200,200,True,Souk Ahras,,,,,,
10976585331,place_of_worship,,,36.2616267,7.8731874,200,200,True,Souk Ahras,,,,,,
10977026624,place_of_worship,Omar Abd el Aziz Mosque,,36.1919211,7.7843378,200,200,True,Souk Ahras,,,,,,
10983624578,place_of_worship,,,36.1270822,7.8924912,200,200,True,Souk Ahras,,,,,,
10983715403,place_of_worship,مسجد الفرقان,مسجد الفرقان,36.1202099,7.8801477,200,200,True,Souk Ahras,,,,,,
10994358910,place_of_worship,,,36.207479,7.6106554,200,200,True,Souk Ahras,,,,,,
11033008806,health_facility,مصحة زراعة و جراحة الأسنان CBA,,36.301839,6.6288105,20,20,False,Constantine,,,,,,
11052934180,place_of_worship,,,36.2501869,8.3229886,200,200,True,Souk Ahras,,,,,,
11132400018,place_of_worship,مسجد فاطمة,,36.4486198,6.2534396,200,200,True,Mila,,,,,,
11181774501,place_of_worship,,,36.4958099,4.5722724,200,200,True,Bordj Bou Arréridj,,,,,,
11200303739,place_of_worship,,,36.685168,6.9407496,200,200,True,Skikda,,,,,,
11212167841,emergency_shelter,,,36.2536376,6.5850608,150,150,True,Constantine,,,,,,
11407110423,health_facility,HikmaDial,,36.4503689,7.424658,20,20,False,Guelma,,,,,,
11515900070,school,متوسطة مقلاتي عبد الجيد,,36.3974604,5.0679787,300,300,True,Sétif,,,,,,
11516149770,place_of_worship,مسجد إبن رشد,,36.3974699,5.0254045,200,200,True,Béjaïa,,,,,,
11516158269,health_facility,,,36.3960614,5.0745371,20,20,False,Sétif,,,,,,
11516158369,school,,,36.3964215,5.0710414,300,300,True,Sétif,,,,,,
11517674472,school,,,36.1892445,5.4103069,300,300,True,Sétif,,,,,,
11630969749,place_of_worship,,,36.037157,6.5539448,200,200,True,Constantine,,,,,,
11716821405,place_of_worship,,,36.3905628,6.6149244,200,200,True,Constantine,,,,,,
11716824166,place_of_worship,,,36.376401,6.625735,200,200,True,Constantine,,,,,,
11716824225,health_facility,centre d'imagerie medicaleEL BEEY,,36.3729826,6.6218883,20,20,False,Constantine,,,,,,
11728736969,health_facility,مستشفى عموشة,,36.3760495,5.4112672,100,100,False,Sétif,,,,,,
11736816565,place_of_worship,,,36.3438132,6.635069,200,200,True,Constantine,,,,,,
11813527869,school,lycee saidani mohamed,,36.2494463,6.5373631,300,300,True,Constantine,,,,,,
11867484002,place_of_worship,,,36.0437056,6.5716101,200,200,True,Constantine,,,,,,
11883160558,health_facility,,,36.0687876,4.7816239,100,100,False,Bordj Bou Arréridj,,,,,,
11894878569,school,Lycée,,36.4054168,5.9503404,300,300,True,Mila,,,,,,
11909820469,school,متوسطة خان العيد,,36.2595678,6.7095982,300,300,True,Constantine,,,,,,
11909820470,place_of_worship,مسجد أحمد بسطامي,,36.2593404,6.7088256,200,200,True,Constantine,,,,,,
11911390069,place_of_worship,مسجد عقبة بن نافع,,36.2610528,6.6932751,200,200,True,Constantine,,,,,,
11936817269,health_facility,clinique bni mhafer,,36.9143505,7.7529658,20,20,False,Annaba,,,,,,
12154478621,school,ثانوية المجاهد المتوفى مهدي صالح,,36.8264863,7.4437141,300,300,True,Annaba,,,,,,
12313190299,place_of_worship,,,36.160031,6.1672746,200,200,True,Mila,,,,,,
12391277387,place_of_worship,,,36.7870693,7.592706,200,200,True,Annaba,,,,,,
12391277388,place_of_worship,,,36.7925501,7.5953144,200,200,True,Annaba,,,,,,
12392057669,place_of_worship,mosquee al ghofrane,,36.3923358,6.642037,200,200,True,Constantine,,,,,,
12439063344,health_facility,Dr BEKKOUCHE Dentiste,,36.3913589,6.1283942,100,100,False,Mila,,,,,,
12493367201,fire_station,الحماية المدنية سيدي مزغيش,,36.685507,6.7266051,30,30,False,Skikda,,,,,,
12522812421,place_of_worship,,,36.183604,5.317179,200,200,True,Sétif,,,,,,
12578930536,place_of_worship,,,36.7644131,7.3033762,200,200,True,Guelma,,,,,,
12585487101,school,,,36.1276999,7.529604,300,300,True,Guelma,,,,,,
12585487102,school,,,36.1319416,7.5374611,300,300,True,Guelma,,,,,,
12585487103,school,,,36.1346829,7.5378287,300,300,True,Guelma,,,,,,
12585487104,school,,,36.1372277,7.5334967,300,300,True,Guelma,,,,,,
12585487105,school,,,36.1371597,7.5334992,300,300,True,Guelma,,,,,,
12585487106,school,,,36.1361475,7.528598,300,300,True,Guelma,,,,,,
12585487301,school,,,36.1371631,7.5335174,300,300,True,Guelma,,,,,,
12585487302,school,,,36.1382416,7.5260862,300,300,True,Guelma,,,,,,
12585487401,school,,,36.1382402,7.5261234,300,300,True,Guelma,,,,,,
12622969176,place_of_worship,,,36.1959537,5.6957138,200,200,True,Sétif,,,,,,
12623238890,place_of_worship,,,36.1916678,5.7096666,200,200,True,Sétif,,,,,,
12753192850,place_of_worship,,,36.7752922,6.9371099,200,200,True,Skikda,,,,,,
12754064141,place_of_worship,مسجد عقبة ابن نافع,,36.0536507,6.1237675,200,200,True,Mila,,,,,,
12754110695,place_of_worship,,,36.0601754,6.124835,200,200,True,Mila,,,,,,
12754110696,school,,,36.0592127,6.1236817,300,300,True,Mila,,,,,,
12754110697,school,ثانوية الشهيدين بولسنان,,36.0588397,6.1247009,300,300,True,Mila,,,,,,
12754110699,school,متوسطة الأخوين بلفيحج,,36.0579941,6.1243415,300,300,True,Mila,,,,,,
12757076631,health_facility,عيادة واستعجالات القدس,,36.1335185,5.8422482,20,20,False,Sétif,,,,,,
12757200892,place_of_worship,مسجد حسان بن ثابت,,36.1277061,5.8343303,200,200,True,Sétif,,,,,,
12773518029,place_of_worship,,,36.742076,7.1574488,200,200,True,Skikda,,,,,,
12825326301,health_facility,ح. شرقي طبيب نسائي,,36.363245,6.6375067,20,20,False,Constantine,,,,,,
12952854227,place_of_worship,,,36.904985,7.7270727,200,200,True,Annaba,,,,,,
12995584795,school,,,36.806427,5.7292931,300,300,True,Jijel,,,,,,
13063843264,school,,,36.4901562,5.1015857,300,300,True,Béjaïa,,,,,,
13075702785,health_facility,المؤسسة العمومية الصحة الجوارية مقراني محي الدين بن محمود,المؤسسة العمومية الصحة الجوارية مقراني محي الدين بن محمود,36.7689033,5.7340993,20,20,False,Jijel,,,,,,
13075702786,school,,,36.7684434,5.7346646,300,300,True,Jijel,,,,,,
13081357004,health_facility,,,36.757714,5.923118,20,20,False,Jijel,,,,,,
13081563471,school,,,36.6652364,6.0203256,300,300,True,Jijel,,,,,,
13081563472,school,,,36.6641058,6.0212473,300,300,True,Jijel,,,,,,
13081613853,school,,,36.6991839,6.102055,300,300,True,Mila,,,,,,
13081613854,school,,,36.700004,6.1022449,300,300,True,Mila,,,,,,
13081613855,health_facility,,,36.6977142,6.1030004,20,20,False,Mila,,,,,,
13081613858,school,,,36.7027167,6.1055386,300,300,True,Mila,8.2,49.0,2026-09-19T08:00,,,
13081619576,school,,,36.6744625,6.135594,300,300,True,Mila,9.2,50.0,2026-09-19T08:00,,,
13081664605,school,,,36.7995924,5.8447364,300,300,True,Jijel,10.6,48.0,2026-09-19T08:00,,,
13081744226,school,,,36.8330567,5.9858827,300,300,True,Jijel,9.8,49.0,2026-09-19T08:00,,,
13081775033,school,,,36.8542092,6.0507635,300,300,True,Jijel,9.3,49.0,2026-09-19T08:00,,,
13081775034,school,,,36.8528216,6.0515156,300,300,True,Jijel,9.3,49.0,2026-09-19T08:00,,,
13081775036,school,,,36.8564475,6.0572771,300,300,True,Jijel,9.3,49.0,2026-09-19T08:00,,,
13081775037,school,,,36.856309,6.0599983,300,300,True,Jijel,9.3,49.0,2026-09-19T08:00,,,
13081818716,school,,,36.8245655,6.098632,300,300,True,Jijel,9.3,49.0,2026-09-19T08:00,,,
13082402194,school,,,36.6387017,6.2872229,300,300,True,Mila,9.8,51.0,2026-09-19T08:00,,,
13082402195,school,,,36.6378613,6.2892776,300,300,True,Mila,9.8,51.0,2026-09-19T08:00,,,
13082402197,fire_station,,,36.6388627,6.2921987,30,30,False,Mila,9.8,51.0,2026-09-19T08:00,,,
13082407967,school,,,36.6406473,6.2748879,300,300,True,Mila,9.8,51.0,2026-09-19T08:00,,,
13082407980,school,إبتدائية بولعتالي علاوة,إبتدائية بولعتالي علاوة,36.643391,6.2712804,300,300,True,Mila,9.8,51.0,2026-09-19T08:00,,,
13082407982,health_facility,,,36.6398684,6.273148,20,20,False,Mila,9.8,51.0,2026-09-19T08:00,,,
13082407983,school,,,36.6348819,6.2718624,300,300,True,Mila,9.8,51.0,2026-09-19T08:00,,,
13082458958,school,,,36.7633142,6.2656171,300,300,True,Mila,8.8,50.0,2026-09-19T08:00,,,
13082458963,school,,,36.7641283,6.265167,300,300,True,Mila,8.8,50.0,2026-09-19T08:00,,,
13082458964,school,,,36.7619587,6.27124,300,300,True,Mila,8.8,50.0,2026-09-19T08:00,,,
13082546850,school,,,36.5839138,5.8087549,300,300,True,Jijel,10.1,51.0,2026-09-19T08:00,,,
13084762283,school,,,36.5875333,5.5828053,300,300,True,Jijel,9.1,51.0,2026-09-19T08:00,,,
13085120430,school,,,36.7829913,5.668087,300,300,True,Jijel,10.9,50.0,2026-09-19T08:00,,,
13086546219,place_of_worship,Mosquée d'Aït Achour,,36.642822,5.4949806,200,200,True,Jijel,10.2,50.0,2026-09-19T08:00,,,
13093071154,school,,,36.8597608,6.3727975,300,300,True,Mila,10.6,47.0,2026-09-19T08:00,,,
13097030013,school,,,36.668213,5.7928477,300,300,True,Jijel,9.8,50.0,2026-09-19T08:00,,,
13097283658,school,,,36.766358,5.9476324,300,300,True,Jijel,9.2,48.0,2026-09-19T08:00,,,
13097283660,school,,,36.7671453,5.9612124,300,300,True,Jijel,9.2,48.0,2026-09-19T08:00,,,
13097283662,school,,,36.772812,5.9512772,300,300,True,Jijel,9.2,48.0,2026-09-19T08:00,,,
13097283664,fire_station,,,36.7735109,5.9504046,30,30,False,Jijel,9.2,48.0,2026-09-19T08:00,,,
13108218080,school,,,36.761461,5.7754494,300,300,True,Jijel,10.4,50.0,2026-09-19T08:00,,,
13108539562,health_facility,قاعة العلاج الشهيد جغري مسعود بن أحمد,قاعة العلاج الشهيد جغري مسعود بن أحمد,36.7383301,5.9115675,20,20,False,Jijel,9.2,48.0,2026-09-19T08:00,,,
13108913158,school,,,36.6347893,6.3089298,300,300,True,Mila,9.2,51.0,2026-09-19T08:00,,,
13108913170,health_facility,,,36.6344297,6.3086085,20,20,False,Mila,9.2,51.0,2026-09-19T08:00,,,
13109403486,school,ثانوية شعور مسعود بن عمار,ثانوية شعور مسعود بن عمار,36.8586723,6.1415129,300,300,True,Jijel,10.1,49.0,2026-09-19T08:00,,,
13115050970,school,ابتدائية طالب عبد الكريم,ابتدائية طالب عبد الكريم,36.8090097,6.1210193,300,300,True,Jijel,10.1,49.0,2026-09-19T08:00,,,
13115295093,school,مدرسة الشهيد حسين شيهب,مدرسة الشهيد حسين شيهب,36.6276013,5.6453897,300,300,True,Jijel,9.9,49.0,2026-09-19T08:00,,,
13115323648,place_of_worship,,,36.8036029,5.8455091,200,200,True,Jijel,11.1,50.0,2026-09-19T08:00,,,
13115339919,school,,,36.6239698,5.6544957,300,300,True,Jijel,9.9,49.0,2026-09-19T08:00,,,
13115370651,school,المدرسة الابتدائية زقيوق محمد,المدرسة الابتدائية زقيوق محمد,36.759615,5.7729966,300,300,True,Jijel,10.4,50.0,2026-09-19T08:00,,,
13117153147,school,متوسطة قردم أحمد,متوسطة قردم أحمد,36.5987303,6.2204645,300,300,True,Mila,10.5,52.0,2026-09-19T08:00,,,
13117153148,school,,,36.5982779,6.2211993,300,300,True,Mila,10.5,52.0,2026-09-19T08:00,,,
13117153149,school,,,36.6030149,6.2173613,300,300,True,Mila,9.8,51.0,2026-09-19T08:00,,,
13117153162,school,,,36.5995581,6.1998039,300,300,True,Mila,9.8,52.0,2026-09-19T08:00,,,
13118831563,school,المدرسة الابتدائية منحور محمد الصالح,المدرسة الابتدائية منحور محمد الصالح,36.7025347,5.7801274,300,300,True,Jijel,10.4,50.0,2026-09-19T08:00,,,
13118831592,place_of_worship,مسجد المجاهدين,مسجد المجاهدين,36.6829692,5.7802046,200,200,True,Jijel,9.8,50.0,2026-09-19T08:00,,,
13118831593,school,ابتدائية قرني مسعود,ابتدائية قرني مسعود,36.6803034,5.7865349,300,300,True,Jijel,9.8,50.0,2026-09-19T08:00,,,
13119996127,school,École Bahli Hocine;مدرسة بهلي حسين,مدرسة بهلي حسين,36.7837877,5.8422845,300,300,True,Jijel,10.6,48.0,2026-09-19T08:00,,,
13119996128,school,CEM Boualzeit Salah;متوسطة بوالزيت صالح,متوسطة بوالزيت صالح,36.7794757,5.8402838,300,300,True,Jijel,10.6,48.0,2026-09-19T08:00,,,
13120949465,school,متوسطة بولقرينات فرحات,متوسطة بولقرينات فرحات,36.7975616,5.9360405,300,300,True,Jijel,9.2,48.0,2026-09-19T08:00,,,
13120949466,school,المدرسة الابتدائية ميلاط احمد,المدرسة الابتدائية ميلاط احمد,36.7976817,5.9354313,300,300,True,Jijel,9.2,48.0,2026-09-19T08:00,,,
13120949467,health_facility,,,36.7983892,5.9381502,20,20,False,Jijel,9.2,48.0,2026-09-19T08:00,,,
13122111001,emergency_shelter,Dnc,,36.4255649,6.2379068,150,150,True,Mila,10.6,54.0,2026-09-19T08:00,,,
13124058945,school,متوسطة كحال ربيعة,,36.739967,6.2732732,300,300,True,Mila,8.8,50.0,2026-09-19T08:00,,,
13124981310,school,,,36.7544705,6.2803985,300,300,True,Mila,8.8,50.0,2026-09-19T08:00,,,
13140596007,place_of_worship,مصلى,,36.7796404,5.8860258,200,200,True,Jijel,10.6,48.0,2026-09-19T08:00,,,
13141550756,school,متوسطة الشهيد مفدي زكريا,متوسطة الشهيد مفدي زكريا,36.580829,5.8802876,300,300,True,Jijel,10.1,51.0,2026-09-19T08:00,,,
13141570544,school,,,36.5822742,5.8833629,300,300,True,Jijel,10.1,51.0,2026-09-19T08:00,,,
13142412493,school,,,36.7977434,5.8493215,300,300,True,Jijel,10.6,48.0,2026-09-19T08:00,,,
13144005607,school,مدرسة بوشريط أحمد,مدرسة بوشريط أحمد,36.7507573,6.2807356,300,300,True,Mila,8.8,50.0,2026-09-19T08:00,,,
13158401008,school,,,36.7267627,5.8209508,300,300,True,Jijel,10.6,48.0,2026-09-19T08:00,,,
13158440240,school,,,36.7986839,5.7176126,300,300,True,Jijel,10.4,50.0,2026-09-19T08:00,,,
13163025378,school,إبتدائية منيع يوسف,إبتدائية منيع يوسف,36.8003281,5.7419083,300,300,True,Jijel,11.9,50.0,2026-09-19T08:00,,,
13175880554,school,متوسطة بوجردة بوخميس,متوسطة بوجردة بوخميس,36.8170049,5.7241799,300,300,True,Jijel,11.9,50.0,2026-09-19T08:00,,,
13198421127,school,,,37.0042817,6.5624045,300,300,True,Skikda,7.8,39.0,2026-09-19T08:00,,,
13226725996,school,,,36.7179452,6.3388843,300,300,True,Mila,8.5,50.0,2026-09-19T08:00,,,
13232470350,school,,,36.6611464,5.4502514,300,300,True,Jijel,10.2,50.0,2026-09-19T08:00,,,
13233665327,school,,,36.7662154,5.8476774,300,300,True,Jijel,10.6,48.0,2026-09-19T08:00,,,
13233665361,school,,,36.787614,5.8509974,300,300,True,Jijel,10.6,48.0,2026-09-19T08:00,,,
13239614883,place_of_worship,مسجد موسى بن نصير,,36.4588759,7.415593,200,200,True,Guelma,10.1,51.0,2026-09-19T08:00,,,
13239625551,school,مدرسة هواري بومدين,,36.4593415,7.4125148,300,300,True,Guelma,10.1,51.0,2026-09-19T08:00,,,
13239628129,school,مدرسة شيهب إبراهيم,,36.4579298,7.4153487,300,300,True,Guelma,10.1,51.0,2026-09-19T08:00,,,
13245593110,school,,,36.7435584,6.2775181,300,300,True,Mila,8.8,50.0,2026-09-19T08:00,,,
13248355047,school,ابتدائية لونيس محمد إبن مسعود,ابتدائية لونيس محمد إبن مسعود,36.8181769,5.7656861,300,300,True,Jijel,11.9,50.0,2026-09-19T08:00,,,
13248608219,school,متوسطة بوكبوس الطاهر,,36.8049246,5.7773051,300,300,True,Jijel,11.9,50.0,2026-09-19T08:00,,,
13248608220,school,ابتدائية زغبيب محمد,,36.8039496,5.7769081,300,300,True,Jijel,11.9,50.0,2026-09-19T08:00,,,
13248608221,place_of_worship,مسجد محمد البشير الإبراهيمي,,36.8029746,5.7790164,200,200,True,Jijel,11.9,50.0,2026-09-19T08:00,,,
13248627166,school,المدرسة الإبتدائية خلفون محمد,,36.8080596,5.7460753,300,300,True,Jijel,11.9,50.0,2026-09-19T08:00,,,
13248814442,school,ثانوية مخلوف حسناوي إبن مختار,,36.8002043,5.7438869,300,300,True,Jijel,11.9,50.0,2026-09-19T08:00,,,
13249432920,health_facility,,,36.6450154,6.0615405,20,20,False,Mila,8.4,49.0,2026-09-19T08:00,,,
13251190817,health_facility,,,36.7121479,5.9347279,20,20,False,Jijel,9.2,48.0,2026-09-19T08:00,,,
13255744257,health_facility,,,36.7704279,6.3310417,20,20,False,Mila,8.5,50.0,2026-09-19T08:00,,,
13311498750,place_of_worship,مسجد عمر بن العاص,,36.2639892,6.5732014,200,200,True,Constantine,9.6,53.0,2026-09-19T08:00,,,
13393434180,place_of_worship,,,36.5362078,5.5203766,200,200,True,Jijel,9.1,51.0,2026-09-19T08:00,,,
13457415101,place_of_worship,مسجد سلمان الفارسي,,36.0821626,4.7790414,200,200,True,Bordj Bou Arréridj,10.4,56.0,2026-09-19T08:00,,,
13457415301,place_of_worship,مسجد عمران بن حصين,,36.0973766,4.7764642,200,200,True,Bordj Bou Arréridj,10.4,56.0,2026-09-19T08:00,,,
13457415401,place_of_worship,مسجد عمار بن ياسر,,36.0703732,4.8089819,200,200,True,Bordj Bou Arréridj,11.2,55.0,2026-09-19T08:00,,,
13460787201,place_of_worship,مسجد دحية بن خليفة الكلبي رضي الله عنه,,36.0743233,4.8126417,200,200,True,Bordj Bou Arréridj,11.2,55.0,2026-09-19T08:00,,,
13460787301,place_of_worship,مسجد عقبة بن نافع,,36.0785022,4.6686551,200,200,True,Bordj Bou Arréridj,9.8,56.0,2026-09-19T08:00,,,
13463503201,place_of_worship,مسجد السنة شلغوم,,36.1694436,6.2047895,200,200,True,Mila,7.8,54.0,2026-09-19T08:00,,,
13515459801,place_of_worship,مسجد عمر بن الخطاب,,36.0919836,4.7297708,200,200,True,Bordj Bou Arréridj,10.4,56.0,2026-09-19T08:00,,,
13597567610,place_of_worship,Kais,,36.1793893,5.8568918,200,200,True,Sétif,8.3,54.0,2026-09-19T08:00,,,
13695683201,school,مدرسة كحول عبد السلام,,36.3169222,6.5955664,300,300,True,Constantine,10.5,53.0,2026-09-19T08:00,,,
13695688501,place_of_worship,مسجد عبد الرحمان بن صخر,,36.3204221,6.5968328,200,200,True,Constantine,10.5,53.0,2026-09-19T08:00,,,
13695698101,place_of_worship,مسجد حذيفة بن اليمان,,36.3163782,6.61057,200,200,True,Constantine,8.4,54.0,2026-09-19T08:00,,,
13695709701,place_of_worship,مسجد بوفامة,,36.3607351,6.6370864,200,200,True,Constantine,8.4,54.0,2026-09-19T08:00,,,
13695724601,place_of_worship,مسجد الشيخ بوعمامة,,36.2458052,6.5791594,200,200,True,Constantine,9.6,53.0,2026-09-19T08:00,,,
13695768401,place_of_worship,مسجد خديجة ام المؤمنين,,36.3747677,6.5910647,200,200,True,Constantine,10.5,53.0,2026-09-19T08:00,,,
13695846101,place_of_worship,مسجد الصادق الأمين,,36.3055456,6.6249834,200,200,True,Constantine,8.4,54.0,2026-09-19T08:00,,,
13716260601,health_facility,Polyclinique,,37.0067622,6.5637404,100,100,False,Skikda,7.8,39.0,2026-09-19T08:00,,,
13716291901,school,مدرسة فروم الإبتدائية,,37.0069685,6.5698175,300,300,True,Skikda,7.8,39.0,2026-09-19T08:00,,,
13716292001,school,متوسطة بوعسلة الزهراء,,37.0074335,6.5688584,300,300,True,Skikda,7.8,39.0,2026-09-19T08:00,,,
13716552469,school,مدرسة عياش الإبتدائية,,37.0078714,6.5646488,300,300,True,Skikda,7.8,39.0,2026-09-19T08:00,,,
13718552704,school,المدرسة الإبتدائية بغلول,,37.0071274,6.5633568,300,300,True,Skikda,7.8,39.0,2026-09-19T08:00,,,
13718602603,school,إبتدائية مسيخ علي,,37.0042658,6.5574628,300,300,True,Skikda,7.8,39.0,2026-09-19T08:00,,,
13718613702,school,ثانوية بونور محمد,,37.0053865,6.5577751,300,300,True,Skikda,7.8,39.0,2026-09-19T08:00,,,
13718613801,health_facility,د. فنوش - أخصائية تصوير بالأشعة,,37.0074096,6.5624724,20,20,False,Skikda,7.8,39.0,2026-09-19T08:00,,,
13719047203,fire_station,وحدة الحماية المدنية,,37.008389,6.5589471,30,30,False,Skikda,7.8,39.0,2026-09-19T08:00,,,
13719047301,fire_station,الحماية المدنية,,37.0051987,6.5725956,30,30,False,Skikda,7.8,39.0,2026-09-19T08:00,,,
13719047302,health_facility,د. مصيبح - عيادة التصوير بالأشعة,,37.0085945,6.5577394,20,20,False,Skikda,7.8,39.0,2026-09-19T08:00,,,
13723554935,place_of_worship,,,36.6474044,4.6667308,200,200,True,Béjaïa,12.8,51.0,2026-09-19T08:00,,,
13725755532,school,,,36.483688,4.7452516,300,300,True,Béjaïa,12.2,54.0,2026-09-19T08:00,,,
13907713801,school,Galilée,,36.747726,5.0497044,300,300,True,Béjaïa,10.8,48.0,2026-09-19T08:00,,,
13982487820,school,CEM Mohamed Salah Belabbes,,36.2024082,5.4361537,300,300,True,Sétif,9.2,55.0,2026-09-19T08:00,,,
13995247992,place_of_worship,,,36.4761077,5.0343025,200,200,True,Béjaïa,10.7,54.0,2026-09-19T08:00,,,
14014895679,place_of_worship,,,36.1602847,5.1112631,200,200,True,Sétif,10.5,55.0,2026-09-19T08:00,,,
24505936,health_facility,EHS Sidi Mabrouk - Maternité,,36.36274273076923,6.63907715,100,100,False,Constantine,8.4,54.0,2026-09-19T08:00,,,
52048415,place_of_worship,Mosquée Hamza ibn Abd Al Mutalib,مسجد حمزة بن عبد المطلب,36.18701993333334,5.430900744444445,1948,1948,True,Sétif,9.4,55.0,2026-09-19T08:00,,,
52048416,school,Ecole Louhi Aïssa,مدرسة لوحي عيسى,36.18621973333334,5.4307067,3481,3481,True,Sétif,9.4,55.0,2026-09-19T08:00,,,
69907627,place_of_worship,,,36.18480452,5.3104499,2101,2101,True,Sétif,9.6,55.0,2026-09-19T08:00,,,
83091864,school,CEM Aban Ramdane (Collège),,36.90582641111112,7.755686266666667,550,550,True,Annaba,8.3,42.0,2026-09-19T08:00,,,
83091869,school,Ecole Aban Ramdane (primaire),,36.905882510000005,7.75587785,554,554,True,Annaba,8.3,42.0,2026-09-19T08:00,,,
93353144,place_of_worship,,,36.43479496,4.83676598,524,524,True,Béjaïa,11.1,54.0,2026-09-19T08:00,,,
127063995,health_facility,CHU Ibn Rochd,,36.91040570909091,7.746721875757576,100,100,False,Annaba,8.3,42.0,2026-09-19T08:00,,,
150640425,health_facility,CHU Saâdna-Abdenour المستشفى الجامعي سعادنة عبد النور,المركز الاستشفائي الجامعي سعادنة عبد النور,36.19217185652174,5.401342065217391,100,100,False,Sétif,9.4,55.0,2026-09-19T08:00,,,
156237500,health_facility,Hôpital Khelil Amrane,مستشفى خليل عمران,36.754264188,5.050040944,100,100,False,Béjaïa,10.8,48.0,2026-09-19T08:00,,,
156238581,health_facility,Hôpital Frantz Fanon,مستشفى فرانز فانون,36.756563955,5.08365848,100,100,False,Béjaïa,10.8,48.0,2026-09-19T08:00,,,
167631991,school,ثانوية السعيد زروقي,ثانوية السعيد زروقي,36.07451244285714,4.752734457142857,11902,11902,True,Bordj Bou Arréridj,10.4,56.0,2026-09-19T08:00,,,
167635530,school,متوسطة صفصاف ابراهيم,متوسطة صفصاف ابراهيم,36.07627394,4.741105039999999,2907,2907,True,Bordj Bou Arréridj,10.4,56.0,2026-09-19T08:00,,,
167635531,school,Lycée 1 Novembre 1954,,36.07775496,4.74105578,6330,6330,True,Bordj Bou Arréridj,10.4,56.0,2026-09-19T08:00,,,
167877278,school,CEM Azouz AEK,,36.07843378,4.7551939,3558,3558,True,Bordj Bou Arréridj,10.4,56.0,2026-09-19T08:00,,,
167877280,school,Ecole Benkahla Ahmed,,36.07866286,4.75587928,1231,1231,True,Bordj Bou Arréridj,10.4,56.0,2026-09-19T08:00,,,
167884278,school,Ecole Benaaza Derradj,,36.08432844545455,4.757609127272727,3133,3133,True,Bordj Bou Arréridj,10.4,56.0,2026-09-19T08:00,,,
167905727,school,École Guendouz Abdelkader,,36.0782824,4.780186742857143,1503,1503,True,Bordj Bou Arréridj,10.4,56.0,2026-09-19T08:00,,,
168045100,place_of_worship,مسجد ابن باديس,مسجد ابن باديس,36.07299426666666,4.766662433333333,2018,2018,True,Bordj Bou Arréridj,10.4,56.0,2026-09-19T08:00,,,
168453749,school,Lycée Frantz Fanon,,36.375040692,6.635798648,11776,11776,True,Constantine,8.4,54.0,2026-09-19T08:00,,,
168453750,school,Lycée Tarek Ibn Ziad,,36.37082698333333,6.63630725,12758,12758,True,Constantine,8.4,54.0,2026-09-19T08:00,,,
169846285,place_of_worship,Mosquée Abdelhamid Benbadis,,36.40751651111111,5.947058011111111,1272,1272,True,Mila,10.5,52.0,2026-09-19T08:00,,,
169846292,school,Lycée Mohamed Boudiaf,,36.41106794375,5.94781473125,11428,11428,True,Mila,10.5,52.0,2026-09-19T08:00,,,
169846619,place_of_worship,,,36.41125474,5.937392839999999,1997,1997,True,Mila,10.5,52.0,2026-09-19T08:00,,,
169917718,school,Ecole Ahmed Abderrezak,,36.4092017,5.944571344444444,758,758,True,Mila,10.5,52.0,2026-09-19T08:00,,,
169917720,school,CEM Frères El Filali,,36.409639371428575,5.9456969,3864,3864,True,Mila,10.5,52.0,2026-09-19T08:00,,,
169923617,school,Ecole Larbi Boufniza,,36.412786036363634,5.948930681818182,1682,1682,True,Mila,10.5,52.0,2026-09-19T08:00,,,
169923620,place_of_worship,,,36.41222710666667,5.948702993333333,1463,1463,True,Mila,10.5,52.0,2026-09-19T08:00,,,
170052371,place_of_worship,,,36.4073749,6.03627562,848,848,True,Mila,10.1,52.0,2026-09-19T08:00,,,
170052372,health_facility,Dispensaire,,36.40973475,6.044341916666667,100,100,False,Mila,10.1,52.0,2026-09-19T08:00,,,
170052373,place_of_worship,Mosquée Etakwa,,36.40869278571429,6.040962442857143,847,847,True,Mila,10.1,52.0,2026-09-19T08:00,,,
170052374,school,CEM Draa Lahmar 1959,,36.406038144444445,6.039336422222222,4569,4569,True,Mila,10.1,52.0,2026-09-19T08:00,,,
170143432,school,Lycée Kamel Abdellah Bacha,,36.42412850588236,6.12090125882353,8935,8935,True,Mila,10.9,53.0,2026-09-19T08:00,,,
170143438,school,Ecole Primaire Bouazza El Amri,,36.41867566,6.12066838,3348,3348,True,Mila,10.9,53.0,2026-09-19T08:00,,,
170143439,school,Lycée Houari Boumediene,ثانوية هواري بومدين,36.43298134166667,6.125971283333333,9657,9657,True,Mila,10.9,53.0,2026-09-19T08:00,,,
170143453,school,CEM Al Istiqlal,,36.42149798888889,6.120925633333333,3116,3116,True,Mila,10.9,53.0,2026-09-19T08:00,,,
170401941,school,Technicium Serrar Abdelhamid,,36.47458099,6.18466087,9108,9108,True,Mila,10.9,53.0,2026-09-19T08:00,,,
170403431,school,CEM Colonel Amirouche,,36.47457759230769,6.182012107692308,5874,5874,True,Mila,10.9,53.0,2026-09-19T08:00,,,
170403432,school,École Mohamed Loucif,,36.469010575,6.174984441666666,1263,1263,True,Mila,10.9,53.0,2026-09-19T08:00,,,
170403434,school,CEM El Aribi Bachir,,36.46561814166667,6.175913649999999,4017,4017,True,Mila,10.9,53.0,2026-09-19T08:00,,,
170403438,place_of_worship,Mosquée Aboumouhadjer El Dinar,,36.46870472,6.17469064,427,427,True,Mila,10.9,53.0,2026-09-19T08:00,,,
170403439,school,CEM Allaoua Ibn Talha,,36.47052886666666,6.170884483333334,6095,6095,True,Mila,10.9,53.0,2026-09-19T08:00,,,
170403441,school,École Chaïbi Lakhdar,,36.468734445454544,6.1759391,836,836,True,Mila,10.9,53.0,2026-09-19T08:00,,,
170403442,health_facility,Polyclinique Lefilef Mohamed,,36.4691489,6.17386896,100,100,False,Mila,10.9,53.0,2026-09-19T08:00,,,
170403443,place_of_worship,Mosquée Aboubakr Essadik,,36.4674554,6.173114972727273,849,849,True,Mila,10.9,53.0,2026-09-19T08:00,,,
170520649,school,Lycée Derdara,,36.52253653333333,6.256064883333333,2249,2249,True,Mila,10.5,52.0,2026-09-19T08:00,,,
170520656,school,Ecole Hocine Debbah,,36.5204191,6.258457255555555,1706,1706,True,Mila,10.5,52.0,2026-09-19T08:00,,,
176185619,school,CEM Boufenara Seghir,,36.3353582,6.6359387666666665,2299,2299,True,Constantine,8.4,54.0,2026-09-19T08:00,,,
176185634,health_facility,Polyclinique Boumezroug,,36.33584164,6.63611118,20,20,False,Constantine,8.4,54.0,2026-09-19T08:00,,,
180576200,place_of_worship,مسجد علي بن أبي طالب,مسجد علي بن أبي طالب,36.78137164444445,5.9009024,1877,1877,True,Jijel,9.2,48.0,2026-09-19T08:00,,,
180643072,health_facility,عيادة متعددة الخدمات,عيادة متعددة الخدمات,36.78172171,5.9001152,20,20,False,Jijel,9.2,48.0,2026-09-19T08:00,,,
180643079,school,ثانوية لعبني أحمد,ثانوية لعبني أحمد,36.78119166315789,5.898734647368421,6737,6737,True,Jijel,10.6,48.0,2026-09-19T08:00,,,
180666296,school,متوسطة بغول عبد الرحمان,متوسطة بغول عبد الرحمان,36.77764147142857,5.898861971428572,1389,1389,True,Jijel,10.6,48.0,2026-09-19T08:00,,,
180666297,school,المدرسة الإبتدائية عنان سعيد,المدرسة الإبتدائية عنان سعيد,36.77679228461538,5.898946007692308,983,983,True,Jijel,10.6,48.0,2026-09-19T08:00,,,
181286781,health_facility,Hôpital Saroub El Khatir,,36.14904447,5.68334239,100,100,False,Sétif,8.6,55.0,2026-09-19T08:00,,,
181330951,school,Ecole du 17 Octobre 1961,,36.1577886125,5.6779357375,1837,1837,True,Sétif,8.6,55.0,2026-09-19T08:00,,,
181330953,school,Ecole Salah Boureghda,,36.15901502857143,5.692638342857143,1635,1635,True,Sétif,8.6,55.0,2026-09-19T08:00,,,
181330954,place_of_worship,Mosquée El Boukhari,مسجد البخاري,36.1584548,5.69380544,5846,5846,True,Sétif,8.6,55.0,2026-09-19T08:00,,,
181330957,school,,,36.16386778333334,5.682766233333333,1548,1548,True,Sétif,8.6,55.0,2026-09-19T08:00,,,
181330959,school,Lycée Bekir Zayer,ثانوية بكير زاير,36.1569251,5.6892455375,3003,3003,True,Sétif,8.6,55.0,2026-09-19T08:00,,,
181330962,health_facility,Maternité,,36.156514771428576,5.684450685714286,100,100,False,Sétif,8.6,55.0,2026-09-19T08:00,,,
181330963,health_facility,EPSP,,36.15279992222222,5.684816538888889,100,100,False,Sétif,8.6,55.0,2026-09-19T08:00,,,
181330964,school,CEM Boukadoura,,36.15352025714286,5.681425942857143,11675,11675,True,Sétif,8.6,55.0,2026-09-19T08:00,,,
181330965,school,Lycée Malek Ben Anas,ثانوية مالك بن أنس,36.156273170967744,5.692948729032258,13476,13476,True,Sétif,8.6,55.0,2026-09-19T08:00,,,
181330967,school,Lycée Chihab ثانوية شهاب,,36.15681281538461,5.680587261538462,20000,20000,True,Sétif,8.6,55.0,2026-09-19T08:00,,,
181330971,school,,,36.16378882,5.6838988200000005,2454,2454,True,Sétif,8.6,55.0,2026-09-19T08:00,,,
181330972,place_of_worship,Mosquée Yasser Ben Amar,,36.15879267142857,5.675874928571429,401,401,True,Sétif,8.6,55.0,2026-09-19T08:00,,,
181330974,school,Lycée Tarek Ibn Ziad,ثانوية طارق بن زياد,36.15562594545455,5.699940118181818,13003,13003,True,Sétif,8.6,55.0,2026-09-19T08:00,,,
181332289,school,Ecole Boumaaraf Said,إبتدائية بومعراف السعيد,36.15407608,5.694779049999999,2291,2291,True,Sétif,8.6,55.0,2026-09-19T08:00,,,
181332293,school,CEM Larbi Tebessi,,36.15319121428571,5.698379628571429,2569,2569,True,Sétif,8.6,55.0,2026-09-19T08:00,,,
181332298,school,Lycée Bachir Guessab,ثانوية البشير قصاب,36.1544042,5.693456586666667,11107,11107,True,Sétif,8.6,55.0,2026-09-19T08:00,,,
181335969,place_of_worship,,,36.1453219,5.673557699999999,4409,4409,True,Sétif,8.6,55.0,2026-09-19T08:00,,,
181335974,school,Herrada El Ayachi Elementary School,إبتدائية هرادة العياشي,36.1428015,5.68157712,1562,1562,True,Sétif,8.6,55.0,2026-09-19T08:00,,,
181335976,school,Ibn Rochd Elementary School,إبتدائية ابن رشد,36.15149766923077,5.704208661538461,1300,1300,True,Sétif,8.3,54.0,2026-09-19T08:00,,,
181335978,school,Ibn Khaldoun Middle School,متوسطة ابن خلدون,36.14603616666667,5.701754022222222,2136,2136,True,Sétif,8.3,54.0,2026-09-19T08:00,,,
181335983,school,Ahmed El Makri Elementary School,إبتدائية أحمد المقري,36.14381454,5.70353822,1053,1053,True,Sétif,8.3,54.0,2026-09-19T08:00,,,
181335984,school,Ecole Guidoum,,36.15261292857143,5.678600342857143,1680,1680,True,Sétif,8.6,55.0,2026-09-19T08:00,,,
181335986,place_of_worship,Mosquée El Taqoua,,36.143969000000006,5.678316335294118,1359,1359,True,Sétif,8.6,55.0,2026-09-19T08:00,,,
181335988,place_of_worship,Mosquée Emir Abdelkader,مسجد الأمير عيد القادر,36.1507177,5.6946537,3781,3781,True,Sétif,8.6,55.0,2026-09-19T08:00,,,
181335989,school,Abouder El Gheffari Middle School,متوسطة أبوذر الغفاري,36.14893598,5.69888284,2226,2226,True,Sétif,8.6,55.0,2026-09-19T08:00,,,
181335990,place_of_worship,Mosquée Imam Malek,,36.145637271428576,5.702986285714286,2063,2063,True,Sétif,8.3,54.0,2026-09-19T08:00,,,
181335991,school,CEM Abdelatif Amrane,,36.15120468571428,5.678276142857143,15814,15814,True,Sétif,8.6,55.0,2026-09-19T08:00,,,
181335992,place_of_worship,Mosquée El Athiq,المسجد العتيق,36.14813646,5.69334688,791,791,True,Sétif,8.6,55.0,2026-09-19T08:00,,,
181335994,school,Frères SAIDI Elementary School,إبتدائية الإخوة سعيدي,36.14401894444445,5.706500044444445,1514,1514,True,Sétif,8.3,54.0,2026-09-19T08:00,,,
181340421,place_of_worship,Mosquée Imam El Boukhari,,36.16074626111111,5.702331116666667,2703,2703,True,Sétif,8.3,54.0,2026-09-19T08:00,,,
181340422,school,CEM Hamid Ben Badis,,36.14959385,5.693414566666667,3000,3000,True,Sétif,,,,,,
181340425,school,Mohamed Bachir El-Ibrahimi Elementary School,إبتدائية محمد بشير الإبراهيمي,36.14945081111111,5.6913084666666665,720,720,True,Sétif,,,,,,
181340426,place_of_worship,Mosquée Errahma,,36.1510137,5.690907385714286,425,425,True,Sétif,,,,,,
181340428,place_of_worship,Mosquée Omar Ibn Khatab,,36.1549654375,5.68438835,4911,4911,True,Sétif,,,,,,
181340434,school,Bennouna Ibrahim Middle School,متوسطة بنونة إبراهيم,36.15781737272727,5.70124929090909,4055,4055,True,Sétif,,,,,,
181340436,school,Ahmed Aiass Middle School,متوسطة أحمد عايس,36.150136116666665,5.691511383333332,1015,1015,True,Sétif,,,,,,
181445897,place_of_worship,Mosquée Messaoud Zougar,,36.15239208888889,5.6917194,428,428,True,Sétif,,,,,,
181450625,place_of_worship,,,36.1635465,5.693332585714286,1661,1661,True,Sétif,,,,,,
181476062,place_of_worship,Mosque Abdullah ibn Masoud,مسجد عبد الله بن مسعود,36.15337072,5.7094648,696,696,True,Sétif,,,,,,
181592033,place_of_worship,,,36.1517496,5.675128828571429,1373,1373,True,Sétif,,,,,,
182091852,school,Daikh Hamou Elementary School,إبتدائية دايخ حمو,36.146471325,5.6764647375,986,986,True,Sétif,,,,,,
182091866,school,El Eulmi Salleh Elementary School,إبتدائية العلمي صالح,36.14327768333334,5.679673983333333,1529,1529,True,Sétif,,,,,,
182091878,school,Sebihi Belkacem Middle School,متوسطة صبيحي بلقاسم,36.14340908571428,5.678259392857143,2667,2667,True,Sétif,,,,,,
183352579,school,CEM Danielle Mines,,36.461113821739126,4.537515452173913,3541,3541,True,Bordj Bou Arréridj,,,,,,
183352584,school,Lycée Hafsa,,36.45888645,4.5295767625,7990,7990,True,Bordj Bou Arréridj,,,,,,
183352585,health_facility,Hôpital Akloul Ali,,36.4589672125,4.5254851375000005,100,100,False,Bordj Bou Arréridj,,,,,,
183353507,school,CEM Mouloud Feraoun,,36.4634074,4.535886199999999,1675,1675,True,Bordj Bou Arréridj,,,,,,
183355957,school,Primaire Mouloud Feraoun,,36.46424152,4.535512160000001,460,460,True,Bordj Bou Arréridj,,,,,,
183374544,health_facility,Ancien Hopital,,36.46516506363636,4.531936309090909,100,100,False,Bordj Bou Arréridj,,,,,,
183846438,school,CEM Abane Ramdane,متوسطة عبان رمضان,36.44981674444445,4.540718011111111,5534,5534,True,Bordj Bou Arréridj,,,,,,
183846441,school,,,36.44956014615384,4.539744569230769,4306,4306,True,Bordj Bou Arréridj,,,,,,
183846442,school,Lycée Krim Belkacem,,36.45023601764706,4.537098041176471,17026,17026,True,Bordj Bou Arréridj,,,,,,
184850865,school,CEM Malek Kaddoum,,36.46163111428572,4.5282586785714285,5728,5728,True,Bordj Bou Arréridj,,,,,,
184850866,school,CEM Youcef Benberkane,,36.46012575,4.528198695454545,7060,7060,True,Bordj Bou Arréridj,,,,,,
184850869,school,CEM du Stade,,36.46198847272728,4.5296002,5448,5448,True,Bordj Bou Arréridj,,,,,,
184850870,health_facility,Clinique Hamani,,36.46245357,4.52408574,20,20,False,Bordj Bou Arréridj,,,,,,
185318258,school,CEM labsir Abdelmadjid متوسطة لبصير عبد المجيد,متوسطة لبصير عبد المجيد,36.20123067142857,5.421043500000001,1559,1559,True,Sétif,,,,,,
185318262,place_of_worship,مسجد التوبة,مسجد التوبة,36.20436362,5.4223042800000005,2162,2162,True,Sétif,,,,,,
185318263,school,Lycée des 500 Logements ثانوية 500 مسكن,ثانوية 500 مسكن,36.20144702142857,5.421926271428572,9329,9329,True,Sétif,,,,,,
185318265,school,CEM Abdelhamid Laghouati متوسطة لغواطي عبد الحميد,متوسطة لغواطي عبد الحميد,36.20092534166667,5.419079466666666,11044,11044,True,Sétif,,,,,,
185318267,school,CEM Mohamed Safi ed Dine متوسطة محمد صفي الدين,متوسطة محمد صفي الدين,36.20043364285714,5.417866357142858,1520,1520,True,Sétif,,,,,,
185318269,school,Chams eddin,,36.20277893636364,5.422755990909091,1537,1537,True,Sétif,,,,,,
185318271,place_of_worship,Mosquée Abou Bakr As-Siddiq,مسجد أبو بكر الصديق,36.20081156,5.42911372,5677,5677,True,Sétif,,,,,,
185318272,health_facility,Centres de Santé,,36.20026244,5.429518379999999,100,100,False,Sétif,,,,,,
185615550,school,,,36.20664245,5.424097166666667,2248,2248,True,Sétif,,,,,,
185615554,school,Lycée Malika Gaid ثانوية مليكة قايد,ثانوية مليكة قايد,36.1874896125,5.41013925,3437,3437,True,Sétif,,,,,,
185615556,school,Technicum Abou Bakr Karaoui,,36.18336902,5.41986824,20000,20000,True,Sétif,,,,,,
185627430,school,Lycée Zahraoui ثانوية زهراوي,ثانوية زهراوي,36.184515125,5.3952728125,13038,13038,True,Sétif,,,,,,
185823661,school,,,36.1997754,5.404675728571428,2467,2467,True,Sétif,,,,,,
185823666,health_facility,,,36.202061422222215,5.405836066666667,100,100,False,Sétif,,,,,,
186322433,school,Benalioui Salah,,36.190315250000005,5.42531987,1989,1989,True,Sétif,,,,,,
196110906,school,Lycée Debbih Cherif,,36.45683873157895,4.52803827368421,15077,15077,True,Bordj Bou Arréridj,,,,,,
196111920,school,Ecole Primaire,,36.45711571538462,4.530276830769231,4412,4412,True,Bordj Bou Arréridj,,,,,,
196111922,school,Ecole Primaire Ifis Larbi,,36.45768078571429,4.5275165,795,795,True,Bordj Bou Arréridj,,,,,,
196121199,school,Crèche communale,,36.46285624615385,4.525455023076924,2014,2014,True,Bordj Bou Arréridj,,,,,,
196123147,school,Ecole Primaire Akli Zamouche,,36.4606470375,4.5351693125,629,629,True,Bordj Bou Arréridj,,,,,,
197081401,school,CEM Gherbi Salah,إكمالية الشهيد غربي صالح,36.606409553333336,4.639173573333333,849,849,True,Béjaïa,,,,,,
197596150,school,Collège Tsaatache,,36.87144222222222,6.607752333333334,2678,2678,True,Skikda,,,,,,
197597312,school,Ecole primaire,,36.87555974117647,6.608574229411765,1157,1157,True,Skikda,,,,,,
197847172,school,Ecole primaire,,36.86949452857142,6.603430757142857,1949,1949,True,Skikda,,,,,,
197847173,health_facility,,,36.87702461111111,6.608590644444444,100,100,False,Skikda,,,,,,
197849483,school,Ecole primaire,,36.8623422,6.615225827272727,968,968,True,Skikda,,,,,,
198088943,school,Ecole Mohamed Boukrea,,36.260092416666666,6.5714326666666665,1416,1416,True,Constantine,,,,,,
198088945,school,متوسطة علي منجلي 2,متوسطة علي منجلي 2,36.2603916,6.57653545,3158,3158,True,Constantine,,,,,,
198088975,school,ثانوية بوهالي محمد السعيد,ثانوية بوهالي محمد السعيد,36.26028406,6.58221007,5439,5439,True,Constantine,,,,,,
198095058,health_facility,Hôpital Militaire de Ali Mendjeli,المستشفى العسكري علي منجلي,36.24669546774194,6.590407480645161,100,100,False,Constantine,,,,,,
198095062,school,CEM Ali Mendjeli 3,,36.258107025,6.575552708333333,4505,4505,True,Constantine,,,,,,
198095063,school,مدرسة نايلي صالح,مدرسة نايلي صالح,36.252434615,6.586387905,1460,1460,True,Constantine,,,,,,
198095073,school,Lycée Kateb Yacine,,36.250982754545454,6.581980259090909,5068,5068,True,Constantine,,,,,,
198102059,school,Ecole Rabah Haneche,,36.38059038888889,6.643684433333333,3788,3788,True,Constantine,,,,,,
198102060,school,CEM Hamdane Ben Lounici,,36.38623077777778,6.6403041,3243,3243,True,Constantine,,,,,,
198102061,school,مدرسة جدو رابح,مدرسة جدو رابح,36.380001416666666,6.6354131,1298,1298,True,Constantine,,,,,,
198102069,school,Mosquée Mohamed El Amine,,36.38189993636364,6.645151136363637,776,776,True,Constantine,,,,,,
198102075,place_of_worship,مسجد الأنصار,مسجد الأنصار,36.387021257142855,6.640442671428572,1084,1084,True,Constantine,,,,,,
198102078,place_of_worship,مسجد الإخلاص,مسجد الإخلاص,36.393314206666666,6.647740973333333,1643,1643,True,Constantine,,,,,,
198102081,health_facility,Hopital Psychiatrique,,36.39015548666667,6.647525886666667,100,100,False,Constantine,,,,,,
198102086,school,Ecole Mohamed Meziani,,36.3792131,6.642782200000001,1438,1438,True,Constantine,,,,,,
198102089,school,Ecole Ketab El Bahi,,36.3884654,6.638917716666666,1762,1762,True,Constantine,,,,,,
198102098,place_of_worship,مسجد الهجرة,مسجد الهجرة,36.37906756666667,6.635928116666666,2257,2257,True,Constantine,,,,,,
198102111,school,مدرسة بومزير أحمد,مدرسة بومزير أحمد,36.37762761111112,6.6350239,1625,1625,True,Constantine,,,,,,
198102113,school,CEM Mouloud Mehri,,36.3822231,6.644582475,2171,2171,True,Constantine,,,,,,
198102116,school,ثانوية جبل الوحش,ثانوية جبل الوحش,36.39399306956522,6.652161682608695,8644,8644,True,Constantine,,,,,,
198102118,school,ثانوية الزيادية,ثانوية الزيادية,36.38088217857143,6.637501042857143,5783,5783,True,Constantine,,,,,,
198102119,school,Lycée Frères Lakhal,,36.38005849090909,6.6322972,8166,8166,True,Constantine,,,,,,
198102130,school,متوسطة مفدي زكرياء,متوسطة مفدي زكرياء,36.3921642375,6.6446462125,6763,6763,True,Constantine,,,,,,
198102912,school,Lycée Frères Beskri,,36.37312465,6.625443541666667,6540,6540,True,Constantine,,,,,,
198102919,school,CEM Ibn Badis,,36.37708696666667,6.6288762666666665,3740,3740,True,Constantine,,,,,,
198102920,school,Ecole Ibn Tafil,,36.37683661111111,6.631357722222223,1389,1389,True,Constantine,,,,,,
198102921,school,CEM Mohamed Loucif,,36.373724646153846,6.623475276923077,3836,3836,True,Constantine,,,,,,
198102924,school,مدرسة حيحي المكي الثانوية,مدرسة حيحي المكي الثانوية,36.36977380333334,6.62378953,7715,7715,True,Constantine,,,,,,
198102938,school,Ecole Ibn El Faredh,,36.37864425555556,6.627665988888889,1298,1298,True,Constantine,,,,,,
199094140,school,Lycée Mohamed Aouachria,ثانوية محمد عواشرية,36.92564410526315,7.757116968421053,10525,10525,True,Annaba,,,,,,
199094141,school,Ecole Primaire Frikh AbdelHamid,,36.925717500000005,7.7557282,1737,1737,True,Annaba,,,,,,
200467363,place_of_worship,,,36.802905957142855,6.139522985714286,499,499,True,Jijel,,,,,,
201169058,school,CEM Si Laarbi Touati,,36.48466472083333,4.5108811125,4013,4013,True,Tizi Ouzou,,,,,,
202281353,school,Lycée Yourass Abbes,,36.86568305714286,6.921484971428571,12518,12518,True,Skikda,,,,,,
202707913,school,Ecole Benbadis,,36.457744690909095,6.0448214,1163,1163,True,Mila,,,,,,
202708754,school,CEM Khelalfa,اكمالية عبد المجيد خلالفة,36.460899,6.03738184,3051,3051,True,Mila,,,,,,
202760205,school,Lycée Boumarouane,,36.91063585,7.751814315,6226,6226,True,Annaba,,,,,,
205817798,place_of_worship,,,36.3794995,7.765036999999999,946,946,True,Souk Ahras,,,,,,
211878643,school,Lycée Houari Boumediène,,36.41667161,7.28247391,10314,10314,True,Guelma,,,,,,
212065937,school,CEM frères Rahabi,,36.45354627142857,7.440971085714286,8215,8215,True,Guelma,,,,,,
213217849,school,Ecole des frères Boudjerda,,36.3818022,6.57530654,1707,1707,True,Constantine,,,,,,
213217859,place_of_worship,,,36.38125374,6.57502068,731,731,True,Constantine,,,,,,
214448285,school,Primaire BEHLOUL Ahmed,,36.65196248888888,6.8321082,2929,2929,True,Skikda,,,,,,
214448286,school,École primaire BOURABTA Moustapha,,36.65698804,6.83659646,2346,2346,True,Skikda,,,,,,
214448302,place_of_worship,EL Masjid El AAtik,,36.65168173333333,6.834183500000001,1355,1355,True,Skikda,,,,,,
214448303,school,El MADRASSA EL KORANNIA,,36.65368866,6.84101814,237,237,True,Skikda,,,,,,
214448305,health_facility,Hôpital d'El Harrouch,,36.65543323,6.838249530000001,100,100,False,Skikda,,,,,,
214448307,school,Elkaouakibi senior high school (Lycée),,36.6512362125,6.82621855,17883,17883,True,Skikda,,,,,,
214448308,school,Ecole primaire Frères DERRADJI,,36.658893166666665,6.84058885,1266,1266,True,Skikda,,,,,,
214448310,school,Lycée Ibn Zaydoun,,36.6547721,6.834048623076924,11410,11410,True,Skikda,,,,,,
214448360,school,اكمالية صبوع محمد,اكمالية صبوع محمد,36.64951718461538,6.836216684615384,8669,8669,True,Skikda,,,,,,
214448368,school,Lycée technique Said Boutine,,36.65741048333333,6.840829233333333,12502,12502,True,Skikda,,,,,,
214448403,school,Lycée Zighoud youcef,,36.653414600000005,6.83607318,4471,4471,True,Skikda,,,,,,
214448693,place_of_worship,Mosquée Ibn Badis,,36.6553162,6.831423320000001,3665,3665,True,Skikda,,,,,,
214448701,school,,,36.64939775714286,6.836868685714286,1574,1574,True,Skikda,,,,,,
214448711,school,,,36.65405578888888,6.841232277777777,2598,2598,True,Skikda,,,,,,
214448715,school,CEM 1er novembre 54,,36.65840236666667,6.8384536,5802,5802,True,Skikda,,,,,,
218795066,place_of_worship,Mosquée Ammar Ibn Yasser,,36.26904555,6.4974843,1154,1154,True,Constantine,,,,,,
227477715,fire_station,Protection civile,الحماية المدنية,36.776983060000006,5.90291326,30,30,False,Jijel,,,,,,
227477718,school,ثانوية أحمد بومنجل,ثانوية أحمد بومنجل,36.77611910769231,5.904398884615385,7474,7474,True,Jijel,,,,,,
227478965,school,متوسطة الإرشاد,متوسطة الإرشاد,36.77687110666667,5.9047636,8381,8381,True,Jijel,,,,,,
227478966,school,المدرسة الإبتدائية يخلف حسين,المدرسة الإبتدائية يخلف حسين,36.77758911666667,5.905399066666667,2266,2266,True,Jijel,,,,,,
228151203,place_of_worship,مسجد الإمام مالك,مسجد الإمام مالك,36.0743056,4.7777272875,1038,1038,True,Bordj Bou Arréridj,,,,,,
228151212,school,مدرسة فارس الحسين,مدرسة فارس الحسين,36.068303057142856,4.777885014285714,3218,3218,True,Bordj Bou Arréridj,,,,,,
228151213,school,مدرسة سغيني بلال,مدرسة سغيني بلال,36.06774764,4.77740678,2034,2034,True,Bordj Bou Arréridj,,,,,,
228151221,place_of_worship,Mosquée Ali Ibn Abi Talib,مسجد علي إبن أبي طالب,36.07751366666667,4.772312711111111,12128,12128,True,Bordj Bou Arréridj,,,,,,
228460323,health_facility,Hopital Mohamed BOUDIAF,,36.50990196,8.101230300000001,100,100,False,Souk Ahras,,,,,,
228460705,place_of_worship,مسجد عبد الحميد ابن باديس,مسجد عبد الحميد ابن باديس,36.50347902,8.10560766,1379,1379,True,Souk Ahras,,,,,,
228680100,place_of_worship,,,36.03931772857143,4.817493028571429,4925,4925,True,Bordj Bou Arréridj,,,,,,
228684178,school,المدرسة الإكمالية حمداني لحسن,,36.055608775,4.788993366666666,4895,4895,True,Bordj Bou Arréridj,,,,,,
228968496,school,CEM Abdel Moumene,,36.3424167,6.600539527272727,10717,10717,True,Constantine,,,,,,
228968497,school,Ecole primaire Kadi Boubaker,,36.34363871428571,6.601879228571428,1974,1974,True,Constantine,,,,,,
228968499,place_of_worship,Abi Ayoub Al Ansari,أبي أيوب الأنصاري,36.35406177692308,6.63447543076923,848,848,True,Constantine,,,,,,
228968502,school,Ahmed Bou Chamel Et Ferni Khadidja,,36.3546359,6.63464158,328,328,True,Constantine,,,,,,
228968503,school,Lycée Technique Ali Boushaba,,36.35624828,6.63473027,9098,9098,True,Constantine,,,,,,
228997207,place_of_worship,,,36.08929596,4.87127046,438,438,True,Bordj Bou Arréridj,,,,,,
229010874,place_of_worship,Mosquée Bilal Ibn Rabah,مسجد بلال ابن رباح,36.13225602857143,4.672354242857144,3047,3047,True,Bordj Bou Arréridj,,,,,,
229172456,place_of_worship,Mosquée Omar Ben Abdelaziz,,36.06910374,4.77023696,2222,2222,True,Bordj Bou Arréridj,,,,,,
229172457,school,CEM Mohammed Bengharbi,,36.06612638,4.76800071,11245,11245,True,Bordj Bou Arréridj,,,,,,
229172458,school,Ecole Hadadi Khaled,,36.06576366,4.7700231,3198,3198,True,Bordj Bou Arréridj,,,,,,
229172459,health_facility,Hôpital Bouzidi Lakhdar,مستشفى بوزيدي لخضر,36.06285001875,4.77070749375,100,100,False,Bordj Bou Arréridj,,,,,,
229172460,school,CEM Adjil Djoudi,,36.06337907777778,4.769993344444445,2385,2385,True,Bordj Bou Arréridj,,,,,,
229172461,place_of_worship,Mosquée Okba Ibn Nafaâ,,36.06313683333333,4.765058716666666,2613,2613,True,Bordj Bou Arréridj,,,,,,
229172463,school,École 8 Mai 1945,,36.05967142,4.76192884,2978,2978,True,Bordj Bou Arréridj,,,,,,
229224449,school,CEM Fréres Lourak Larbi et Ali,,36.07677984285714,4.774638657142857,2504,2504,True,Bordj Bou Arréridj,,,,,,
229224451,health_facility,Polyclinique Monia,,36.076366766666666,4.772519066666667,20,20,False,Bordj Bou Arréridj,,,,,,
229224460,school,École Primaire Zaoui Moussa,,36.08035348888889,4.7806137,3089,3089,True,Bordj Bou Arréridj,,,,,,
229224462,school,CEM Cité 680 Logements,,36.0814552,4.779447571428571,3395,3395,True,Bordj Bou Arréridj,,,,,,
229224463,school,CEM Lotissement 1044 LOTS,,36.083041,4.7800379,4747,4747,True,Bordj Bou Arréridj,,,,,,
229224483,school,CEM 11 Décembre 1960,,36.0799163,4.766409444444444,4249,4249,True,Bordj Bou Arréridj,,,,,,
229224484,school,Ecole Belahoual Larbi,,36.07967922857143,4.767326242857143,2653,2653,True,Bordj Bou Arréridj,,,,,,
229224487,school,Lycée El Mokrani,,36.081931780000005,4.77095004,4588,4588,True,Bordj Bou Arréridj,,,,,,
229224488,school,Ecole Traikia Hocine,,36.08095594,4.77076542,2195,2195,True,Bordj Bou Arréridj,,,,,,
229224491,place_of_worship,Mosquée Ibrahim Al Khalil,مسجد ابراهيم الخليل,36.07794815,4.783716833333333,8355,8355,True,Bordj Bou Arréridj,,,,,,
229224492,school,ثانوية عبد المجيد بورزق,ثانوية عبد المجيد بورزق,36.07107060714286,4.787397535714286,9159,9159,True,Bordj Bou Arréridj,,,,,,
229224493,school,École 20 Août 1955,,36.07251728,4.78812366,2396,2396,True,Bordj Bou Arréridj,,,,,,
229224494,school,CEM Touati Ahmed,,36.073040985714286,4.787717528571428,2704,2704,True,Bordj Bou Arréridj,,,,,,
229224495,fire_station,Unité de protection civile,الحماية المدنية,36.060413525,4.7866921125,30,30,False,Bordj Bou Arréridj,,,,,,
231258797,health_facility,Dispensaire,,36.66956206666666,4.520309350000001,20,20,False,Tizi Ouzou,,,,,,
231259791,school,Ecole Moyenne (C.E.M),,36.66698236428572,4.513822392857143,2792,2792,True,Tizi Ouzou,,,,,,
232983478,school,Ecole Primaire Brahim Boutouga,,36.87435191428572,6.910183600000001,714,714,True,Skikda,,,,,,
232983480,school,Ecole Primaire Kouissem Abdelhak,,36.87477405,6.9100961,1022,1022,True,Skikda,,,,,,
232983481,school,Lycée Boudebza Abdesslem,ثانوية بودبزة عبد السلام,36.87601044,6.910969830000001,6536,6536,True,Skikda,,,,,,
233451896,place_of_worship,Mosquée Abou Bak'r Essidik - Mechta Redjas,,36.423309223529415,6.118594823529412,1687,1687,True,Mila,,,,,,
233453467,health_facility,Hôpital de Mila,,36.443853775,6.262004845,100,100,False,Mila,,,,,,
233454879,place_of_worship,Mosquée Moubarek El Mili,,36.45132376,6.265857819999999,1576,1576,True,Mila,,,,,,
233454880,place_of_worship,Mosquée El Fath,,36.44909756363637,6.266593563636364,767,767,True,Mila,,,,,,
233458028,fire_station,Unité Principale de la Protection Civile Mila,الحماية المدنية,36.44842125555556,6.257818644444445,30,30,False,Mila,,,,,,
233458029,place_of_worship,Mosquée El Forkane,,36.44863515384616,6.259390146153847,4217,4217,True,Mila,,,,,,
233458031,health_facility,Hôpital DU JOUR,,36.45007552,6.26242116,100,100,False,Mila,,,,,,
233459885,school,Lycée Abdelhafid Boussouf,,36.45964787692307,6.268638776923077,7381,7381,True,Mila,,,,,,
233464083,fire_station,Unité de Protection Civile,الحماية المدنية,36.43117568181818,6.119063545454545,30,30,False,Mila,,,,,,
233464521,place_of_worship,,,36.42924218,6.12062692,439,439,True,Mila,,,,,,
233465616,school,Légendaire CEM Polytechnique,,36.4298494,6.123158242857143,6798,6798,True,Mila,,,,,,
233466053,health_facility,Polyclinique,,36.43278382222222,6.1223959444444445,20,20,False,Mila,,,,,,
233466327,school,CEM Zaghdoud Ali,,36.43047655,6.1268777625,6822,6822,True,Mila,,,,,,
233497139,school,CEM 1er novembre 1954,,36.54908051111111,6.125596866666666,1703,1703,True,Mila,,,,,,
233955567,school,,,36.6055407,4.63772282,167,167,True,Béjaïa,,,,,,
233959478,school,Ecole primaire des frères Saïghi,,36.60572293636364,4.638618118181818,1023,1023,True,Béjaïa,,,,,,
234047841,place_of_worship,Mosquée Al Rahmane,,36.4335912,6.122168,1387,1387,True,Mila,,,,,,
234048447,health_facility,Salle de Soins,,36.4475868,6.14745295,100,100,False,Mila,,,,,,
234048450,place_of_worship,,,36.446213375,6.147015325000001,365,365,True,Mila,,,,,,
234050280,health_facility,Salle de Soins,,36.4119153375,6.128196525,100,100,False,Mila,,,,,,
234050281,school,Ecole primaire,,36.4122948,6.128406399999999,863,863,True,Mila,,,,,,
234103090,school,Ecole primaire de Zountar,المدرسة الابتدائية زونطار,36.5972031,4.6441043,528,528,True,Béjaïa,,,,,,
234541438,school,Ecole Primaire,,36.42925565555556,6.119168,1999,1999,True,Mila,,,,,,
234541439,school,Ecole Primaire,,36.43048705555556,6.120239177777778,1007,1007,True,Mila,,,,,,
234543534,school,Ecole Primaire Hamimes,,36.43336907272728,6.123365172727273,1456,1456,True,Mila,,,,,,
234544588,school,Ecole Primaire,,36.4355388,6.12688044,1622,1622,True,Mila,,,,,,
238765213,school,École primaire Harroud Hamou,,36.59991278333333,4.626744016666667,455,455,True,Béjaïa,,,,,,
238879657,school,مدرسة خشة أحسن,مدرسة خشة أحسن,36.812380133333335,5.7707893583333325,3488,3488,True,Jijel,,,,,,
238879658,school,ثانوية كعولة تونس,ثانوية كعولة تونس,36.81147306,5.77369074,6814,6814,True,Jijel,,,,,,
238882319,health_facility,Hôpital Mohamed Seddik Benyahia,مستشفى محمد صديق بن يحيى,36.81327233548387,5.766313312903226,100,100,False,Jijel,,,,,,
238987373,health_facility,Polyclinique Adjou Mohand Salah,,36.593903296,4.622586868,20,20,False,Béjaïa,,,,,,
238992200,health_facility,Salle de soins de Takrietz,,36.579167340000005,4.65139496,20,20,False,Béjaïa,,,,,,
239053604,school,ثانوية بوراوي عمار,ثانوية بوراوي عمار,36.82069429166667,5.7519197250000005,4948,4948,True,Jijel,,,,,,
240062704,health_facility,Hopital Mohamed Meddahi,,36.40987877058824,5.950273270588235,100,100,False,Mila,,,,,,
240062705,school,CEM Khalili smail,,36.41114395,5.9496853375,12214,12214,True,Mila,,,,,,
241374731,school,CEM DEHILI MED SALAH,,36.45231711,6.25222404,2221,2221,True,Mila,,,,,,
241579706,school,CEM Chahid Belyamine Mohand Tahar,,36.596172695,4.623604645,3570,3570,True,Béjaïa,,,,,,
241846129,place_of_worship,,,36.67997398461539,5.9586201615384615,502,502,True,Jijel,,,,,,
242291279,health_facility,Hôpital de El Bouni,,36.85602176521739,7.737219669565218,100,100,False,Annaba,,,,,,
242332921,health_facility,Hôpital Rachid Belhocine,مستشفى رشيد بلحسين,36.61444488571429,4.699122314285715,100,100,False,Béjaïa,,,,,,
244050839,school,École primaire Talmath,,36.42983934,4.8308504,229,229,True,Bordj Bou Arréridj,,,,,,
244817707,place_of_worship,,,36.42927638,4.8320053000000005,571,571,True,Bordj Bou Arréridj,,,,,,
244818126,place_of_worship,Baba Hamza,,36.42909584,4.82829844,82,82,True,Bordj Bou Arréridj,,,,,,
245126911,health_facility,عيادة متعددة,عيادة متعددة,36.76927194,5.89722982,20,20,False,Jijel,,,,,,
245190209,school,Aɣerbaz Alemmas Ɛezzut C.E.M Azzout,المدرسة المتوسطة عزوت,36.61285577222222,4.689472816666667,1531,1531,True,Béjaïa,,,,,,
245191524,place_of_worship,Masjid Zubayr ibn al-Awam,مسجد الزبير بن العوام,36.896258025,7.7286135625,2022,2022,True,Annaba,9.9,48.0,2026-09-19T08:00,,,
245469852,place_of_worship,Axxam n Tzalit,,36.598979,4.63504025,114,114,True,Béjaïa,12.0,53.0,2026-09-19T08:00,,,
246183678,place_of_worship,,,36.32293026,4.8164451800000005,61,61,True,Bordj Bou Arréridj,11.1,55.0,2026-09-19T08:00,,,
246188935,place_of_worship,,,36.32156496,4.8148409,121,121,True,Bordj Bou Arréridj,11.1,55.0,2026-09-19T08:00,,,
246198218,place_of_worship,Sidi Mohand Ou Yahia,,36.31744768,4.8165627,61,61,True,Bordj Bou Arréridj,11.1,55.0,2026-09-19T08:00,,,
246204580,place_of_worship,,,36.3164929,4.83563094,117,117,True,Bordj Bou Arréridj,11.1,55.0,2026-09-19T08:00,,,
246212916,place_of_worship,,,36.3177527,4.8373611,129,129,True,Bordj Bou Arréridj,11.1,55.0,2026-09-19T08:00,,,
246458169,school,Lycée Loucif Rachid,,36.86659182,6.91856616,6270,6270,True,Skikda,12.4,51.0,2026-09-19T08:00,,,
247767461,place_of_worship,,,36.17568138,5.40787948,595,595,True,Sétif,9.4,55.0,2026-09-19T08:00,,,
248759639,school,,,36.41194252222223,5.953516072222223,1654,1654,True,Mila,10.5,52.0,2026-09-19T08:00,,,
249394221,school,ثانوية درّاع محمد الصادق,ثانوية درّاع محمد الصادق,36.8201199,5.76914415,2526,2526,True,Jijel,11.9,50.0,2026-09-19T08:00,,,
250532426,school,Ecole Abdelhamid Ben Badis,ابتدائية عبدالحميد بن باديس امصباحن,36.3218339,4.815932954545454,1078,1078,True,Bordj Bou Arréridj,11.1,55.0,2026-09-19T08:00,,,
250802507,place_of_worship,Masjid Ettakoua,مسجد التقوى,36.8365119,6.6415857,1008,1008,True,Skikda,7.9,46.0,2026-09-19T08:00,,,
250812926,place_of_worship,المدرسة القرآنية,المدرسة القرآنية,36.8358675,6.64214968,198,198,True,Skikda,7.9,46.0,2026-09-19T08:00,,,
250854958,health_facility,Hôpital de Tamalous,,36.83932148181818,6.6403143,100,100,False,Skikda,7.9,46.0,2026-09-19T08:00,,,
250921633,place_of_worship,,,36.8367966,6.63486254,447,447,True,Skikda,7.9,46.0,2026-09-19T08:00,,,
250923636,health_facility,Clinique obstétrique,مستشفى التوليد,36.83475500909091,6.643116745454545,100,100,False,Skikda,7.9,46.0,2026-09-19T08:00,,,
250925687,school,Ecole primaire Les frères Boulares,المدرسة الابتدائية الإخوة بولعراس,36.8371627875,6.644098175,1633,1633,True,Skikda,7.9,46.0,2026-09-19T08:00,,,
250957947,health_facility,مستشفى مجدوب سعيد,مستشفى مجدوب سعيد,36.78940746111111,5.9075611,100,100,False,Jijel,9.2,48.0,2026-09-19T08:00,,,
251032125,school,Ecole primaire Zirak Salah,,36.837224871428575,6.635732,1491,1491,True,Skikda,7.9,46.0,2026-09-19T08:00,,,
251123001,health_facility,Centre de santé,قاعة علاج,36.834631975,6.6423456875,20,20,False,Skikda,7.9,46.0,2026-09-19T08:00,,,
251748272,place_of_worship,,,36.77461414117647,5.903188388235295,1368,1368,True,Jijel,9.2,48.0,2026-09-19T08:00,,,
251748273,place_of_worship,,,36.79314602,5.88473174,651,651,True,Jijel,10.6,48.0,2026-09-19T08:00,,,
251792484,school,ثانوية دخلي المختار,ثانوية دخلي المختار,36.78726197647058,5.902849417647059,10706,10706,True,Jijel,9.2,48.0,2026-09-19T08:00,,,
251792485,place_of_worship,,,36.79155126,5.90514608,684,684,True,Jijel,9.2,48.0,2026-09-19T08:00,,,
251905297,health_facility,,,36.71925632,5.89737366,20,20,False,Jijel,10.6,48.0,2026-09-19T08:00,,,
252439904,school,"Ecole Primaire ""Bouzellata""",,36.44615037857143,6.633340557142858,2975,2975,True,Constantine,10.1,53.0,2026-09-19T08:00,,,
252439910,school,École Primaire Chikh Boukal Rabeh,,36.44917822,6.6349642200000005,1784,1784,True,Constantine,10.1,53.0,2026-09-19T08:00,,,
252439916,school,C.E.M Malek Ben Nabi,,36.45010858571428,6.636100285714286,3893,3893,True,Constantine,10.1,53.0,2026-09-19T08:00,,,
252440922,school,C.E.M ALI HAYOUNE,,36.45269103333333,6.634768333333333,1462,1462,True,Constantine,10.1,53.0,2026-09-19T08:00,,,
252440924,fire_station,Unité de Protection civile,الحماية المدنية,36.4505016,6.632486419999999,30,30,False,Constantine,10.1,53.0,2026-09-19T08:00,,,
252440926,school,Ecole Primaire Mâamar Bouamama,,36.444409185714285,6.637613128571429,1450,1450,True,Constantine,10.1,53.0,2026-09-19T08:00,,,
252474870,school,Lycée Technique Ibn El Haïtham,,36.44342269375,6.63169696875,10418,10418,True,Constantine,10.1,53.0,2026-09-19T08:00,,,
252590061,place_of_worship,,,36.44406193333333,6.629458733333333,883,883,True,Constantine,10.1,53.0,2026-09-19T08:00,,,
252590634,school,Ecole nouvelle 1,,36.453180933333336,6.639034416666667,958,958,True,Constantine,10.1,53.0,2026-09-19T08:00,,,
252591342,place_of_worship,,,36.45137984,6.641977,551,551,True,Constantine,10.1,53.0,2026-09-19T08:00,,,
253146439,school,C.E.M Mekhlouf Mohamed,,36.447406,6.644481442857143,6440,6440,True,Constantine,10.1,53.0,2026-09-19T08:00,,,
253147606,school,,,36.44462622857143,6.647349942857143,2465,2465,True,Constantine,10.1,53.0,2026-09-19T08:00,,,
253309110,place_of_worship,,,36.35774975,4.8093385333333325,150,150,True,Bordj Bou Arréridj,11.1,55.0,2026-09-19T08:00,,,
253331535,place_of_worship,Mosquée El Qods,مسجـــــد القــــــدس,36.32260656,4.837458440000001,610,610,True,Bordj Bou Arréridj,11.1,55.0,2026-09-19T08:00,,,
253331539,health_facility,Polyclinique Chahid Berkane,,36.3238851,4.83800486,20,20,False,Bordj Bou Arréridj,11.1,55.0,2026-09-19T08:00,,,
253331540,school,CEM Midouni Mohamed Cherif,,36.32397573636364,4.8386030363636365,1203,1203,True,Bordj Bou Arréridj,11.1,55.0,2026-09-19T08:00,,,
253338367,school,Primaire Mohamed Chamlel,,36.35858304,4.81516754,395,395,True,Bordj Bou Arréridj,11.1,55.0,2026-09-19T08:00,,,
253731447,school,CEM Salah Saadi,,36.86552198,6.91793322,8763,8763,True,Skikda,12.4,51.0,2026-09-19T08:00,,,
253731859,school,Ecole Primaire Fadila Saâdane,,36.86227115714286,6.9278303857142856,2432,2432,True,Skikda,12.4,51.0,2026-09-19T08:00,,,
253732222,school,CEM Saker Houcine,,36.863053,6.91944966,3602,3602,True,Skikda,12.4,51.0,2026-09-19T08:00,,,
253732336,school,Ecole Primaire Moufdi Zakaria,,36.86324904,6.9231168,1474,1474,True,Skikda,12.4,51.0,2026-09-19T08:00,,,
253732901,health_facility,Polyclinique Lessak Abdelmajid,,36.86491788,6.92109878,100,100,False,Skikda,12.4,51.0,2026-09-19T08:00,,,
253732931,health_facility,Laboratoire et Centre de Transfusion Sanguine,,36.86335842,6.92713876,20,20,False,Skikda,12.4,51.0,2026-09-19T08:00,,,
253913494,health_facility,Nouvel Hôpital Abderezzak Bouhara,,36.8624153,6.897816135714286,100,100,False,Skikda,11.4,48.0,2026-09-19T08:00,,,
253914659,health_facility,Hôpital de Skikda,مستشفى سكيكدة,36.882433171428566,6.9085449,100,100,False,Skikda,12.4,51.0,2026-09-19T08:00,,,
254696115,school,CEM Bentebbal,,36.4597764375,6.2745190125,3216,3216,True,Mila,10.6,54.0,2026-09-19T08:00,,,
255845797,school,Ecole Zerrafi Abdellah,,36.45893982222222,6.275414111111111,1115,1115,True,Mila,10.6,54.0,2026-09-19T08:00,,,
256056911,school,,,36.444930295,8.44148987,20000,20000,True,El Tarf,10.6,52.0,2026-09-19T08:00,,,
256056917,school,مدرسة البجاوي,مدرسة البجاوي,36.44986406,8.444542420000001,1555,1555,True,El Tarf,10.6,52.0,2026-09-19T08:00,,,
256056918,school,المدرسة الابتدائية الحبيب بورقيبة,المدرسة الابتدائية الحبيب بورقيبة,36.44627014,8.43802598,3286,3286,True,El Tarf,10.6,52.0,2026-09-19T08:00,,,
256063548,school,,,36.450127442857145,8.442275542857143,1442,1442,True,El Tarf,10.6,52.0,2026-09-19T08:00,,,
256067423,school,,,36.4544851625,8.435034275,1805,1805,True,El Tarf,10.6,52.0,2026-09-19T08:00,,,
256394498,health_facility,Hôpital des frères Boukhechem مستشفى الاخوة بوخشم,مستشفى الاخوة بوخشم,36.25425507777778,6.286072466666667,100,100,False,Mila,8.4,52.0,2026-09-19T08:00,,,
256746571,school,Ecole Primaire Remila Said Bekhat,,36.62619997058824,4.725184370588235,1484,1484,True,Béjaïa,11.7,51.0,2026-09-19T08:00,,,
257564973,school,École primaire مدرسة ابتدائية,مدرسة ابتدائية لخضر بن عاشور,36.43801141111111,6.168590211111111,796,796,True,Mila,10.9,53.0,2026-09-19T08:00,,,
257564974,place_of_worship,Mosquée Al arsa,,36.43911075,6.1635556,272,272,True,Mila,10.9,53.0,2026-09-19T08:00,,,
257564975,health_facility,Salle de soins Al Arsa,,36.43939156,6.15841636,100,100,False,Mila,10.9,53.0,2026-09-19T08:00,,,
257564976,place_of_worship,Mosquée Ouled Bouhama,,36.40260854,6.19804734,359,359,True,Mila,10.9,53.0,2026-09-19T08:00,,,
260977260,place_of_worship,Mosquée Abou Bakr As-Siddiq,مسجد أبو بكر الصديق,36.06420011111111,4.747990322222222,1255,1255,True,Bordj Bou Arréridj,10.4,56.0,2026-09-19T08:00,,,
260977480,school,Lycée Ali Madoui,,36.0680549,4.7529343,13323,13323,True,Bordj Bou Arréridj,10.4,56.0,2026-09-19T08:00,,,
261516049,health_facility,مركز السكري,مركز السكري,36.61417724444445,4.651530922222222,20,20,False,Béjaïa,12.8,51.0,2026-09-19T08:00,,,
261516050,health_facility,عيادة ظيبان,عيادة ظيبان,36.61406401333333,4.651209206666667,20,20,False,Béjaïa,12.8,51.0,2026-09-19T08:00,,,
262722160,school,Ecole Primaire Taourirt,,36.59811770714286,4.6313274571428575,413,413,True,Béjaïa,12.0,53.0,2026-09-19T08:00,,,
263324592,school,Lycée Stambouli,ثانوية سطمبولي,36.76100638518518,5.068315118518519,11075,11075,True,Béjaïa,10.8,48.0,2026-09-19T08:00,,,
264283495,school,,,36.547403144444445,4.6864254,2065,2065,True,Béjaïa,12.0,53.0,2026-09-19T08:00,,,
264283983,place_of_worship,,,36.54982168,4.686640219999999,688,688,True,Béjaïa,12.0,53.0,2026-09-19T08:00,,,
264283985,place_of_worship,جامع صدوق,جامع صدوق,36.54378724,4.68686658,1132,1132,True,Béjaïa,12.0,53.0,2026-09-19T08:00,,,
268666441,place_of_worship,مسجد الفرقان,مسجد الفرقان,36.76725462,8.31376546,2230,2230,True,El Tarf,7.8,48.0,2026-09-19T08:00,,,
270511142,school,المدرسة الإبتدائية لهزيل عمر,المدرسة الإبتدائية لهزيل عمر,36.82022775714286,5.762484342857143,1837,1837,True,Jijel,11.9,50.0,2026-09-19T08:00,,,
272676643,place_of_worship,,,36.83047606,6.88380628,508,508,True,Skikda,11.4,48.0,2026-09-19T08:00,,,
272830086,place_of_worship,Mosquée Sidi El Djoudi,,36.32161826,5.05473666,567,567,True,Sétif,10.7,55.0,2026-09-19T08:00,,,
272929290,school,Ecole Rikouah Tahar,,36.53397685714286,6.713983128571429,1029,1029,True,Constantine,8.8,50.0,2026-09-19T08:00,,,
272930077,place_of_worship,مسجد عقبة بن نافع,مسجد عقبة بن نافع,36.533287575,6.71506905,2299,2299,True,Constantine,8.8,50.0,2026-09-19T08:00,,,
272930523,place_of_worship,مسجد عقبة بن نافع,مسجد عقبة بن نافع,36.53259198571429,6.711740028571429,1713,1713,True,Constantine,8.8,50.0,2026-09-19T08:00,,,
272931506,school,ثانوية بولمعيز علي,ثانوية بولمعيز علي,36.53292087,6.70248735,3139,3139,True,Constantine,8.8,50.0,2026-09-19T08:00,,,
272935075,school,C.E.M Hacini,,36.53186868,6.70697468,1250,1250,True,Constantine,8.8,50.0,2026-09-19T08:00,,,
272937835,school,C.E.M Beloussif,,36.53580123,6.712201009999999,3570,3570,True,Constantine,8.8,50.0,2026-09-19T08:00,,,
272950963,school,Lycée Djaber,,36.53914696666666,6.716299866666667,6329,6329,True,Constantine,8.8,50.0,2026-09-19T08:00,,,
273380010,health_facility,EPH Didouche Morad,,36.45397538,6.630342799999999,100,100,False,Constantine,10.1,53.0,2026-09-19T08:00,,,
273380017,place_of_worship,,,36.450620883333336,6.635353266666667,1583,1583,True,Constantine,10.1,53.0,2026-09-19T08:00,,,
273581923,place_of_worship,مسجد علي بن أبي طالب,مسجد علي بن أبي طالب,36.3532057,6.626926360000001,898,898,True,Constantine,8.4,54.0,2026-09-19T08:00,,,
273595567,place_of_worship,,,36.40272482,6.58474238,452,452,True,Constantine,9.1,53.0,2026-09-19T08:00,,,
273610522,place_of_worship,,,36.4108581,6.5961490125,661,661,True,Constantine,9.1,53.0,2026-09-19T08:00,,,
273669129,place_of_worship,,,36.2232151,6.70415594,671,671,True,Constantine,9.0,52.0,2026-09-19T08:00,,,
274730748,fire_station,Unité de protection civile,الحماية المدنية,36.864606025,7.775937175,30,30,False,Annaba,9.9,48.0,2026-09-19T08:00,,,
274730749,place_of_worship,Khaled Ben Oualid,خالد بن الوليد,36.864281625,7.775506375,1551,1551,True,Annaba,9.9,48.0,2026-09-19T08:00,,,
274731075,place_of_worship,Oussama Ben Zaid,أسامة بن زيد,36.85899592727273,7.784602272727272,1818,1818,True,Annaba,9.9,48.0,2026-09-19T08:00,,,
274874994,school,Lycée Sidi Salem,,36.86067986,7.77642026,2381,2381,True,Annaba,9.9,48.0,2026-09-19T08:00,,,
275682702,school,,,36.85970382857143,7.7715606571428575,4616,4616,True,Annaba,9.9,48.0,2026-09-19T08:00,,,
275682703,health_facility,,,36.85810574,7.784000199999999,100,100,False,Annaba,9.9,48.0,2026-09-19T08:00,,,
275682704,school,,,36.86088045,7.78162049,2319,2319,True,Annaba,9.9,48.0,2026-09-19T08:00,,,
275703545,place_of_worship,,,36.12382754,6.78428912,1323,1323,True,Constantine,8.6,52.0,2026-09-19T08:00,,,
275705437,school,,,36.12603955,6.776565928571428,1470,1470,True,Constantine,8.6,52.0,2026-09-19T08:00,,,
275740416,school,Lycée Souladj Saïd,,36.12276365555555,6.782742255555556,9435,9435,True,Constantine,8.6,52.0,2026-09-19T08:00,,,
275740423,school,Ecole مدرسة غزالي لخضر,Ecole مدرسة غزالي لخضر,36.12221232,6.789012080000001,1533,1533,True,Constantine,,,,,,
275740434,school,CEM,,36.12273948235294,6.787663588235295,3482,3482,True,Constantine,,,,,,
275740439,school,Ecole Maazaoui Abdelmadjid,,36.12232065555556,6.783943533333333,1862,1862,True,Constantine,,,,,,
275745138,school,CEM Amara Chaabane,,36.12523585,6.7843000625,3961,3961,True,Constantine,,,,,,
275745141,school,CEM Yahia Ben Yahia,,36.12231768,6.80054804,4358,4358,True,Constantine,,,,,,
275745143,health_facility,Centre médical,,36.12320453333333,6.7849158,100,100,False,Constantine,,,,,,
275836779,place_of_worship,Mosquée Ousama Ben Zayed,,36.11756754,6.82043694,454,454,True,Constantine,,,,,,
275836783,school,Ecole Djamel Mohamed,,36.11762269285715,6.821264242857143,1756,1756,True,Constantine,,,,,,
275855343,school,Lycée Taieb El Okbi,,36.11005912666667,6.894694386666667,7453,7453,True,Oum El Bouaghi,,,,,,
276042537,place_of_worship,,,36.10938992,6.90418358,412,412,True,Oum El Bouaghi,,,,,,
276042541,place_of_worship,Mosquée Omar Ben Abdelaziz,,36.112007166666665,6.881508644444445,901,901,True,Oum El Bouaghi,,,,,,
276044147,school,مدرسة جلاب صالح,مدرسة جلاب صالح,36.110478871428576,6.9453124,2289,2289,True,Oum El Bouaghi,,,,,,
276044148,place_of_worship,Mosquée Okba Ben Nafaa,,36.10951786,6.94437364,555,555,True,Oum El Bouaghi,,,,,,
276156230,school,Lycée Messas Mohamed Ibahimi,,36.0493786,6.5702900500000005,13636,13636,True,Constantine,,,,,,
276156257,school,Lycée Bouafia Smail,,36.04210554615385,6.561268338461539,17697,17697,True,Constantine,,,,,,
276212674,place_of_worship,Mosquée El Sahaba,,36.0412959,6.57144858,2976,2976,True,Constantine,,,,,,
276227533,place_of_worship,,,36.03461218333334,6.577889966666667,1710,1710,True,Constantine,,,,,,
276241415,place_of_worship,,,36.02884178,6.5680333200000005,1715,1715,True,Constantine,,,,,,
276254902,place_of_worship,Mosquée Omar Ibn Khettab,مسجد عمر بن الخطاب عين مليلة,36.0351376875,6.5684354375,1877,1877,True,Constantine,,,,,,
276254906,school,CEM Abdellah Grabsi,,36.03537396666667,6.5639829,3202,3202,True,Constantine,,,,,,
276264717,school,Lycée Ahmed Cherif Mentouri,,36.0403824,6.570863927272726,8135,8135,True,Constantine,,,,,,
276264722,school,Ecole Mohamed Khemisti,,36.04012053076923,6.573045792307692,2867,2867,True,Constantine,,,,,,
276264723,school,CEM Belaabed Mohaled El Djilali,,36.042723338461535,6.574061438461538,6834,6834,True,Constantine,,,,,,
276264727,school,مدرسة مريم سعدان,,36.039558325,6.5721887,1252,1252,True,Constantine,,,,,,
276264735,school,CEM Abderrachid Khelifi El Touhami,,36.040252200000005,6.572279814285714,2790,2790,True,Constantine,,,,,,
276268206,school,CEM Abdelmadjid Mokadem,متوسطة مقدم عبد المجيد عين مليلة,36.03546035,6.5703879,3681,3681,True,Constantine,,,,,,
276272364,school,CEM Aboud Mellah,,36.03260134545455,6.574236290909091,6535,6535,True,Constantine,,,,,,
276272368,health_facility,Hôpital Slimane Amirat,Hôpital Slimane Amirat ( الباطوار),36.0177466,6.569966114285714,100,100,False,Constantine,,,,,,
276273756,school,Lycée Larbi Ben M'Hidi,,36.02045317272727,6.568956209090908,2927,2927,True,Constantine,,,,,,
276277719,fire_station,Unité de protection civile,الحماية المدنية,36.0325348,6.57584248,30,30,False,Constantine,,,,,,
276278497,school,Ecole 5 juillet,,36.03813364,6.56394466,1562,1562,True,Constantine,,,,,,
276278499,health_facility,Clinique d'Hémodialyse,,36.03857257777778,6.563765955555556,100,100,False,Constantine,,,,,,
276421207,school,Ecole frères Ziad,,36.0448795875,6.56902895,2446,2446,True,Constantine,,,,,,
276421209,health_facility,Polyclinique,,36.04441618571428,6.568958571428571,20,20,False,Constantine,,,,,,
276423843,place_of_worship,Mosquée Mohamed Bachir El Ibrahimi,,36.02131683333333,6.567228,1506,1506,True,Constantine,,,,,,
276425696,place_of_worship,,,36.04308522,6.5805086,877,877,True,Constantine,,,,,,
276425701,school,CEM,,36.0533750925926,6.570265559259259,4468,4468,True,Constantine,,,,,,
276425781,place_of_worship,,,36.05439349047619,6.571150314285714,2141,2141,True,Constantine,,,,,,
276425783,school,,,36.05298055714285,6.5698196285714285,1325,1325,True,Constantine,,,,,,
277036380,health_facility,DISPENSAIRE,,36.6807671,4.54493438,20,20,False,Tizi Ouzou,,,,,,
277041454,school,C.E.M,,36.67603844545455,4.502563190909091,1869,1869,True,Tizi Ouzou,,,,,,
277045122,place_of_worship,,,36.67798416666667,4.504181716666666,172,172,True,Tizi Ouzou,,,,,,
277160917,health_facility,Hôpital Mère et Enfant,,36.20160552,5.358292244,100,100,False,Sétif,,,,,,
277161076,health_facility,Centre anti-cancer,,36.20248191153846,5.359654061538462,100,100,False,Sétif,,,,,,
277170460,place_of_worship,مسجد أبي بن كعب,أبي بن كعب,36.19267745,5.3722441,2659,2659,True,Sétif,,,,,,
277170494,school,CEM Zouaoui,متوسطة زواوي,36.192912642857145,5.430266199999999,1503,1503,True,Sétif,,,,,,
277170497,school,ثانوية المعز لدين الله الفاطمي,ثانوية المعز لدين الله الفاطمي,36.19040092,5.39640078,4487,4487,True,Sétif,,,,,,
280736910,place_of_worship,Mosquée Okba Ibn Nafaâ,مسجد عقبة بن نافع,36.267511760000005,6.50119348,2206,2206,True,Constantine,,,,,,
280736912,school,متقن مصطفى كاتب,متقن مصطفى كاتب,36.2722662625,6.5044044125,10828,10828,True,Constantine,,,,,,
281098711,school,اكمالية احمد عمار بورغود,اكمالية احمد عمار بورغود,36.26428502857143,6.507039085714285,7741,7741,True,Constantine,,,,,,
281098720,school,مدرسة 5 جويلية 1962,مدرسة 5 جويلية 1962,36.27069064,6.50417214,2018,2018,True,Constantine,,,,,,
281098725,place_of_worship,مسجد السلام,مسجد السلام,36.26145012,6.47863524,2047,2047,True,Constantine,,,,,,
281098728,place_of_worship,,,36.26110328888889,6.488147566666666,1556,1556,True,Constantine,,,,,,
281098729,place_of_worship,Mosquée El Nour,مسجد النور,36.26032236923077,6.492026738461538,743,743,True,Constantine,,,,,,
281247351,school,ابتدائية بولوداني,ابتدائية بولوداني,36.26082674,6.48931694,1398,1398,True,Constantine,,,,,,
281891129,school,الثانوية الجديدة,الثانوية الجديدة,36.273506822222224,6.504104511111112,7382,7382,True,Constantine,,,,,,
281891134,health_facility,,,36.2680432,6.4996293,20,20,False,Constantine,,,,,,
281891135,school,ابتدائية بوطبر صالح,ابتدائية بوطبر صالح,36.267874383333336,6.49925755,1404,1404,True,Constantine,,,,,,
281891140,school,ابتدائية صاولي شريف,ابتدائية صاولي شريف,36.2682204,6.50256212,1258,1258,True,Constantine,,,,,,
282807618,school,CEM Yemmouna Guemmouh,,36.8751835875,6.9108540625,520,520,True,Skikda,,,,,,
282814147,school,Lycée Houcine Bouloudani,,36.86256766153846,6.9074234230769225,12314,12314,True,Skikda,,,,,,
282814934,school,Lycée Oussama Ibn Zaid,,36.859570260000005,6.90850892,5502,5502,True,Skikda,,,,,,
282815932,school,CEM Salah Djeffel,,36.86349571111111,6.911692599999999,3617,3617,True,Skikda,,,,,,
282815933,school,Ecole Primaire Laidi Boumalta,,36.86374882,6.91269664,2615,2615,True,Skikda,,,,,,
283024166,school,Lycée Souames Salah,,36.86513686428572,6.899262978571429,4332,4332,True,Skikda,,,,,,
283360470,school,Ecole primaire Belkheired Hacen,,36.19582534444445,5.401233122222222,1695,1695,True,Sétif,,,,,,
283368929,place_of_worship,مسجد القدس,مسجد القدس,36.22705489333334,5.394422933333333,2929,2929,True,Sétif,,,,,,
283372244,school,CEM Ahmed Ben Maiza,,36.184782675,5.4077183,5706,5706,True,Sétif,,,,,,
283394228,school,Ecole Primaire Salah Bouteldja,,36.8675255,6.904604133333333,1224,1224,True,Skikda,,,,,,
283394230,school,Ecole Primaire Laifa Rabah,,36.8667253625,6.9045200125,1208,1208,True,Skikda,,,,,,
283402356,school,CEM Salem Sobhi,,36.86529893,6.90286905,5501,5501,True,Skikda,,,,,,
283402436,place_of_worship,Centre Culturel Islamique,,36.86562105,6.902958699999999,1637,1637,True,Skikda,,,,,,
283530701,school,Ecole Primaire Mokhtar Hambarek,,36.86683037777778,6.912442555555556,5006,5006,True,Skikda,,,,,,
283531879,school,,,36.86464928,6.908372299999999,868,868,True,Skikda,,,,,,
283531881,school,CEM Ibn Djoubair,,36.86773683333333,6.9083492,4026,4026,True,Skikda,,,,,,
283532936,school,,,36.86243774285714,6.915285814285714,2246,2246,True,Skikda,,,,,,
283532937,school,,,36.8632922,6.917127416666666,1741,1741,True,Skikda,,,,,,
283533384,school,,,36.86037151666667,6.90907985,1484,1484,True,Skikda,,,,,,
283534378,school,,,36.86643537142857,6.901841500000001,2112,2112,True,Skikda,,,,,,
283534379,school,,,36.86400666666667,6.903515811111111,2317,2317,True,Skikda,,,,,,
283534381,school,,,36.86330227777778,6.905477133333333,2203,2203,True,Skikda,,,,,,
283534382,place_of_worship,Mosquée Ghazouet Badr,,36.86442588333333,6.909654666666667,1584,1584,True,Skikda,,,,,,
283534383,place_of_worship,Mosquée 01 Novembre 1954,,36.8647929,6.924859785714285,5368,5368,True,Skikda,,,,,,
283716403,school,,,36.859683233333335,6.925585922222222,1536,1536,True,Skikda,,,,,,
283716408,school,Lycée Zeramna,,36.85929821875,6.9243976625000005,5922,5922,True,Skikda,,,,,,
283716410,school,CEM Boulkeroua Eljadida,,36.86028212307692,6.924949946153846,2589,2589,True,Skikda,,,,,,
283716422,school,,,36.8573315,6.924994771428572,1941,1941,True,Skikda,,,,,,
283716424,place_of_worship,,,36.85706088888889,6.924318666666666,855,855,True,Skikda,,,,,,
283716434,school,,,36.8590970625,6.9193465375,2363,2363,True,Skikda,,,,,,
283717010,place_of_worship,,,36.85877144,6.90242774,918,918,True,Skikda,,,,,,
283717011,school,,,36.8584752,6.89957814,2411,2411,True,Skikda,,,,,,
283717051,school,Centre de formation professionnelle Aissa Boukarma,,36.86097166,6.90280076,1501,1501,True,Skikda,,,,,,
283717052,school,CEM Elmoukawim Si Zaghdoud,,36.86102187777778,6.9035398444444445,3514,3514,True,Skikda,,,,,,
283722824,health_facility,Polyclinique 700 Logements,مستوصف 700 مسكن,36.8670253875,6.9006431875,100,100,False,Skikda,,,,,,
283790655,place_of_worship,Mosquée el Koubia,,36.86840846,6.90445336,647,647,True,Skikda,,,,,,
283882713,school,,,36.867538725,6.8989725625,2031,2031,True,Skikda,,,,,,
283882830,school,,,36.86706611111111,6.892167888888888,1654,1654,True,Skikda,,,,,,
283884092,school,,,36.8733349,6.898779328571428,1155,1155,True,Skikda,,,,,,
283884276,school,,,36.86856848,6.90551046,962,962,True,Skikda,,,,,,
284148818,school,Ecole Primaire Houcine Laaouar,,36.87135616,6.9046209,1019,1019,True,Skikda,,,,,,
284150264,school,CEM Salah Daoud,,36.87231911428571,6.907057,1207,1207,True,Skikda,,,,,,
284336122,school,,,36.870432375,6.9141395,1770,1770,True,Skikda,,,,,,
284336124,health_facility,Clinique Abu Al-Quassim,Clinique Abu Al-Quassim ( Hammani ),36.86980027272728,6.9144036363636365,100,100,False,Skikda,,,,,,
284336529,place_of_worship,,,36.87116958,6.91359024,9660,9660,True,Skikda,,,,,,
284336530,place_of_worship,,,36.87147248,6.91408214,1412,1412,True,Skikda,,,,,,
284336752,school,,,36.86825624285715,6.917915442857143,4095,4095,True,Skikda,,,,,,
284336753,school,CEM Aouad Zidane,,36.86855792857143,6.919561128571429,8460,8460,True,Skikda,,,,,,
284354317,school,Ecole Moyenne Bachir El Ibrahimi,,36.86978447692308,6.908544969230769,2363,2363,True,Skikda,,,,,,
284552925,health_facility,Centre Médico-Sociale Sonatrach,,36.87040552,6.91132402,20,20,False,Skikda,,,,,,
284739968,school,,,36.8794141375,6.92355715,3301,3301,True,Skikda,,,,,,
284745656,school,,,36.87429693846154,6.9201994,820,820,True,Skikda,,,,,,
284745663,school,,,36.87792352,6.9234352,1844,1844,True,Skikda,,,,,,
284751735,place_of_worship,,,36.87516622,6.924214860000001,862,862,True,Skikda,,,,,,
284753506,place_of_worship,مسجد التوبة,مسجد التوبة,36.87987226,6.91498034,677,677,True,Skikda,,,,,,
286006973,place_of_worship,,,36.862626,6.915725159999999,651,651,True,Skikda,,,,,,
286986027,school,CEM Bouzghaia,,36.87605904,6.88697472,4081,4081,True,Skikda,,,,,,
286990269,place_of_worship,Mosquée El Fourkan,,36.87067731111111,6.907900244444445,2866,2866,True,Skikda,,,,,,
287076502,school,,,36.87335214285714,6.867864114285714,1809,1809,True,Skikda,,,,,,
288655614,school,,,36.1853195,5.4165497,1857,1857,True,Sétif,,,,,,
288655617,place_of_worship,Mosquée Anas Ibn Malek,,36.19460480666667,5.42876142,1320,1320,True,Sétif,,,,,,
288655618,health_facility,طبيبة خلود,طبيبة خلود,36.19519118,5.428494339999999,100,100,False,Sétif,,,,,,
288658555,place_of_worship,Mosquée Errahmane مسجد الرحمان,مسجد الرحمان,36.20654555,5.443912966666667,3673,3673,True,Sétif,,,,,,
288833911,school,Lycée technique Bougherdaïne,,36.49774466666666,6.077376244444444,11466,11466,True,Mila,,,,,,
289941087,place_of_worship,,,36.74367367142857,7.123933985714286,1202,1202,True,Skikda,,,,,,
291857306,place_of_worship,Mosquée Chikh Larbi Lalaoui,مسجد الشيخ العربي لعلاوي,36.2315078,6.9445648,1093,1093,True,Constantine,,,,,,
291857315,school,Lycée Abdelhamid Mehri,,36.2331431,6.9423559571428575,6088,6088,True,Constantine,,,,,,
291857346,health_facility,Hopital,,36.233945825,6.9460076125,100,100,False,Constantine,,,,,,
291864498,school,Ecole Beroual Fodhil,,36.20799928,6.80083412,944,944,True,Constantine,,,,,,
291864507,school,Ecole Hannachi Laib,,36.2077875,6.8153294,884,884,True,Constantine,,,,,,
291864528,school,Ecole Hamdani Grabsi,,36.21028686666667,6.8073154,1210,1210,True,Constantine,,,,,,
291864539,school,CEM Ahmed Radjouah,,36.20650070000001,6.81750956,2388,2388,True,Constantine,,,,,,
292660897,place_of_worship,,,36.49441318461538,5.101909699999999,1066,1066,True,Béjaïa,,,,,,
292660901,place_of_worship,Mosquée Ali Ben Abitaleb,,36.50278448181818,5.116758781818182,385,385,True,Béjaïa,,,,,,
292660918,school,CEM Ali Zermani,,36.49282245263158,5.102491721052632,5157,5157,True,Béjaïa,,,,,,
292665758,place_of_worship,Mosquée Khalied Ibn El Walid,,36.4517205,5.09665924,310,310,True,Béjaïa,,,,,,
292737414,school,CEM Mouffek Mahieddine,,36.39492434444444,5.073908905555555,3911,3911,True,Sétif,,,,,,
292737420,school,Lycée Lakhdar Meglatti,,36.39375631818182,5.079705563636363,8706,8706,True,Sétif,,,,,,
292791008,school,,,36.465521775,4.962877654166666,2383,2383,True,Béjaïa,,,,,,
292791024,school,Ecole Ahmed Bouchiba,,36.475520683333336,4.9596261,634,634,True,Béjaïa,,,,,,
292791028,school,Ecole Mhenni Mohand,,36.46615437142857,4.964727478571429,1350,1350,True,Béjaïa,,,,,,
292806605,health_facility,,,36.72226825,7.725867325,100,100,False,Annaba,,,,,,
292872444,school,المدرسة الإبتدائية مارس محمد,المدرسة الإبتدائية مارس محمد,36.8010889125,5.7693021625,1827,1827,True,Jijel,,,,,,
292971967,place_of_worship,,,36.31932854,4.845243699999999,151,151,True,Bordj Bou Arréridj,,,,,,
293316610,place_of_worship,El Takwa,مسجد التقوى,36.7226497,7.7253436142857135,1066,1066,True,Annaba,,,,,,
293318397,school,Zouaghi Aboud,زواغي عبود,36.7207964375,7.7248776,1670,1670,True,Annaba,,,,,,
293320067,school,Sakai Abelkader,,36.72411757142857,7.730658042857143,2324,2324,True,Annaba,,,,,,
293320361,school,Zourami 3,,36.7241453,7.726097785714286,1422,1422,True,Annaba,,,,,,
293320382,school,CEM Maouch Mouhamed,,36.72312365714286,7.7231089,3968,3968,True,Annaba,,,,,,
293400412,school,CEM,,36.32759300769231,4.933695692307693,1445,1445,True,Bordj Bou Arréridj,,,,,,
293400415,school,Ecole Mokhtar Oughlissi,,36.32520091818182,4.926710563636363,761,761,True,Bordj Bou Arréridj,,,,,,
293400425,place_of_worship,,,36.3243611,4.925033399999999,340,340,True,Bordj Bou Arréridj,,,,,,
293403953,place_of_worship,,,36.33807622,4.9484265,392,392,True,Bordj Bou Arréridj,,,,,,
293412547,school,CEM Embarek Attoui,,36.3365805,5.0489413785714286,4236,4236,True,Sétif,,,,,,
293414759,school,Lycée Attoui Abdallah,,36.345873016666665,5.032558033333334,3939,3939,True,Sétif,,,,,,
293419893,school,Ecole Rahrah Derradji,,36.34680016,5.04307927,1024,1024,True,Sétif,,,,,,
293423402,school,Ecole Cheniti Lakhdar,,36.32966732,4.99924296,527,527,True,Bordj Bou Arréridj,,,,,,
293423406,place_of_worship,Mosquée Benbadis,,36.33085275714286,5.001900771428572,258,258,True,Bordj Bou Arréridj,,,,,,
293424987,school,Lycée Laifa Bouregba,,36.33043775714286,5.065427107142857,5185,5185,True,Sétif,,,,,,
293426102,place_of_worship,,,36.33053201428572,5.061177328571429,461,461,True,Sétif,,,,,,
293426104,place_of_worship,,,36.33157166,5.06953408,473,473,True,Sétif,,,,,,
293823774,school,CEM Haddadji Hocine,,36.33188149,5.10638905,3909,3909,True,Sétif,,,,,,
293824677,place_of_worship,Mosquée Othmane Ibn Afane,,36.33220274444445,5.109317977777778,828,828,True,Sétif,,,,,,
293824684,fire_station,Unité de Protection Civile,الحماية المدنية,36.33160455714285,5.112671871428572,30,30,False,Sétif,,,,,,
293825994,school,Lycée Ammar Khloufi,,36.33348481052632,5.0804998947368425,13225,13225,True,Sétif,,,,,,
293826009,school,CEM 5 Juillet 1962,,36.32981839090909,5.065994736363636,2146,2146,True,Sétif,,,,,,
293827579,place_of_worship,Mosquée Abou Bakr Essedik,,36.33180935,5.0895564375,1159,1159,True,Sétif,,,,,,
293828438,place_of_worship,Mosquée Al Athik,,36.3304463,5.0916306,760,760,True,Sétif,,,,,,
293828441,school,,,36.33027271666667,5.0920339666666665,590,590,True,Sétif,,,,,,
293828446,school,Ecole Aissa Chouadra,,36.3301624375,5.089675775,877,877,True,Sétif,,,,,,
293829401,school,Ecole Doudou Rachid,,36.332503925,5.09281774375,2423,2423,True,Sétif,,,,,,
293830454,school,Lycée Toumi Mohamed,,36.33750766666667,5.089844304761905,10148,10148,True,Sétif,,,,,,
293830460,school,CEM Hamza Brahim,,36.33576523000001,5.09057313,1496,1496,True,Sétif,,,,,,
293831168,place_of_worship,Mosquée Imam Malek,,36.339477515384615,5.086721261538462,849,849,True,Sétif,,,,,,
293831177,school,Ecole Bachir Dhaifi,,36.3394365875,5.086156075,1718,1718,True,Sétif,,,,,,
293831180,school,CEM Ghania Abdellah,,36.33787182352941,5.090963705882353,7534,7534,True,Sétif,,,,,,
293831471,health_facility,Hopital Said Aouamri,,36.338296185714285,5.092571490476191,100,100,False,Sétif,,,,,,
293833548,school,Ecole Hocine Boumansoura,,36.34195188333334,5.0919983,922,922,True,Sétif,,,,,,
293833549,school,Lycée Haddadji Aissa,,36.34226966153846,5.0945467,12189,12189,True,Sétif,,,,,,
293838428,school,,,36.325565866666665,5.08576335,556,556,True,Sétif,,,,,,
293863809,place_of_worship,Mosquée Khaled Ibn Elwalid,,36.32645842,5.14157158,296,296,True,Sétif,,,,,,
293891343,school,CEM Hamza Ali,,36.246415677777776,5.1156633,2207,2207,True,Sétif,,,,,,
294008116,place_of_worship,مسجد عداسي الطيب,مسجد عداسي الطيب,36.33444806,5.18110257,1099,1099,True,Sétif,,,,,,
294008122,school,Lycée Boudjadi Bouguerra,ثانوية بوجادي بوقرة,36.33820242608696,5.175489639130435,5002,5002,True,Sétif,,,,,,
294059373,place_of_worship,زاوية سيدي احسن,,36.26598306666667,5.223456466666667,1223,1223,True,Sétif,,,,,,
294059381,school,,,36.33184643333333,5.2522765,1337,1337,True,Sétif,,,,,,
294059388,school,مدرسة عمار منقلاتي,مدرسة عمار منقلاتي,36.29614493636364,5.179812781818182,1657,1657,True,Sétif,,,,,,
294059407,place_of_worship,,,36.33271442,5.24725598,394,394,True,Sétif,,,,,,
294321328,school,CEM Boussadia El Kheir,,36.2986714,5.29356416,4279,4279,True,Sétif,,,,,,
294321333,school,Ecole 8 mai 1945,,36.29476863333333,5.293084333333334,1784,1784,True,Sétif,,,,,,
294321341,school,Lycée Tayeb Bouadjadja,,36.29949556,5.297901155,1663,1663,True,Sétif,,,,,,
294321348,school,CEM Mohamed Khreibi,,36.29902677647059,5.296710488235294,12727,12727,True,Sétif,,,,,,
294321352,health_facility,Hôpital Psychiatrique,,36.304247475,5.306397466666667,100,100,False,Sétif,,,,,,
294325907,place_of_worship,,,36.30340715555556,5.2953869000000005,1145,1145,True,Sétif,,,,,,
294335111,place_of_worship,,,36.32284538,5.3059385,735,735,True,Sétif,,,,,,
294335115,school,CEM,,36.32485540769231,5.306196623076923,3032,3032,True,Sétif,,,,,,
294712863,school,Ecole frères Kernani,,36.416564109090906,5.389385909090909,1621,1621,True,Sétif,,,,,,
294720183,school,CEM Ben Ziane,,36.4332460125,5.3584353125,1014,1014,True,Sétif,,,,,,
294720186,school,Ecole frères ben Idriss,,36.42686841875,5.35784145,1972,1972,True,Sétif,,,,,,
294720191,school,Lycée Mohamed Amokrane,,36.43271509230769,5.359470842307692,5931,5931,True,Sétif,,,,,,
294720713,school,CEM Daouadji,,36.43104727058824,5.361332029411765,2155,2155,True,Sétif,,,,,,
294774279,school,,,36.48805171764706,5.538698152941176,10384,10384,True,Sétif,9.4,53.0,2026-09-19T08:00,,,
294774287,school,,,36.4886137882353,5.539180511764705,5975,5975,True,Sétif,9.4,53.0,2026-09-19T08:00,,,
294856305,school,,,36.43654705,5.431753366666666,1967,1967,True,Sétif,9.8,54.0,2026-09-19T08:00,,,
295113634,school,Lycée Bouguendoura Charif,,36.457668688,5.646566547999999,7850,7850,True,Sétif,9.5,53.0,2026-09-19T08:00,,,
295114663,school,CEM Zighout Youcef,,36.466314673333336,5.64837672,1662,1662,True,Sétif,9.5,53.0,2026-09-19T08:00,,,
295114668,school,Ecole Amar Boukhnaf,,36.46025934,5.650861239999999,987,987,True,Sétif,9.5,53.0,2026-09-19T08:00,,,
295114669,health_facility,,,36.46446842,5.64630576,100,100,False,Sétif,9.5,53.0,2026-09-19T08:00,,,
295160716,school,CEM Mohamed Zaghloul,,36.46645973333333,5.67390442,2498,2498,True,Sétif,9.5,53.0,2026-09-19T08:00,,,
295164809,school,,,36.4753026,5.669234433333333,1795,1795,True,Jijel,9.5,53.0,2026-09-19T08:00,,,
295164831,place_of_worship,,,36.47811012857143,5.667069228571428,401,401,True,Jijel,9.5,53.0,2026-09-19T08:00,,,
295271457,school,,,36.4881409,5.7137272,853,853,True,Jijel,9.6,52.0,2026-09-19T08:00,,,
295271464,place_of_worship,Mosquée Ali Ben Abi Taleb,,36.48627386,5.71196044,770,770,True,Jijel,9.6,52.0,2026-09-19T08:00,,,
295271465,school,CEM,,36.487497233333336,5.7129416,1275,1275,True,Jijel,9.6,52.0,2026-09-19T08:00,,,
295271468,school,CEM Taieb El Okbi,,36.48705455555555,5.716987588888888,6722,6722,True,Jijel,9.6,52.0,2026-09-19T08:00,,,
295271469,school,Ecole Omar Boumzir,,36.485588185714285,5.711546671428572,2375,2375,True,Jijel,9.6,52.0,2026-09-19T08:00,,,
295271481,school,Lycée Azouz Essaid,,36.48809028064516,5.717981535483871,5831,5831,True,Jijel,9.6,52.0,2026-09-19T08:00,,,
295272489,health_facility,Polyclinique,,36.48606158181818,5.71023139090909,20,20,False,Jijel,9.6,52.0,2026-09-19T08:00,,,
296108431,place_of_worship,,,36.20090156363637,5.389835709090909,1075,1075,True,Sétif,9.4,55.0,2026-09-19T08:00,,,
296113269,place_of_worship,Mosquée Salah Eddine Ayoubi,مسجد صلاح الدين الأيوبي,36.1977869,5.395676033333333,1396,1396,True,Sétif,9.6,55.0,2026-09-19T08:00,,,
296113279,school,,,36.199688990000006,5.39268781,1919,1919,True,Sétif,9.6,55.0,2026-09-19T08:00,,,
296199860,fire_station,Direction de la Protection civile,الحماية المدنية,36.19607642,5.4028956,30,30,False,Sétif,9.4,55.0,2026-09-19T08:00,,,
296432337,school,CEM,,36.79025125454545,7.630586745454545,4960,4960,True,Annaba,10.1,50.0,2026-09-19T08:00,,,
296432347,school,Ecole Primaire 24 Février 1956,المدرسة الابتدائية 24 فيفري,36.78739143333334,7.63073538888889,2262,2262,True,Annaba,10.1,50.0,2026-09-19T08:00,,,
296432350,school,Ecole Primaire Rachrache Ahmed,المدرسة الابتدائية رشراش أحمد,36.78541797142857,7.630732928571429,1841,1841,True,Annaba,10.1,50.0,2026-09-19T08:00,,,
296435292,health_facility,مركز الصحة حجر الديس,مركز الصحة حجر الديس,36.786704988888886,7.6160364,100,100,False,Annaba,10.1,50.0,2026-09-19T08:00,,,
296435296,school,CEM hdjar eddis 2,,36.79251682857143,7.621402528571429,1163,1163,True,Annaba,10.1,50.0,2026-09-19T08:00,,,
296435298,school,Lycée Gouri Younes,,36.786653308333335,7.621419541666666,11091,11091,True,Annaba,10.1,50.0,2026-09-19T08:00,,,
296435299,school,Ecole Primaire,,36.79135249,7.61909083,2016,2016,True,Annaba,10.1,50.0,2026-09-19T08:00,,,
296435300,school,Primaire LAAJAL Hmaili,,36.79058182857143,7.623150099999999,3704,3704,True,Annaba,10.1,50.0,2026-09-19T08:00,,,
296435304,school,CEM,,36.79022258888889,7.617492588888889,2333,2333,True,Annaba,10.1,50.0,2026-09-19T08:00,,,
297119402,school,Ecole Derradji Bencheikh,,36.38465708,5.73536768,1866,1866,True,Sétif,9.2,54.0,2026-09-19T08:00,,,
297119403,school,CEM,,36.38662806111111,5.707901561111111,4151,4151,True,Sétif,9.2,54.0,2026-09-19T08:00,,,
297160983,school,École Frère Amrane,,36.75901654285714,5.074559328571429,2508,2508,True,Béjaïa,10.8,48.0,2026-09-19T08:00,,,
297161088,school,École Soumari,,36.75821443636364,5.074243218181818,1655,1655,True,Béjaïa,10.8,48.0,2026-09-19T08:00,,,
297680792,health_facility,المستشفى الجهوية سوق أهراس,المستشفى الجهوية سوق أهراس,36.28196588181818,7.9638225,100,100,False,Souk Ahras,8.5,51.0,2026-09-19T08:00,,,
298233394,school,,,36.872056400000005,6.892387139999999,515,515,True,Skikda,11.4,48.0,2026-09-19T08:00,,,
299232668,place_of_worship,,,36.4374171,4.530851014285714,3934,3934,True,Bordj Bou Arréridj,15.0,54.0,2026-09-19T08:00,,,
299652477,place_of_worship,مسجد الشيخ إبراهيم بيوض,مسجد الشيخ إبراهيم بيوض,36.25605896875,6.71818078125,1643,1643,True,Constantine,9.0,52.0,2026-09-19T08:00,,,
299744662,place_of_worship,,,36.1206878,5.67388374,1442,1442,True,Sétif,8.6,55.0,2026-09-19T08:00,,,
299979179,place_of_worship,,,36.12154162,5.96531078,3203,3203,True,Mila,8.1,54.0,2026-09-19T08:00,,,
299979715,place_of_worship,Mosquée Abou Bakr As-Siddiq,مسجد أبو بكر الصديق,36.11836882,5.99047452,3976,3976,True,Mila,8.1,54.0,2026-09-19T08:00,,,
299985008,place_of_worship,,,36.17052043333333,6.1647148666666665,1923,1923,True,Mila,8.0,54.0,2026-09-19T08:00,,,
300807860,school,Ecole Nouioua Cherif,,36.07684825454545,4.766064681818182,1711,1711,True,Bordj Bou Arréridj,10.4,56.0,2026-09-19T08:00,,,
300807865,school,CEM Omar Aouchiche,,36.074514650000005,4.7650741,9435,9435,True,Bordj Bou Arréridj,10.4,56.0,2026-09-19T08:00,,,
300807871,place_of_worship,مسجد أبي ذَر الغفاري,,36.0770736,4.76470496,671,671,True,Bordj Bou Arréridj,10.4,56.0,2026-09-19T08:00,,,
300807878,school,Ecole Louail El Djoudi,,36.07548361428572,4.755703628571429,2110,2110,True,Bordj Bou Arréridj,10.4,56.0,2026-09-19T08:00,,,
300807879,place_of_worship,Mosquée Athmane Ibn Afane,مسجد عثمان بن عفان,36.078199056,4.752792104,3861,3861,True,Bordj Bou Arréridj,10.4,56.0,2026-09-19T08:00,,,
300808849,place_of_worship,Mosquée Tarek Ibn Ziad,,36.0816573,4.76807415,1380,1380,True,Bordj Bou Arréridj,10.4,56.0,2026-09-19T08:00,,,
300808853,school,Ecole Bouderouaz El Amri,,36.07864502857143,4.7657590857142855,2090,2090,True,Bordj Bou Arréridj,10.4,56.0,2026-09-19T08:00,,,
300829550,school,CEM Abdelkader Belaref,,36.06930624285714,4.752970835714286,5730,5730,True,Bordj Bou Arréridj,10.4,56.0,2026-09-19T08:00,,,
300829939,school,Ecole Benkalha Laid,,36.06691814444444,4.753746422222222,1155,1155,True,Bordj Bou Arréridj,10.4,56.0,2026-09-19T08:00,,,
300829943,school,Ecole Senoussi Cherif,,36.068177171428566,4.749144585714285,2214,2214,True,Bordj Bou Arréridj,10.4,56.0,2026-09-19T08:00,,,
300833604,school,CEM Ibn Badis,,36.06763887692308,4.762054876923077,5270,5270,True,Bordj Bou Arréridj,10.4,56.0,2026-09-19T08:00,,,
300833612,school,Ecole Malika Gaid,,36.06840793846153,4.761416769230769,2250,2250,True,Bordj Bou Arréridj,10.4,56.0,2026-09-19T08:00,,,
300833617,school,CEM Zioui Mohamed,,36.068442000000005,4.7621149,2684,2684,True,Bordj Bou Arréridj,10.4,56.0,2026-09-19T08:00,,,
301956758,school,متوسطة فريجة سليمان,متوسطة فريجة سليمان,36.8182637625,5.7701153875,1354,1354,True,Jijel,11.9,50.0,2026-09-19T08:00,,,
302572166,place_of_worship,مسجد برج القائد,,36.8277566,6.503689679999999,210,210,True,Skikda,7.5,45.0,2026-09-19T08:00,,,
302576577,place_of_worship,مسجد الطاحونة,,36.803265333333336,6.51519725,345,345,True,Skikda,7.5,45.0,2026-09-19T08:00,,,
302711322,school,مدرسة نيبوشة إلياس الإبتدائية,مدرسة نيبوشة إلياس الإبتدائية,36.82112251428571,5.767355885714286,582,582,True,Jijel,11.9,50.0,2026-09-19T08:00,,,
302730107,school,École primaire Guernane Youcef,,36.80808202,6.57184836,1668,1668,True,Skikda,7.5,45.0,2026-09-19T08:00,,,
302881532,health_facility,قاعة علاج الطاحونة,,36.80319152857143,6.516053257142857,100,100,False,Skikda,7.5,45.0,2026-09-19T08:00,,,
303027498,health_facility,قاعة علاج عين رويبح,,36.80686146,6.5225907,100,100,False,Skikda,7.5,45.0,2026-09-19T08:00,,,
303038740,school,CEM Samouane,,36.58544728,4.59489286,262,262,True,Béjaïa,13.4,53.0,2026-09-19T08:00,,,
303502026,school,Lycée Hdjar Edis 2,,36.7942712125,7.60860740625,7116,7116,True,Annaba,10.1,50.0,2026-09-19T08:00,,,
303753244,school,تانوية بين الويدان الجديدة,تانوية بين الويدان الجديدة,36.813252376923074,6.557050453846154,4675,4675,True,Skikda,7.5,45.0,2026-09-19T08:00,,,
303754223,place_of_worship,مسجد عين رويبح,,36.80715927777778,6.5233108,349,349,True,Skikda,7.5,45.0,2026-09-19T08:00,,,
303756055,school,مدرسة ارسى الكبير,,36.82929093333333,6.5181262166666665,1213,1213,True,Skikda,7.5,45.0,2026-09-19T08:00,,,
303756914,place_of_worship,مسجد الزوبية,مسجد الزوبية,36.833701971428574,6.546395614285714,512,512,True,Skikda,7.5,45.0,2026-09-19T08:00,,,
304073844,place_of_worship,Mosque El Chikh Mokrani,,36.23720506,7.24538216,649,649,True,Guelma,7.3,51.0,2026-09-19T08:00,,,
304840382,school,Ecole primaire de Djenane,المدرسة الابتدائية الجنان,36.59288567222222,4.610665622222222,1415,1415,True,Béjaïa,12.0,53.0,2026-09-19T08:00,,,
305005313,school,Lycée,مدرسة ثانوية,36.51363958333334,4.58846915,5896,5896,True,Béjaïa,13.4,53.0,2026-09-19T08:00,,,
305715175,health_facility,,,36.80322006,6.51599432,100,100,False,Skikda,7.5,45.0,2026-09-19T08:00,,,
305800856,school,CEM Bardou 2,,36.52972165714286,6.126278671428572,3893,3893,True,Mila,9.8,52.0,2026-09-19T08:00,,,
305802599,place_of_worship,,,36.53220017,6.12287616,997,997,True,Mila,9.8,52.0,2026-09-19T08:00,,,
305802600,school,CEM Hammoudi Ali,متوسطة,36.53162422222223,6.118545577777778,10379,10379,True,Mila,9.8,52.0,2026-09-19T08:00,,,
305802601,school,Lycée Si Haoues,ثانوية باردو,36.5314172125,6.116796775,10611,10611,True,Mila,9.8,52.0,2026-09-19T08:00,,,
305802602,school,Ecole primaire Baouche Mahmoudالمدرسة الابتدائية بعوش محمود,Ecole primaire Baouche Mahmoudالمدرسة الابتدائية بعوش محمود,36.5319911,6.12375012,2631,2631,True,Mila,9.8,52.0,2026-09-19T08:00,,,
305802604,school,Lycée Bainen,ثانوية باينان,36.55341762857143,6.1236836285714285,7866,7866,True,Mila,9.8,52.0,2026-09-19T08:00,,,
305802606,fire_station,الحماية المدنية,الحماية المدنية,36.55188264545455,6.125779781818181,30,30,False,Mila,9.8,52.0,2026-09-19T08:00,,,
305803295,health_facility,Polyclinique de Djimla,عيادة م\خ جيملة,36.57814428571429,5.883947414285714,20,20,False,Jijel,10.1,51.0,2026-09-19T08:00,,,
307866879,school,CEM Tijounane,,36.57336284285714,4.628915221428572,1347,1347,True,Béjaïa,12.0,53.0,2026-09-19T08:00,,,
307868998,school,Lycée Ouddak Mohand Arab,,36.59339283,4.616044815,8563,8563,True,Béjaïa,12.0,53.0,2026-09-19T08:00,,,
308326687,school,Lycée Benteboula Aissa,,36.47141305,7.418273775,7651,7651,True,Guelma,10.1,51.0,2026-09-19T08:00,,,
308326689,school,CEM Mohamed Salah Zouaoui,,36.46770216666666,7.416744106666667,13943,13943,True,Guelma,10.1,51.0,2026-09-19T08:00,,,
308381454,place_of_worship,مسجد الغزالي,مسجد الغزالي,36.39048074,6.60743104,2386,2386,True,Constantine,8.4,54.0,2026-09-19T08:00,,,
308671831,school,ثانوية شعلال مسعود,,36.45839623529412,7.435787047058824,13741,13741,True,Guelma,10.1,51.0,2026-09-19T08:00,,,
308672814,health_facility,Hôpital El Hakim Okbi,,36.45609332941177,7.435791694117647,100,100,False,Guelma,10.1,51.0,2026-09-19T08:00,,,
308673871,school,ثانوية أول نوفمبر,ثانوية أول نوفمبر,36.46350658181819,7.430380618181818,3377,3377,True,Guelma,10.1,51.0,2026-09-19T08:00,,,
308674969,school,متوسطة محمد عبدو,,36.4620062,7.432266872727272,2873,2873,True,Guelma,10.1,51.0,2026-09-19T08:00,,,
308675380,school,Ecole Fatma Zohra Roggui,,36.45764142,7.430935639999999,3249,3249,True,Guelma,10.1,51.0,2026-09-19T08:00,,,
308676919,place_of_worship,Mosquée El Qods,,36.46011427777778,7.428749905555555,1562,1562,True,Guelma,10.1,51.0,2026-09-19T08:00,,,
308676922,school,Lycée Mahmoud Ben Mahmoud,,36.459200005,7.432956405,10995,10995,True,Guelma,10.1,51.0,2026-09-19T08:00,,,
308677483,school,Lycée Abdelhak Ben Hamouda,,36.46323809411765,7.422422141176471,8451,8451,True,Guelma,10.1,51.0,2026-09-19T08:00,,,
308677626,school,Ecole Tarek Ibn Ziad,,36.46305131875,7.425395825,1754,1754,True,Guelma,10.1,51.0,2026-09-19T08:00,,,
308677631,school,Ecole Malek Benabi,,36.462793975,7.425933933333333,2832,2832,True,Guelma,10.1,51.0,2026-09-19T08:00,,,
308680976,school,,,36.46146562222222,7.421899838888889,1259,1259,True,Guelma,10.1,51.0,2026-09-19T08:00,,,
308681483,school,CEM du 8 Mai 1945,,36.461816532,7.422794132,3301,3301,True,Guelma,10.1,51.0,2026-09-19T08:00,,,
308685830,school,,,36.45804158,7.429721326666667,2248,2248,True,Guelma,10.1,51.0,2026-09-19T08:00,,,
308686433,school,Ecole Ahmed Guerroum,,36.45191751428571,7.438692442857143,2303,2303,True,Guelma,10.1,51.0,2026-09-19T08:00,,,
308686434,school,CEM 5 juillet 1962,,36.45119278846154,7.436339753846154,2555,2555,True,Guelma,10.1,51.0,2026-09-19T08:00,,,
308687592,school,Lycée Abderrahmane Mahdjoub,,36.44570051052632,7.435755836842105,4840,4840,True,Guelma,10.1,51.0,2026-09-19T08:00,,,
308687611,school,Ecole Touhami Oumedour,,36.446447971428576,7.436930285714285,1792,1792,True,Guelma,10.1,51.0,2026-09-19T08:00,,,
308688374,school,Ecole Cheikh Mokrani,,36.445337816666665,7.443290733333334,1528,1528,True,Guelma,10.1,51.0,2026-09-19T08:00,,,
308688381,place_of_worship,Mosquée El Touba,,36.44610756666667,7.443628846666667,1214,1214,True,Guelma,10.1,51.0,2026-09-19T08:00,,,
308689292,school,,,36.45134205,7.4371816214285715,1312,1312,True,Guelma,10.1,51.0,2026-09-19T08:00,,,
308689296,place_of_worship,Mosquée El Nour,,36.451784475,7.4364385,1873,1873,True,Guelma,10.1,51.0,2026-09-19T08:00,,,
308690423,school,Lycée Mohamed Larbi Ben Mares,,36.44901208421052,7.4301324,7952,7952,True,Guelma,10.1,51.0,2026-09-19T08:00,,,
308731475,school,مدرسة ابن زيدون,مدرسة ابن زيدون,36.354423588888885,6.6423504,3643,3643,True,Constantine,8.4,54.0,2026-09-19T08:00,,,
308731920,school,مدرسة ابن خلدون,مدرسة ابن خلدون,36.3522733125,6.6410105375,4214,4214,True,Constantine,8.4,54.0,2026-09-19T08:00,,,
309165710,place_of_worship,Mosquée Ben Haddad,,36.11526143333334,6.355442316666667,1480,1480,True,Constantine,7.8,54.0,2026-09-19T08:00,,,
309420500,school,,,36.39202458571429,4.633004842857143,632,632,True,Bordj Bou Arréridj,11.7,54.0,2026-09-19T08:00,,,
309697954,school,C.E.M Boucheriha Boulaaras,,36.43670053809524,6.644180376190476,3560,3560,True,Constantine,10.1,53.0,2026-09-19T08:00,,,
309697955,place_of_worship,Mosquée es salam,مسجد السلام,36.43970311111112,6.639591733333333,1182,1182,True,Constantine,10.1,53.0,2026-09-19T08:00,,,
309697989,school,Lycée Ahcen bourfaa,,36.42193247777778,6.600450333333333,4748,4748,True,Constantine,10.1,53.0,2026-09-19T08:00,,,
309701464,school,ثانوية المجاهد بن تومي موسى,,36.151868033333336,5.445368391666666,7569,7569,True,Sétif,9.4,55.0,2026-09-19T08:00,,,
309723029,place_of_worship,,,37.0104113,6.28399418,544,544,True,Jijel,7.9,38.0,2026-09-19T08:00,,,
310196604,school,Lycée Bouhroud Larbi,ثانوية بوحرود العربي,36.31513508333333,5.735151633333333,2618,2618,True,Sétif,9.2,54.0,2026-09-19T08:00,,,
310216741,school,مركز التكوين المهني طقيش الطاهر,,36.12996798,5.84204708,9867,9867,True,Sétif,8.3,54.0,2026-09-19T08:00,,,
312322676,health_facility,CHU Ibn Badis,المستشفى الجامعي عبد الحميد بن باديس,36.37341133432836,6.616673741791044,100,100,False,Constantine,8.4,54.0,2026-09-19T08:00,,,
312354625,school,Lycée Youghourta,,36.3625216,6.605068800000001,1216,1216,True,Constantine,8.4,54.0,2026-09-19T08:00,,,
312495999,place_of_worship,مسجد الصمد,مسجد الصمد,36.3588839,6.603999679999999,997,997,True,Constantine,8.4,54.0,2026-09-19T08:00,,,
312509464,school,École primaire Khemisti,مدرسة خميستي الابتدائية,36.354776300000005,6.610518683333333,3129,3129,True,Constantine,8.4,54.0,2026-09-19T08:00,,,
312692102,health_facility,Salle de Soins,,36.52961492857143,6.1266183142857145,20,20,False,Mila,9.8,52.0,2026-09-19T08:00,,,
312965465,school,Ecole primaire Frères Ourtilane,,36.45582816,4.5413285000000005,205,205,True,Bordj Bou Arréridj,15.0,54.0,2026-09-19T08:00,,,
314763341,health_facility,,,36.18717304285714,5.314395771428572,20,20,False,Sétif,9.6,55.0,2026-09-19T08:00,,,
314962486,school,Lycée Aicha,ثانوية عائشة أم المؤمنين,36.19182361428572,5.446168928571429,2347,2347,True,Sétif,9.4,55.0,2026-09-19T08:00,,,
315177838,school,ثانوية محمد الصديق بن يحي,ثانوية محمد الصديق بن يحي,36.75005856666667,6.275668133333333,4567,4567,True,Mila,8.8,50.0,2026-09-19T08:00,,,
315177839,school,CEM Lahmar Mohamed Larbi,,36.75564647857143,6.266897735714286,5518,5518,True,Mila,8.8,50.0,2026-09-19T08:00,,,
315177841,school,ثانوية هواري بومدين,ثانوية هواري بومدين,36.76130221428571,6.262709142857142,8954,8954,True,Mila,8.8,50.0,2026-09-19T08:00,,,
315283964,school,Ecole primaire Larbi Tebessi,,36.282317544444446,7.947935111111112,2687,2687,True,Souk Ahras,8.5,51.0,2026-09-19T08:00,,,
315378511,place_of_worship,Mosquée El Aman,مسجد الأمان,36.285553,7.95422462,3599,3599,True,Souk Ahras,8.5,51.0,2026-09-19T08:00,,,
315384089,school,École primaire Aicha Oum Elmouminine,مدرسة عائشة أم المؤمنين,36.28489472,7.96237888,2748,2748,True,Souk Ahras,8.5,51.0,2026-09-19T08:00,,,
315384340,health_facility,عيادة خاصة,عيادة خاصة,36.282401140000005,7.96316404,20,20,False,Souk Ahras,8.5,51.0,2026-09-19T08:00,,,
315394787,school,Ecole primaire Mouloud Feraoun,,36.28578696666667,7.964146777777779,1818,1818,True,Souk Ahras,8.5,51.0,2026-09-19T08:00,,,
315403252,school,CEM Med Racem,,36.28169846666666,7.955992366666667,1142,1142,True,Souk Ahras,8.5,51.0,2026-09-19T08:00,,,
315403428,school,CEM Med Racem,,36.28169167142857,7.959576828571429,2742,2742,True,Souk Ahras,8.5,51.0,2026-09-19T08:00,,,
315539617,school,Lycée Djaber Ben Hayane,,36.2651496,7.937357275,20000,20000,True,Souk Ahras,8.5,51.0,2026-09-19T08:00,,,
315540583,school,Ecole primaire Ouaâz Laid,,36.26586006,7.94119354,1481,1481,True,Souk Ahras,8.5,51.0,2026-09-19T08:00,,,
315541983,school,Collège Daira Salah,متوسطة ديرة صالح,36.27028918571428,7.937331457142856,3301,3301,True,Souk Ahras,8.5,51.0,2026-09-19T08:00,,,
315542912,school,Collège Bendjedid Layachi,,36.27669058888889,7.938708222222222,1949,1949,True,Souk Ahras,8.5,51.0,2026-09-19T08:00,,,
315543396,school,Ecole primaire Handel Nouar,,36.27786295000001,7.9370438,1847,1847,True,Souk Ahras,8.5,51.0,2026-09-19T08:00,,,
315544439,health_facility,عيادة ابن سينا,عيادة ابن سينا,36.28209000909091,7.9375162545454545,20,20,False,Souk Ahras,8.5,51.0,2026-09-19T08:00,,,
315546327,school,Ecole primaire Regainia Med El Kamel,,36.2831343,7.9409584625,1527,1527,True,Souk Ahras,8.5,51.0,2026-09-19T08:00,,,
315696001,school,Ecole primaire Mohamed Fareh,ابتدائية محمد فارح,36.075967275,7.8213626125,921,921,True,Souk Ahras,8.7,51.0,2026-09-19T08:00,,,
315696167,school,Lycée Abdellah Belhouchet,ثانوية عبد الله بلهوشات,36.0760566,7.815832840000001,8754,8754,True,Souk Ahras,8.7,51.0,2026-09-19T08:00,,,
315698851,school,CEM Bouni,متوسطة البوني,36.07848786,7.81719032,2017,2017,True,Souk Ahras,8.7,51.0,2026-09-19T08:00,,,
315700642,school,CEM Mohamed saddiq Benyahia,متوسطة محمد الصديق بن يحي,36.07818512857143,7.820563457142858,4584,4584,True,Souk Ahras,8.7,51.0,2026-09-19T08:00,,,
315701668,school,CEM Bouamain Ibrahim,متوسطة بوعامين ابراهيم,36.07861906,7.82034004,4038,4038,True,Souk Ahras,8.7,51.0,2026-09-19T08:00,,,
315702265,school,Lycée Antar Said,ثانوية عنتر السعيد,36.08303361666667,7.822344266666666,6905,6905,True,Souk Ahras,8.7,51.0,2026-09-19T08:00,,,
315837534,health_facility,Centre de santé,مركز صحي,36.315826171428576,5.736491457142857,20,20,False,Sétif,9.2,54.0,2026-09-19T08:00,,,
315975863,school,Ecole Guetmi Sebti,,36.47226524,7.728627779999999,1302,1302,True,Guelma,9.6,51.0,2026-09-19T08:00,,,
315976016,school,CEM Merdès Abdallah,,36.47186138,7.728344359999999,1932,1932,True,Guelma,9.6,51.0,2026-09-19T08:00,,,
315979145,school,Ecole Badji Mokhtar,,36.47392893333333,7.728169500000001,1670,1670,True,Guelma,9.6,51.0,2026-09-19T08:00,,,
315979202,school,CEM Badji Mokhtar,,36.47453245,7.72677373125,7437,7437,True,Guelma,9.6,51.0,2026-09-19T08:00,,,
315980049,school,,,36.4756857,7.72420866875,11218,11218,True,Guelma,9.6,51.0,2026-09-19T08:00,,,
315981231,school,Lycée Zentar slimane,,36.4690882125,7.7260844875,12149,12149,True,Guelma,9.6,51.0,2026-09-19T08:00,,,
315998665,school,مدرسة الغزالي المتوسطة,مدرسة الغزالي المتوسطة,36.689036854545456,7.7446342545454545,10853,10853,True,Annaba,8.9,50.0,2026-09-19T08:00,,,
315999078,school,مدرسة باجي مختار المتوسطة,مدرسة باجي مختار المتوسطة,36.688569308333335,7.747966300000001,5645,5645,True,Annaba,8.9,50.0,2026-09-19T08:00,,,
316042235,school,Ecole primaire,,36.69123722,7.743132779999999,972,972,True,Annaba,8.9,50.0,2026-09-19T08:00,,,
316043209,school,Lycée Ibn Khaldoun,,36.68065505,7.7423429875,16452,16452,True,Annaba,8.9,50.0,2026-09-19T08:00,,,
316043358,school,Lycée technique,,36.6786846375,7.742454975,9244,9244,True,Annaba,8.9,50.0,2026-09-19T08:00,,,
316043791,school,مدرسة ابتدائية,مدرسة ابتدائية,36.68320834,7.74683488,900,900,True,Annaba,8.9,50.0,2026-09-19T08:00,,,
316044277,school,Ecole Ibn Badis,,36.68487032,7.74400462,1737,1737,True,Annaba,8.9,50.0,2026-09-19T08:00,,,
316047271,school,مدرسة فضيلة سعدان الابتدائية,مدرسة فضيلة سعدان الابتدائية,36.68613938,7.75045392,1818,1818,True,Annaba,8.9,50.0,2026-09-19T08:00,,,
316048358,school,Ecole Bachir Ibrahimi,,36.68484462,7.75304144,665,665,True,Annaba,8.9,50.0,2026-09-19T08:00,,,
316048434,school,مدرسة ديدوش مراد الابتدائية,مدرسة ديدوش مراد الابتدائية,36.68433082,7.756355400000001,1246,1246,True,Annaba,8.9,50.0,2026-09-19T08:00,,,
316048846,school,CEM Abane Ramdane,,36.68383051538462,7.756676338461539,7337,7337,True,Annaba,8.9,50.0,2026-09-19T08:00,,,
316098320,school,اكمالية عيسى كحيل,اكمالية عيسى كحيل,36.22472813636364,5.3936217,2999,2999,True,Sétif,9.4,55.0,2026-09-19T08:00,,,
316228938,school,Lycée 19 Mai 1956,مدرسة 19 ماي 1956 الثانوية,36.89704519166667,8.440482354166667,9048,9048,True,El Tarf,9.3,46.0,2026-09-19T08:00,,,
316240465,school,EFTPA;مدرسة التكوين التقني للصيد البحري وتربية المائيات والغوص المحترف,مدرسة التكوين التقني للصيد البحري وتربية المائيات والغوص المحترف,36.89547205,8.4368392625,3512,3512,True,El Tarf,9.3,46.0,2026-09-19T08:00,,,
316243115,school,CEM 1 novembreاكمالية 1 نوفمير1954,اكمالية 1 نوفمير 1954,36.89638942,8.448972473333333,5904,5904,True,El Tarf,9.3,46.0,2026-09-19T08:00,,,
316255952,health_facility,Meridima- Grande plage;مريديمة - شاطئ الكبير,مريديمة - شاطئ الكبير,36.89496568,8.44931056,20,20,False,El Tarf,9.3,46.0,2026-09-19T08:00,,,
316413319,school,,,36.837948620000006,7.4568305,2377,2377,True,Annaba,9.2,43.0,2026-09-19T08:00,,,
316464323,place_of_worship,Masjid Al Imam Mouslim,مسجد الإمام مسلم,36.85603956,7.747259019999999,1770,1770,True,Annaba,9.9,48.0,2026-09-19T08:00,,,
316464556,school,CEM 19 mars 1962,,36.855911866666666,7.747862677777778,1861,1861,True,Annaba,9.9,48.0,2026-09-19T08:00,,,
316465252,place_of_worship,Dar El Hijra,,36.85196145454545,7.740169618181818,1394,1394,True,Annaba,9.9,48.0,2026-09-19T08:00,,,
316517029,school,,,36.834044166666665,7.462396116666667,3870,3870,True,Annaba,9.2,43.0,2026-09-19T08:00,,,
316517803,school,Ecole Boumachta Amer,مدرسة بومشطة عمار,36.837099685714286,7.460469585714286,2424,2424,True,Annaba,9.2,43.0,2026-09-19T08:00,,,
316690457,school,,,36.06092775,5.283243916666667,1871,1871,True,Sétif,9.7,55.0,2026-09-19T08:00,,,
316742264,school,,,36.22647442222223,7.953912022222222,8033,8033,True,Souk Ahras,8.5,51.0,2026-09-19T08:00,,,
316742320,school,CEM,,36.22315366363637,7.954980972727273,5468,5468,True,Souk Ahras,8.5,51.0,2026-09-19T08:00,,,
316745020,school,,,36.457719363636365,7.273022354545454,13196,13196,True,Guelma,9.3,51.0,2026-09-19T08:00,,,
316745141,school,CEM,,36.45714912,7.274056526666667,5069,5069,True,Guelma,9.3,51.0,2026-09-19T08:00,,,
316746813,school,École Houari Boumediene,مدرسة هواري بومدين,36.46249069411765,7.268202229411765,4478,4478,True,Guelma,9.3,51.0,2026-09-19T08:00,,,
316784634,school,,,36.4625345375,7.266697625,7207,7207,True,Guelma,9.3,51.0,2026-09-19T08:00,,,
316889167,school,,,36.460308985714285,7.260720185714286,2519,2519,True,Guelma,9.3,51.0,2026-09-19T08:00,,,
316889189,school,,,36.46156364,7.26234018,1210,1210,True,Guelma,9.3,51.0,2026-09-19T08:00,,,
316890225,school,CEM,متو سطة,36.446937,7.3103040375,2717,2717,True,Guelma,9.5,50.0,2026-09-19T08:00,,,
316890294,school,École primaire,,36.445563885714286,7.315497271428571,864,864,True,Guelma,9.5,50.0,2026-09-19T08:00,,,
316891095,school,,,36.50224451111112,7.39909061111111,7748,7748,True,Guelma,11.9,52.0,2026-09-19T08:00,,,
316913512,school,,,36.12433967777778,5.280307366666666,1121,1121,True,Sétif,9.8,55.0,2026-09-19T08:00,,,
316980139,school,Zaouai Mbarek,زواي مبارك,36.1883155,5.309949325,1468,1468,True,Sétif,9.6,55.0,2026-09-19T08:00,,,
316980669,school,CEM,إكمالية رحماني عبد الرحمن,36.19317135,5.3150875200000005,5145,5145,True,Sétif,9.6,55.0,2026-09-19T08:00,,,
316980670,school,École primaire BENZITOUNI Fatima,مدرسة ابتدائية بن زيتوني فاطمة,36.19300897777778,5.311228788888889,1537,1537,True,Sétif,9.6,55.0,2026-09-19T08:00,,,
316980671,school,C.E.M 1er Novembre 1954,مدرسة أول نوفمبر 1954 المتوسطة,36.18687445625,5.31674085625,19479,19479,True,Sétif,9.6,55.0,2026-09-19T08:00,,,
316980672,school,Lycée Loulou Ali,,36.188947355,5.3157572250000005,10880,10880,True,Sétif,9.6,55.0,2026-09-19T08:00,,,
316980673,school,CEM Haddad Larbi,متوسطة حداد العربي,36.19366404444444,5.324254166666666,5723,5723,True,Sétif,9.6,55.0,2026-09-19T08:00,,,
316980900,school,Lycée Malek Ben Nabi,,36.184498,5.315247533333333,4571,4571,True,Sétif,9.6,55.0,2026-09-19T08:00,,,
316980901,school,CEM 17 octobre 1961,متوسطة 17 اكتوبر 1961,36.18073236875,5.313275625,3005,3005,True,Sétif,9.6,55.0,2026-09-19T08:00,,,
316980930,school,,,36.1845148,5.306847575,766,766,True,Sétif,9.6,55.0,2026-09-19T08:00,,,
316991605,school,école Abacha Hocine,إبتدائية الشهيد حسين عباشة,36.18793935,5.3125110583333335,2554,2554,True,Sétif,9.6,55.0,2026-09-19T08:00,,,
317015476,school,Lycée Khattab Ibrahim,ثانوية خطاب ابراهيم,36.73268185,7.22421647,4391,4391,True,Skikda,9.8,49.0,2026-09-19T08:00,,,
317015591,school,CEM Ahmed Fayçali,متوسطة احمد فيصلي,36.73339377272728,7.224376418181818,4730,4730,True,Skikda,9.8,49.0,2026-09-19T08:00,,,
317016645,place_of_worship,Masjid Al Taqwa,,36.73151036666667,7.223979155555556,2362,2362,True,Skikda,9.8,49.0,2026-09-19T08:00,,,
317019428,school,Primaire Boukhdir,ابتدائية بوخضير,36.7309313,7.21946134,1051,1051,True,Skikda,9.8,49.0,2026-09-19T08:00,,,
317019841,health_facility,,,36.7307525,7.21894174,20,20,False,Skikda,9.8,49.0,2026-09-19T08:00,,,
317020181,school,École primaire Bendir,ايتدائية بندير,36.7311235,7.217815279999999,873,873,True,Skikda,9.8,49.0,2026-09-19T08:00,,,
317020285,school,Primaire Medhayef Hussein,ابتدائية مضايف حسين,36.73171238,7.21895172,814,814,True,Skikda,9.8,49.0,2026-09-19T08:00,,,
317020446,place_of_worship,Masjid El Forqan,مسجد الفرقان,36.73246808,7.218929,615,615,True,Skikda,9.8,49.0,2026-09-19T08:00,,,
317065151,school,متوسطة حامدي شريف,,36.03641291111112,5.3378248444444445,5966,5966,True,Sétif,9.1,55.0,2026-09-19T08:00,,,
317068060,school,,,36.10282288333334,5.333269225,746,746,True,Sétif,9.6,55.0,2026-09-19T08:00,,,
317068061,place_of_worship,مسجد أبي ايوب الانصاري,مسجد أبي ايوب الانصاري,36.102597088888885,5.333051155555555,2230,2230,True,Sétif,9.6,55.0,2026-09-19T08:00,,,
317068241,place_of_worship,,,36.10812477272727,5.337288309090909,2383,2383,True,Sétif,9.6,55.0,2026-09-19T08:00,,,
317439365,school,,,36.0024241,5.76604106,2405,2405,True,Sétif,8.2,54.0,2026-09-19T08:00,,,
317439500,health_facility,,,36.00306644,5.765381140000001,20,20,False,Sétif,8.2,54.0,2026-09-19T08:00,,,
317569790,place_of_worship,ابن العربي,ابن العربي,36.32283126,6.622589379999999,1089,1089,True,Constantine,8.4,54.0,2026-09-19T08:00,,,
317573386,place_of_worship,Mosquée Abou Moussa Al Achaari,مسجد أبو موسى الأشعري,36.3044525625,6.6193872875,6501,6501,True,Constantine,8.4,54.0,2026-09-19T08:00,,,
317584341,school,,,36.811151,7.3348151,3924,3924,True,Skikda,10.6,44.0,2026-09-19T08:00,,,
317585997,place_of_worship,,,36.81193132,7.33549028,1316,1316,True,Skikda,10.6,44.0,2026-09-19T08:00,,,
317591384,school,,,36.79096988,7.61100164,1053,1053,True,Annaba,10.1,50.0,2026-09-19T08:00,,,
317806688,place_of_worship,,,36.20354986,5.85352228,1390,1390,True,Sétif,8.2,54.0,2026-09-19T08:00,,,
317806689,place_of_worship,,,36.20063537777778,5.856626444444444,1378,1378,True,Sétif,8.2,54.0,2026-09-19T08:00,,,
318263486,school,,,36.058225140000005,4.8454758,1581,1581,True,Bordj Bou Arréridj,11.2,55.0,2026-09-19T08:00,,,
318268113,school,,,36.02908583333333,4.961670750000001,2536,2536,True,Bordj Bou Arréridj,11.5,56.0,2026-09-19T08:00,,,
318287933,school,,,36.14944742857143,5.109566114285714,1101,1101,True,Sétif,10.5,55.0,2026-09-19T08:00,,,
318287934,school,,,36.16113024,5.11013958,1387,1387,True,Sétif,10.5,55.0,2026-09-19T08:00,,,
318421353,school,CEM Saadi Rouabeh,,36.13336566875,5.074827075,3160,3160,True,Bordj Bou Arréridj,11.0,55.0,2026-09-19T08:00,,,
318424900,fire_station,Protection civil,,36.12594428571428,5.0739602,30,30,False,Bordj Bou Arréridj,11.0,55.0,2026-09-19T08:00,,,
318425554,place_of_worship,,,36.13994292,5.03723682,391,391,True,Bordj Bou Arréridj,11.0,55.0,2026-09-19T08:00,,,
318426520,place_of_worship,,,36.14800034117647,5.025857141176471,1078,1078,True,Bordj Bou Arréridj,11.0,55.0,2026-09-19T08:00,,,
318428750,school,,,36.14673722727272,5.033021427272727,7416,7416,True,Bordj Bou Arréridj,11.0,55.0,2026-09-19T08:00,,,
318431248,school,,,36.14347101818182,5.0238193,2726,2726,True,Bordj Bou Arréridj,11.0,55.0,2026-09-19T08:00,,,
318431249,school,,,36.14088826153846,5.024214207692308,5746,5746,True,Bordj Bou Arréridj,11.0,55.0,2026-09-19T08:00,,,
318431250,school,,,36.14700192,5.02363824,1036,1036,True,Bordj Bou Arréridj,11.0,55.0,2026-09-19T08:00,,,
318433249,place_of_worship,el Atiq,,36.14434476,5.02789132,719,719,True,Bordj Bou Arréridj,11.0,55.0,2026-09-19T08:00,,,
318951089,school,ثانوية سعال بوزيد,,36.28336066923077,5.404779769230769,4620,4620,True,Sétif,9.2,55.0,2026-09-19T08:00,,,
318951921,school,,,36.28166347777778,5.407320911111111,3540,3540,True,Sétif,9.2,55.0,2026-09-19T08:00,,,
318952294,school,,,36.28812711111111,5.409037,1621,1621,True,Sétif,9.2,55.0,2026-09-19T08:00,,,
318952295,school,,,36.2832799,5.4096996,3034,3034,True,Sétif,9.2,55.0,2026-09-19T08:00,,,
318954684,school,,,36.2852114,5.408929479999999,1421,1421,True,Sétif,9.2,55.0,2026-09-19T08:00,,,
318954685,school,,,36.27951698333333,5.404419999999999,1257,1257,True,Sétif,9.2,55.0,2026-09-19T08:00,,,
318954686,school,,,36.278781,5.4033653500000005,3176,3176,True,Sétif,9.2,55.0,2026-09-19T08:00,,,
318965737,place_of_worship,,,36.30475432,5.384609360000001,989,989,True,Sétif,9.4,55.0,2026-09-19T08:00,,,
318974374,school,المدرسة الابتدائية بوقرة لحسن,المدرسة الابتدائية بوقرة لحسن,36.2265543,5.394168128571429,1774,1774,True,Sétif,9.4,55.0,2026-09-19T08:00,,,
319406873,place_of_worship,,,36.36348485714286,6.600486828571428,676,676,True,Constantine,8.4,54.0,2026-09-19T08:00,,,
319406881,school,Lycée El Houria,,36.36329861428571,6.6051407,4801,4801,True,Constantine,8.4,54.0,2026-09-19T08:00,,,
319406882,place_of_worship,,,36.36710036,6.596830300000001,650,650,True,Constantine,10.5,53.0,2026-09-19T08:00,,,
319704602,school,CEM (Ghelloudj Boudebbouz),,36.02641616666667,7.605134316666667,3627,3627,True,Souk Ahras,8.1,52.0,2026-09-19T08:00,,,
319704885,health_facility,مستشفى,,36.02695954,7.605840580000001,100,100,False,Souk Ahras,8.1,52.0,2026-09-19T08:00,,,
319705474,place_of_worship,Masjid Abou Bakr El Siddik,مسجد ابو بكر الصديق,36.03033945,7.6028666833333345,3987,3987,True,Souk Ahras,8.1,52.0,2026-09-19T08:00,,,
319707756,school,Ecole Primaire (Kouachi Amer),المدرسة الابتدائية كواشي عمر,36.03036118571429,7.6038256,2662,2662,True,Souk Ahras,8.1,52.0,2026-09-19T08:00,,,
319708607,school,Lycée (Mekidech ammar),ثانوية مقيدش عمار,36.02772136923077,7.5994674,8276,8276,True,Souk Ahras,8.1,52.0,2026-09-19T08:00,,,
319708807,school,Ecole Primaire,,36.0285558,7.600492471428572,1025,1025,True,Souk Ahras,8.1,52.0,2026-09-19T08:00,,,
319708852,school,Ecole Primaire,,36.02821148,7.60085914,953,953,True,Souk Ahras,8.1,52.0,2026-09-19T08:00,,,
319709287,school,CEM (Malek Ben Nabi ),,36.02639612,7.60206122,3312,3312,True,Souk Ahras,8.1,52.0,2026-09-19T08:00,,,
319834842,school,,,36.00986378181818,5.591636545454545,2470,2470,True,Sétif,8.5,54.0,2026-09-19T08:00,,,
319834843,school,,,36.01024758333333,5.5924160333333335,2376,2376,True,Sétif,8.5,54.0,2026-09-19T08:00,,,
319844356,school,,,36.09512362307692,5.492077615384615,1462,1462,True,Sétif,9.1,55.0,2026-09-19T08:00,,,
319844358,school,,,36.09249093529412,5.491592841176471,5483,5483,True,Sétif,9.1,55.0,2026-09-19T08:00,,,
319844361,school,,,36.09415638,5.49018287,5567,5567,True,Sétif,9.1,55.0,2026-09-19T08:00,,,
319930513,place_of_worship,مسجد معاذ ابن جبل,مسجد معاذ ابن جبل,36.3469106,6.65512748,943,943,True,Constantine,8.4,54.0,2026-09-19T08:00,,,
319939676,school,,,36.16662827777778,5.2052891444444445,1368,1368,True,Sétif,9.8,55.0,2026-09-19T08:00,,,
320194428,school,,,36.2411676,5.06105296,715,715,True,Sétif,10.5,55.0,2026-09-19T08:00,,,
320194429,school,,,36.23092206,5.05711314,586,586,True,Bordj Bou Arréridj,10.5,55.0,2026-09-19T08:00,,,
320194430,school,,,36.230056100000006,5.055612216666667,1468,1468,True,Bordj Bou Arréridj,10.5,55.0,2026-09-19T08:00,,,
320207949,school,,,36.25139328181818,5.114006581818182,3547,3547,True,Sétif,9.9,54.0,2026-09-19T08:00,,,
320207951,school,,,36.24814816,5.1142873600000005,968,968,True,Sétif,9.9,54.0,2026-09-19T08:00,,,
320207953,school,,,36.22700691428572,5.022812328571429,2236,2236,True,Bordj Bou Arréridj,10.5,55.0,2026-09-19T08:00,,,
320215753,fire_station,Unité de Protection Civile,الحماية المدنية,36.195533395,5.41253372,30,30,False,Sétif,9.4,55.0,2026-09-19T08:00,,,
320215763,school,Guessab el Bachir,,36.19889878,5.414351460000001,2566,2566,True,Sétif,9.4,55.0,2026-09-19T08:00,,,
320218728,health_facility,Clinique privée Rachid Ben Merade,,36.7521439,5.05245486,20,20,False,Béjaïa,10.8,48.0,2026-09-19T08:00,,,
320233494,school,Lycée Él Hammadia,,36.75271652222222,5.059379588888889,20000,20000,True,Béjaïa,10.8,48.0,2026-09-19T08:00,,,
320239130,fire_station,Unité de Protection civile,الحماية المدنية,36.73593298,5.0629906,30,30,False,Béjaïa,10.8,48.0,2026-09-19T08:00,,,
320239132,school,Targa Ouzmour 1 & 2,تارقى أوزمور 1 & 2,36.75127225555556,5.044653033333334,1191,1191,True,Béjaïa,10.8,48.0,2026-09-19T08:00,,,
320527674,place_of_worship,مسجد سيدي يحيى,مسجد سيدي يحيى,36.76901838,5.89594024,1312,1312,True,Jijel,10.6,48.0,2026-09-19T08:00,,,
320582843,school,Mohamed El-Ghassiri,,36.18138974166666,5.417961783333333,17903,17903,True,Sétif,9.4,55.0,2026-09-19T08:00,,,
320657142,health_facility,,,36.66873149230769,5.156030846153846,20,20,False,Béjaïa,10.3,51.0,2026-09-19T08:00,,,
320657155,place_of_worship,مسجد عقبة بن نافع,مسجد عقبة بن نافع,36.661976422222224,5.452176966666666,836,836,True,Jijel,10.2,50.0,2026-09-19T08:00,,,
320662151,place_of_worship,,,36.71949426,5.62996364,480,480,True,Jijel,10.9,50.0,2026-09-19T08:00,,,
321221962,place_of_worship,مسجد حمزة,مسجد حمزة,36.35290043333333,6.6398443,1103,1103,True,Constantine,8.4,54.0,2026-09-19T08:00,,,
321799816,school,,,36.39171225,6.1270472375,1298,1298,True,Mila,9.0,52.0,2026-09-19T08:00,,,
321934703,place_of_worship,Mosquée Er-Rahmane,,36.2601988,6.7035414200000005,752,752,True,Constantine,9.0,52.0,2026-09-19T08:00,,,
321934775,health_facility,Hopital El-Khroub,مستشفى الخروب,36.26051908333333,6.7084595,100,100,False,Constantine,9.0,52.0,2026-09-19T08:00,,,
321958524,fire_station,Pompier de tamalous,الحماية المدنية,36.83648037777778,6.636944007407408,30,30,False,Skikda,7.9,46.0,2026-09-19T08:00,,,
321974958,school,Lycée Seniguer Boukhmis,ثانوية سنيقر بوخميس,36.8396610125,6.6386769,13082,13082,True,Skikda,7.9,46.0,2026-09-19T08:00,,,
321975446,school,CEM Keddous Ahmed,,36.833842626315786,6.6409881,4511,4511,True,Skikda,7.9,46.0,2026-09-19T08:00,,,
321976879,school,CEM Djeffel Cherif,,36.83447376428571,6.641408771428572,3960,3960,True,Skikda,7.9,46.0,2026-09-19T08:00,,,
322495848,school,ECOLE MOYEN BOUTOBZA,,36.832595955555554,6.653106844444444,3382,3382,True,Skikda,7.9,46.0,2026-09-19T08:00,,,
322496643,school,ECOLE PRIMAIRE,,36.83199792,6.65268216,1563,1563,True,Skikda,7.9,46.0,2026-09-19T08:00,,,
322757475,fire_station,Protection Civile (Les Pompiers),الحماية المدنية,36.0250825,7.60540978,30,30,False,Souk Ahras,8.1,52.0,2026-09-19T08:00,,,
322757476,place_of_worship,المسجد الجديد,المسجد الجديد,36.02538203333333,7.605009,1350,1350,True,Souk Ahras,8.1,52.0,2026-09-19T08:00,,,
322837522,school,متوسطة لبيض محمد,متوسطة لبيض محمد,36.76256975333333,5.90139026,6094,6094,True,Jijel,9.2,48.0,2026-09-19T08:00,,,
322866465,place_of_worship,Masjid abou daoud,مسجد أبو داوود,36.82525704166667,7.722301925,1100,1100,True,Annaba,9.9,48.0,2026-09-19T08:00,,,
322974891,place_of_worship,مسجد الفرقان,مسجد الفرقان,36.15735111,7.14268096,2320,2320,True,Oum El Bouaghi,7.9,51.0,2026-09-19T08:00,,,
322975215,school,ثانوية هادي محمود,,36.16027386,7.13392612,7492,7492,True,Oum El Bouaghi,7.9,51.0,2026-09-19T08:00,,,
322975284,school,متوسطة شتوف عبد الفتاح,,36.15986948333333,7.136622066666667,3452,3452,True,Oum El Bouaghi,7.9,51.0,2026-09-19T08:00,,,
322975475,school,مدرسة البشير الإبراهيمي,,36.16046166363636,7.138345563636364,1962,1962,True,Oum El Bouaghi,7.9,51.0,2026-09-19T08:00,,,
322975633,school,مدرسة عشي لكحل,مدرسة عشي لكحل,36.15976976,7.140209179999999,1882,1882,True,Oum El Bouaghi,7.9,51.0,2026-09-19T08:00,,,
322977113,school,متوسطة المجاهد المتوفى مصطفى دوبابي,,36.160603984615385,7.142669692307692,3160,3160,True,Oum El Bouaghi,7.9,51.0,2026-09-19T08:00,,,
322978738,place_of_worship,مسجد أسد بن الفرات,مسجد أسد بن الفرات,36.15885745,7.140774633333334,994,994,True,Oum El Bouaghi,7.9,51.0,2026-09-19T08:00,,,
322978833,health_facility,EPSP Tamlouka,,36.1605888,7.139171383333333,20,20,False,Oum El Bouaghi,7.9,51.0,2026-09-19T08:00,,,
322979759,school,إكمالية السعيد صغير,إكمالية السعيد صغير,36.15406425454545,7.138844118181819,2872,2872,True,Oum El Bouaghi,7.9,51.0,2026-09-19T08:00,,,
322981130,school,المدرسة الابتدائية محمد فنطازي,المدرسة الابتدائية محمد فنطازي,36.15545706666666,7.143184000000001,2222,2222,True,Oum El Bouaghi,7.9,51.0,2026-09-19T08:00,,,
322981152,school,المدرسة الابتدائية صالح بومايدة,,36.16026804285714,7.145299642857144,2813,2813,True,Oum El Bouaghi,7.9,51.0,2026-09-19T08:00,,,
323014274,school,Lycée cheniguel saad,,36.83792416666667,6.642191066666666,4135,4135,True,Skikda,7.9,46.0,2026-09-19T08:00,,,
323015574,school,Ecole Primaire Zaier Lounis,,36.835696122222224,6.6443841444444445,1275,1275,True,Skikda,7.9,46.0,2026-09-19T08:00,,,
323044223,health_facility,المستوصف,المستوصف,36.1583067,7.14120858,20,20,False,Oum El Bouaghi,7.9,51.0,2026-09-19T08:00,,,
323049075,school,ثانوية الشهيد مسعود وشام,ثانوية الشهيد مسعود وشام,36.15562244,7.1474003800000006,8716,8716,True,Oum El Bouaghi,7.9,51.0,2026-09-19T08:00,,,
323238079,school,CEM 11 Décembre 1960,,36.388370571428574,6.640337857142858,3155,3155,True,Constantine,8.4,54.0,2026-09-19T08:00,,,
323619924,health_facility,مركز الصحة,مركز الصحة,36.34539250454546,6.651822531818183,20,20,False,Constantine,8.4,54.0,2026-09-19T08:00,,,
323619926,school,مدرسة بابوري عتيقة,مدرسة بابوري عتيقة,36.34634581666666,6.651853133333333,127,127,True,Constantine,8.4,54.0,2026-09-19T08:00,,,
323619928,school,مدرسة اسد ابن الفرات,مدرسة اسد ابن الفرات,36.34591907777778,6.6524053,844,844,True,Constantine,8.4,54.0,2026-09-19T08:00,,,
323730249,fire_station,Unité de protection civile,الحماية المدنية,36.65095443333333,6.842572333333333,30,30,False,Skikda,9.1,50.0,2026-09-19T08:00,,,
323730926,place_of_worship,مسجد قرية جبل مكسن,,36.66963136,6.857275680000001,1952,1952,True,Skikda,9.1,50.0,2026-09-19T08:00,,,
323731120,school,ابتدائية بلكحلة الضيف,,36.67078116666666,6.857792183333333,1669,1669,True,Skikda,9.1,50.0,2026-09-19T08:00,,,
323812206,school,ابتدائية سحقي أحمد,,36.72992947272727,6.862617627272727,1839,1839,True,Skikda,8.3,50.0,2026-09-19T08:00,,,
323834951,school,اكمالية شارف علي,اكمالية شارف علي,36.70350862222222,6.857918144444444,2098,2098,True,Skikda,8.3,50.0,2026-09-19T08:00,,,
323837158,school,ابتدائية عبد الحميد بن باديس,ابتدائية عبد الحميد بن باديس,36.70385623333333,6.858354593333333,2279,2279,True,Skikda,8.3,50.0,2026-09-19T08:00,,,
323837540,school,ابتدائية الامير عبد القادر,ابتدائية الامير عبد القادر,36.70408892,6.858423159999999,730,730,True,Skikda,8.3,50.0,2026-09-19T08:00,,,
323844066,health_facility,المؤسسة العمومية للصحة الجوارية سيدي مزغيش,,36.70492738,6.85959486,20,20,False,Skikda,8.3,50.0,2026-09-19T08:00,,,
323844791,health_facility,المركز الطبي متعدد الخدمات,المركز الطبي متعدد الخدمات,36.70467806,6.8592556,20,20,False,Skikda,8.3,50.0,2026-09-19T08:00,,,
323845774,place_of_worship,مسجد الفرقان,مسجد الفرقان,36.70377296428571,6.860213464285715,2265,2265,True,Skikda,8.3,50.0,2026-09-19T08:00,,,
323846370,place_of_worship,مسجد العربي التبسي,مسجد العربي التبسي,36.69987114285714,6.857599357142857,1680,1680,True,Skikda,9.1,50.0,2026-09-19T08:00,,,
323853189,school,ثانوية محمد بلوزداد,ثانوية محمد بلوزداد,36.70107147142857,6.857889185714286,2587,2587,True,Skikda,8.3,50.0,2026-09-19T08:00,,,
323853717,school,متوسطة صالح بوالشعور مركز,,36.704350871428574,6.853934257142858,2690,2690,True,Skikda,8.3,50.0,2026-09-19T08:00,,,
323853887,school,ابتدائية السكة الحديدية,,36.70410426,6.85283106,1414,1414,True,Skikda,8.3,50.0,2026-09-19T08:00,,,
323854528,school,ابتدائية سعد حجال,,36.70704594,6.856987599999999,1839,1839,True,Skikda,8.3,50.0,2026-09-19T08:00,,,
323854891,school,مدرسة ابتدائية,,36.70795518,6.859261139999999,1040,1040,True,Skikda,8.3,50.0,2026-09-19T08:00,,,
323906910,school,متوسطة توفوتي سليمان,متوسطة توفوتي سليمان,36.699932366666665,6.860861216666667,4050,4050,True,Skikda,9.1,50.0,2026-09-19T08:00,,,
324109626,school,ثانوية صالح بوالشعور الجديدة,ثانوية صالح بوالشعور الجديدة,36.70069806,6.860884919999999,5121,5121,True,Skikda,8.3,50.0,2026-09-19T08:00,,,
324109920,school,ابتدائية محمد بوعمامة,ابتدائية محمد بوعمامة,36.69882994,6.85451948,680,680,True,Skikda,9.1,50.0,2026-09-19T08:00,,,
324110064,school,ابتدائية المفرزة,ابتدائية المفرزة,36.69796597142857,6.856266228571428,3280,3280,True,Skikda,9.1,50.0,2026-09-19T08:00,,,
324113075,place_of_worship,مسجد الاحسان,مسجد الاحسان,36.7312294,6.864357180000001,1618,1618,True,Skikda,8.3,50.0,2026-09-19T08:00,,,
324294402,place_of_worship,Mosquée Abdurrahman Ibn Awf,مسجد عبد الرحمن بن عوف,36.35060656363636,6.649095436363637,1846,1846,True,Constantine,8.4,54.0,2026-09-19T08:00,,,
324298140,health_facility,Clinique du rein,,36.35649683076923,6.639559738461538,20,20,False,Constantine,8.4,54.0,2026-09-19T08:00,,,
324300287,place_of_worship,Mosquée Mossaab,مسجد مصعب بن عمير,36.3537866,6.6456047,1439,1439,True,Constantine,8.4,54.0,2026-09-19T08:00,,,
324345947,school,,,36.2631792,5.343142114285714,1603,1603,True,Sétif,9.4,55.0,2026-09-19T08:00,,,
324346102,school,,,36.26478763636364,5.3465764,1771,1771,True,Sétif,9.4,55.0,2026-09-19T08:00,,,
324346866,health_facility,قاعة علاج,قاعة علاج,36.27748238,5.49598638,20,20,False,Sétif,9.2,55.0,2026-09-19T08:00,,,
324346904,school,,,36.2780678,5.496173433333333,2792,2792,True,Sétif,9.2,55.0,2026-09-19T08:00,,,
324349977,place_of_worship,Mosquée Al Kawthar,مسجد الكوثر,36.198093,5.4077850750000005,1960,1960,True,Sétif,9.4,55.0,2026-09-19T08:00,,,
324350040,school,,,36.19838245,5.40886911,2287,2287,True,Sétif,9.4,55.0,2026-09-19T08:00,,,
324350436,school,CEM Frères Bennaoui,متوسطة الإخوة بناوي,36.19751655,5.408148042857143,4227,4227,True,Sétif,9.4,55.0,2026-09-19T08:00,,,
324456091,place_of_worship,Mosquée Errahma,,36.35880476,6.63935148,656,656,True,Constantine,8.4,54.0,2026-09-19T08:00,,,
324456110,place_of_worship,,,36.370874057142856,6.635679828571428,553,553,True,Constantine,8.4,54.0,2026-09-19T08:00,,,
324534503,school,متوسطة بومعزة,متوسطة بومعزة,36.34771955555556,6.653749655555555,3558,3558,True,Constantine,8.4,54.0,2026-09-19T08:00,,,
324534504,school,ثانوية محمد بوسبسي,ثانوية محمد بوسبسي,36.34731516,6.654975283333333,3324,3324,True,Constantine,8.4,54.0,2026-09-19T08:00,,,
325062008,school,,,36.34291723333333,6.655798,3633,3633,True,Constantine,8.4,54.0,2026-09-19T08:00,,,
325861017,place_of_worship,Masjed Bouyaghil,مسجد بوياغيل,36.84856564,6.58041664,579,579,True,Skikda,7.5,45.0,2026-09-19T08:00,,,
326819005,health_facility,Clinique Internationale Mekalfa,العيادة الدولية,36.15878814285714,6.174019785714285,20,20,False,Mila,8.0,54.0,2026-09-19T08:00,,,
327027661,place_of_worship,Masjed,,36.861715877777776,6.614543100000001,593,593,True,Skikda,7.9,46.0,2026-09-19T08:00,,,
328212588,health_facility,مركز صحي,مركز صحي,36.392972071428574,6.127746957142857,100,100,False,Mila,9.0,52.0,2026-09-19T08:00,,,
329603603,school,Lycée Saint-Augustin,ثانوية القديس أوغيستان,36.90697058095238,7.754943652380953,18207,18207,True,Annaba,8.3,42.0,2026-09-19T08:00,,,
329605014,school,Lycée Ahmed Bouzbid,,36.91041399666666,7.750431586666666,11256,11256,True,Annaba,8.3,42.0,2026-09-19T08:00,,,
329605722,school,ثانوية مبارك الميلي,ثانوية مبارك الميلي,36.9165344,7.757878417391304,12519,12519,True,Annaba,8.3,42.0,2026-09-19T08:00,,,
329607666,school,PC,,36.88966543684211,7.748060989473684,8259,8259,True,Annaba,9.9,48.0,2026-09-19T08:00,,,
329608866,school,Lycée Larbi Ben M'Hidi,ثانوية العربي بن مهيدي,36.89786068181818,7.727653984848485,6217,6217,True,Annaba,9.9,48.0,2026-09-19T08:00,,,
329609502,school,Lycée Zighout Youcef,ثانوية زيغود يوسف,36.89276104,7.72948193,7165,7165,True,Annaba,9.9,48.0,2026-09-19T08:00,,,
329610937,school,Lycée 8 Mai 1945,ثانوية 8 مايو 1945,36.89475409333333,7.7380179,8260,8260,True,Annaba,9.9,48.0,2026-09-19T08:00,,,
329611329,school,Lycée Pierre et Marie Curie,,36.90356350476191,7.760339961904761,4319,4319,True,Annaba,8.3,42.0,2026-09-19T08:00,,,
329612958,school,Lycée Amara Laaskri,,36.897990145,7.747974650000001,10087,10087,True,Annaba,9.9,48.0,2026-09-19T08:00,,,
329613915,school,Lycée Technique,,36.90041567894737,7.749367842105263,11466,11466,True,Annaba,8.3,42.0,2026-09-19T08:00,,,
329615165,school,Lycée Zentar Slimane,,36.8917711,7.722467666666667,4521,4521,True,Annaba,9.9,48.0,2026-09-19T08:00,,,
329615491,school,Lycée Tahri Ali,,36.91385913888889,7.751273116666667,3770,3770,True,Annaba,8.3,42.0,2026-09-19T08:00,,,
329616680,school,Lycée Abdelmalek Bendjedid,,36.88495821363636,7.712785022727274,5426,5426,True,Annaba,9.9,48.0,2026-09-19T08:00,,,
329783442,school,Ecole Fatma Nsoumer,,36.89112268,7.74433892,8299,8299,True,Annaba,9.9,48.0,2026-09-19T08:00,,,
329786597,place_of_worship,Mosquée Okba Ibn Nafaa,,36.89914844444444,7.74411251111111,2329,2329,True,Annaba,9.9,48.0,2026-09-19T08:00,,,
329787558,fire_station,Unité de Protection Civile,الحماية المدنية,36.8983058,7.738882514285714,30,30,False,Annaba,9.9,48.0,2026-09-19T08:00,,,
330281434,health_facility,Clinique Naoufel,,36.31480536,6.614676659999999,20,20,False,Constantine,8.4,54.0,2026-09-19T08:00,,,
330385603,health_facility,Nouvelle Polyclinique,,36.64720392,6.82726222,20,20,False,Skikda,9.1,50.0,2026-09-19T08:00,,,
330665655,place_of_worship,مسجد الأنصار,,36.83469574285714,7.4563329,1285,1285,True,Annaba,9.2,43.0,2026-09-19T08:00,,,
330665958,school,Lycée Ibn Khaldoun,,36.83589076428572,7.456081942857144,8089,8089,True,Annaba,9.2,43.0,2026-09-19T08:00,,,
330688425,fire_station,Protection civile,الحماية المدنية,36.83825526,7.448289,30,30,False,Annaba,9.2,43.0,2026-09-19T08:00,,,
331002169,place_of_worship,مسجد الرضوان,,36.83872418888889,7.458406977777778,2119,2119,True,Annaba,9.2,43.0,2026-09-19T08:00,,,
331004486,place_of_worship,مسجد عبد الحميد ابن باديس,,36.83070079375,7.46200884375,988,988,True,Annaba,9.2,43.0,2026-09-19T08:00,,,
332001424,school,Ecole Benamira salah,,36.45856397777778,6.037647077777778,996,996,True,Mila,10.1,52.0,2026-09-19T08:00,,,
332260462,place_of_worship,,,36.45625245714286,6.031061514285715,866,866,True,Mila,10.1,52.0,2026-09-19T08:00,,,
335698722,health_facility,العيادة المتعددة الخدمات المجاهد بوزيد الشريف,,36.90118572,7.7430255,20,20,False,Annaba,8.3,42.0,2026-09-19T08:00,,,
335818009,place_of_worship,Mosquée Essahoua,,36.88547175,6.991493033333334,2968,2968,True,Skikda,12.4,51.0,2026-09-19T08:00,,,
335818010,school,,,36.88549961666667,6.9922125500000005,2084,2084,True,Skikda,12.4,51.0,2026-09-19T08:00,,,
335839537,health_facility,Salle de soins Larbi Ben Mhidi,,36.88704506,6.98280306,20,20,False,Skikda,12.4,51.0,2026-09-19T08:00,,,
335841158,school,,,36.88276162,6.98606844,2706,2706,True,Skikda,12.4,51.0,2026-09-19T08:00,,,
335841159,school,,,36.88558256666667,6.983898466666667,2219,2219,True,Skikda,12.4,51.0,2026-09-19T08:00,,,
335841160,school,,,36.885580242857145,6.9930562571428565,1905,1905,True,Skikda,12.4,51.0,2026-09-19T08:00,,,
335841161,school,,,36.886597484615386,6.9932115538461534,3027,3027,True,Skikda,12.4,51.0,2026-09-19T08:00,,,
338103117,school,,,36.17096774,5.2351798,2978,2978,True,Sétif,9.8,55.0,2026-09-19T08:00,,,
338492158,school,أبو عبيدة بن الجراح,أبو عبيدة بن الجراح,36.35484116,6.638731,1415,1415,True,Constantine,8.4,54.0,2026-09-19T08:00,,,
339439368,place_of_worship,,,36.89996364,7.05511798,1583,1583,True,Skikda,9.6,45.0,2026-09-19T08:00,,,
339439479,health_facility,Polyclinique les Platanes,,36.89819831666667,7.053848966666667,20,20,False,Skikda,9.6,45.0,2026-09-19T08:00,,,
339439937,school,,,36.898329644444445,7.056396122222222,9020,9020,True,Skikda,9.6,45.0,2026-09-19T08:00,,,
339440114,school,CEM Chahid Aïssani,,36.60912689333333,4.6903434866666665,1611,1611,True,Béjaïa,12.8,51.0,2026-09-19T08:00,,,
339440115,school,Lycée Taous Amrouche,ثانوية طاوس عمروش,36.609695275,4.6894552125,5399,5399,True,Béjaïa,12.8,51.0,2026-09-19T08:00,,,
339531160,school,Primaire,,36.89876536,7.04839494,1344,1344,True,Skikda,9.6,45.0,2026-09-19T08:00,,,
339608928,school,,,36.891601075,7.0500439375,663,663,True,Skikda,9.6,45.0,2026-09-19T08:00,,,
339620655,place_of_worship,,,36.89370496666667,7.048725588888889,1272,1272,True,Skikda,9.6,45.0,2026-09-19T08:00,,,
339621871,school,CEM Aissa Bouzguine,إكمالية عيسى بوزقين,36.89619326666666,7.050903433333334,1838,1838,True,Skikda,9.6,45.0,2026-09-19T08:00,,,
339621942,school,,,36.89396882727272,7.052823399999999,5441,5441,True,Skikda,9.6,45.0,2026-09-19T08:00,,,
339621974,school,,,36.894138,7.049763850000001,1380,1380,True,Skikda,9.6,45.0,2026-09-19T08:00,,,
339622235,school,,,36.8911582875,7.0564965125,2385,2385,True,Skikda,9.6,45.0,2026-09-19T08:00,,,
339622753,school,Lycée Moufdi Zakaria,ثانوية مفدي زكرياء,36.89411711818182,7.047672818181818,10423,10423,True,Skikda,9.6,45.0,2026-09-19T08:00,,,
339784098,place_of_worship,Mosquée Sidi Ali Eddib,مسجد سيدي علي الديب,36.87638533,6.90745007,1523,1523,True,Skikda,,,,,,
339788487,school,,,36.86041158,6.9060315,1203,1203,True,Skikda,,,,,,
340184654,school,École des 13 Martyrs,مدرسة الـ 13 شهيد,36.761572215,5.070949335,3197,3197,True,Béjaïa,,,,,,
340417824,school,Ecole primaire Tayeb Belik Aɣebaz 1U Teyyeb Bellik,مدرسة طيب بليك الابتدائية,36.62286864705882,4.6772654176470585,846,846,True,Béjaïa,,,,,,
340610517,school,Cité 2 Ecole,مدرسة حي 2,37.06299629,7.37687837,915,915,True,Annaba,,,,,,
340612667,school,Lycée Chetaibi,ثانوية شطايبي,37.06631168,7.37937488,1367,1367,True,Annaba,,,,,,
341017046,school,Technicum,,36.70413932857143,7.843691585714287,7561,7561,True,Annaba,,,,,,
341017446,school,Lycée Aboutayeb Motanabi,ثانوية أبي الطيب المتنبي,36.70461994,7.84502414,8477,8477,True,Annaba,,,,,,
341018081,school,CEM - École élémentaire,,36.70607682857143,7.846889685714286,5589,5589,True,Annaba,,,,,,
341018258,school,CEM Ridha Houhou,,36.7041931,7.84919175,9940,9940,True,Annaba,,,,,,
341018957,place_of_worship,,,36.70262044,7.84600652,746,746,True,Annaba,,,,,,
341020602,health_facility,,,36.702108889473685,7.841982694736843,20,20,False,Annaba,,,,,,
341021485,place_of_worship,,,36.70762624,7.846099580000001,2016,2016,True,Annaba,,,,,,
341025149,health_facility,Hôpital de Besbes,,36.70470428,7.832929519999999,100,100,False,Annaba,,,,,,
341030349,health_facility,Centre de Santé,مركز الصحة,36.78487423333333,8.380749388888889,20,20,False,El Tarf,,,,,,
341322160,school,Technicum des Frères Bouifel,,36.60805783571429,4.692490407142857,6551,6551,True,Béjaïa,,,,,,
341322585,school,C.F.P.A. Sidi Aïch,مركز التكوين المهني,36.6060704090909,4.692867536363637,9950,9950,True,Béjaïa,,,,,,
341439739,school,,,36.85588214,7.78824542,1753,1753,True,Annaba,,,,,,
341751027,place_of_worship,Mosquée Israâ et El Miâradj,مسجد الإسراء و المعراج,36.90579534,7.73721962,740,740,True,Annaba,,,,,,
341758174,place_of_worship,Mosquée El-Imam El-Kortobi,مسجد الإمام القرطبي,36.909645188888895,7.735838366666666,1775,1775,True,Annaba,,,,,,
341829588,place_of_worship,Masjid El-Arkam Ibn Abi El-Arkam,مسجد الأرقم بن أبي الأرقم,36.8956986875,7.7380600375,649,649,True,Annaba,,,,,,
341835268,place_of_worship,,,36.88933015,7.730423299999999,561,561,True,Annaba,,,,,,
342034053,place_of_worship,,,36.89434412,7.72366502,1228,1228,True,Annaba,,,,,,
342137734,health_facility,EPSP Sidi Aich,المؤسسة العمومية للصحة الجوارية سيدي عيش,36.613611991666666,4.688362383333334,100,100,False,Béjaïa,,,,,,
342286213,health_facility,Hôpital psychiatrique Aboubaker Errazi,,36.89839555833333,7.724956325,100,100,False,Annaba,,,,,,
342314638,place_of_worship,Mosquée de Sidi Bou Merouane,,36.89845465,7.764139675,1070,1070,True,Annaba,,,,,,
342351580,fire_station,Protection civile Sidi Aïch,الحماية المدنية,36.611194925,4.692474975,30,30,False,Béjaïa,,,,,,
342358257,health_facility,Polyclinique d'El Flaye,مستوصف الفلاي,36.61195553333333,4.670139855555556,20,20,False,Béjaïa,,,,,,
342358274,school,C.E.M. Leflaye Aɣerbaz Alemmas Lɛerbi Imadalen,المدرسة المتوسطة لفلاي,36.6085831,4.6665752,1763,1763,True,Béjaïa,,,,,,
342358275,school,Aɣerbaz n warrac imadali,مدرسة إيمادالي البنين,36.608764441666665,4.6674276416666665,1441,1441,True,Béjaïa,,,,,,
342358289,school,Ecole Tighilt,مدرسة تغلت,36.61922116,4.6640274900000005,1435,1435,True,Béjaïa,,,,,,
342366652,school,,,36.722268477777774,4.5958970500000005,3117,3117,True,Béjaïa,,,,,,
342634421,school,Lycée,مدرسة ثانوية,36.85673074,7.738323660000001,4943,4943,True,Annaba,,,,,,
342635291,fire_station,Unité de Protection civile,الحماية المدنية,36.85450361,7.734178160000001,30,30,False,Annaba,,,,,,
342636078,school,Primaire,,36.85356512857143,7.736619157142857,2783,2783,True,Annaba,,,,,,
342636505,school,CEM Imam Muslim,متوسطة الامام مسلم,36.84915151578948,7.7468590684210525,6219,6219,True,Annaba,,,,,,
342726591,place_of_worship,,,36.18897632,5.40417286,874,874,True,Sétif,,,,,,
342804120,school,Lycée Mixte,,36.608755083333335,4.688469841666667,7234,7234,True,Béjaïa,,,,,,
343109909,school,Ecole primaire El Irched,مدرسة الايرشد الابتدائية,36.87955445,6.909617016666666,1354,1354,True,Skikda,,,,,,
343537264,place_of_worship,Mohamed Bachir el Ibrahimi Mosque,مسجد محمد البشير الإبراهيمي,36.1829196,5.311965116666666,770,770,True,Sétif,,,,,,
343537328,place_of_worship,كنيسة,كنيسة,36.18321975384616,5.31189076923077,291,291,True,Sétif,,,,,,
343739520,school,,,36.19806516,5.42187504,1643,1643,True,Sétif,,,,,,
344170441,school,Lycée Mohamed Sedik Ben Yahia,ثانوية محمد الصديق بن يحيى - Lycée Mohamed Sedik Ben Yahia,36.87726656,6.910061690000001,6697,6697,True,Skikda,,,,,,
345133665,school,متوسطة بوحوش اسماعيل,متوسطة بوحوش اسماعيل,36.66224232727273,5.4605391,5685,5685,True,Jijel,,,,,,
345135132,health_facility,centre de santé,,36.4458157,7.30923602,100,100,False,Guelma,,,,,,
345137347,school,bourara Salah,,36.44469057272728,7.308662636363636,2097,2097,True,Guelma,,,,,,
346360314,place_of_worship,مسجد الرحمان,,36.1597583,7.1348012,3559,3559,True,Oum El Bouaghi,,,,,,
346360714,place_of_worship,مسجد أبي بن كعب,,36.15991425,7.14459075,1090,1090,True,Oum El Bouaghi,,,,,,
346640304,school,Ecole primaire Kessi Abdeslem,,36.59171402,4.63114377,1003,1003,True,Béjaïa,,,,,,
346992041,school,CEM Takrietz,,36.58062013999999,4.65527345,2856,2856,True,Béjaïa,,,,,,
347396970,school,,,36.8407954875,6.960969625000001,1106,1106,True,Skikda,,,,,,
347398678,school,,,36.84602522,6.96340661,1565,1565,True,Skikda,,,,,,
348728642,school,المدرسة الابتدائية رابح زهيوة,المدرسة الابتدائية رابح زهيوة,36.15739085714286,7.136201957142857,2158,2158,True,Oum El Bouaghi,,,,,,
352292685,place_of_worship,المسجد الكبير,المسجد الكبير,36.754170980000005,6.27833333,1173,1173,True,Mila,,,,,,
352295515,school,متوسطة كحال عبد العزيز,متوسطة كحال عبد العزيز,36.746020470000005,6.27124208,1899,1899,True,Mila,,,,,,
352295516,school,Ecole primaire Hedjla Ali,,36.74568068888888,6.272133888888889,1399,1399,True,Mila,,,,,,
353755688,school,متوسطة بولحبال أحمد,متوسطة بولحبال أحمد,36.74476018181818,6.0332685,3099,3099,True,Jijel,,,,,,
354301795,health_facility,,,36.30344055,6.010660875,100,100,False,Mila,,,,,,
354704459,health_facility,Polyclinique Houmet Ettalienne,مستوصف إتالين حومة,36.88209718,6.90549276,20,20,False,Skikda,,,,,,
354705492,health_facility,Centre Medico-Social de Police,,36.88424656,6.90412896,20,20,False,Skikda,,,,,,
354707833,school,Lycée Houcine Boukbir,ثانوية حسين بوكبير,36.88200900833333,6.901932583333333,1864,1864,True,Skikda,,,,,,
354708581,place_of_worship,Mosquée Abdelhamid Ben Badis,مسجد عبد الحميد بن باديس,36.8785795625,6.9092532375,1574,1574,True,Skikda,,,,,,
354960057,health_facility,Polyclinique,,36.6532129,6.840006499999999,20,20,False,Skikda,,,,,,
355206520,place_of_worship,مسجد الاستقلال,مسجد الاستقلال,36.361188928,6.60663868,863,863,True,Constantine,,,,,,
356792767,school,Lycée Les Oliviers,مدرسة الزيتون الثانوية,36.75598582,5.08761314,3853,3853,True,Béjaïa,,,,,,
359233878,school,CEM,,36.10936721428571,6.351362357142857,4893,4893,True,Constantine,,,,,,
359238993,school,,,36.115939,6.3557887285714285,2186,2186,True,Constantine,,,,,,
359239404,school,,,36.11687355714286,6.355231957142857,1051,1051,True,Constantine,,,,,,
359239510,fire_station,Unité de Protection civile,الحماية المدنية,36.117207275,6.354672775,30,30,False,Constantine,,,,,,
359240386,school,ابتدائية العربي التبسي,ابتدائية العربي التبسي,36.11863546,6.3549048400000006,2121,2121,True,Constantine,,,,,,
359240546,school,متوسطة الاخوة بلبل,متوسطة الاخوة بلبل,36.12025048,6.35618706,5353,5353,True,Constantine,,,,,,
359241663,health_facility,,,36.12431918,6.36369438,100,100,False,Constantine,,,,,,
359245118,school,CEM,,36.12630885,6.3688418166666665,4045,4045,True,Constantine,,,,,,
359245125,school,Primaire,,36.12675974285714,6.368248357142858,1755,1755,True,Constantine,,,,,,
359245188,school,,,36.1263125,6.365537659999999,2998,2998,True,Constantine,,,,,,
359245355,school,,,36.128089563636365,6.369891518181817,5709,5709,True,Constantine,,,,,,
359337565,place_of_worship,مسجد سعد بن أبي وقاص,مسجد سعد بن أبي وقاص,36.086142460000005,4.778181206666667,2104,2104,True,Bordj Bou Arréridj,,,,,,
360278379,place_of_worship,,,36.1342435,4.73471518,308,308,True,Bordj Bou Arréridj,,,,,,
362860430,place_of_worship,مسجد الرحمن,مسجد الرحمن,37.01733004444444,6.528374255555556,243,243,True,Skikda,,,,,,
363819770,school,Primaire Igoussimen Mohand Ouali,,36.606479285714286,4.741505542857142,649,649,True,Béjaïa,,,,,,
365516113,place_of_worship,Ennour,,36.67627392,4.85755156,679,679,True,Béjaïa,,,,,,
366056108,place_of_worship,,,36.68765544,5.51160798,19,19,True,Jijel,,,,,,
366094691,place_of_worship,Sidi Boulqous,سيدي بلقوس,36.635398825,5.52142295,33,33,True,Jijel,,,,,,
366100021,place_of_worship,مسجد تاسڤة,مسجد تاسڤة,36.64877382857143,5.536128257142857,56,56,True,Jijel,,,,,,
366470499,place_of_worship,,,36.6616504,5.439461359999999,590,590,True,Jijel,,,,,,
366841983,school,Aïad Saïd,,36.62094206,5.484290679999999,617,617,True,Jijel,,,,,,
366900849,place_of_worship,Mosquée de Chelhab Amokrane,,36.37807696,4.8652851,39,39,True,Bordj Bou Arréridj,,,,,,
366902302,school,Saïd Mahroug,,36.39186386666666,4.857477133333333,1085,1085,True,Bordj Bou Arréridj,,,,,,
366902303,place_of_worship,,,36.39217526,4.855273540000001,267,267,True,Bordj Bou Arréridj,,,,,,
366902308,place_of_worship,Sidi Mohand El Mekhfi,,36.3895566,4.849290576923076,170,170,True,Bordj Bou Arréridj,,,,,,
366902309,place_of_worship,,,36.389801766666665,4.851653583333333,78,78,True,Bordj Bou Arréridj,,,,,,
366951535,place_of_worship,Mosquée El Forqan,مسجد الفرقان,36.3390321,6.5973552600000005,812,812,True,Constantine,,,,,,
366953604,school,"Ecole primaire Ibn Zaydoun, Cosntantine",,36.341922325,6.598458233333333,3133,3133,True,Constantine,,,,,,
366966976,health_facility,,,36.34480716,6.603664879999999,100,100,False,Constantine,,,,,,
367111983,school,CEM Mohamed Abdou,,36.34115994285714,6.601284535714286,1822,1822,True,Constantine,,,,,,
367221068,place_of_worship,,,36.6728774,5.48456786,919,919,True,Jijel,,,,,,
367580979,place_of_worship,,,36.6415635,5.45786628,274,274,True,Jijel,,,,,,
367821299,school,,,36.6734125125,5.4840442375,1505,1505,True,Jijel,,,,,,
368449703,place_of_worship,Mosquée Bilel,,36.189904675,5.417217562499999,334,334,True,Sétif,,,,,,
368504191,school,Lycée Ben Badis,,36.347738,6.602128515384615,12841,12841,True,Constantine,,,,,,
368650333,school,Tasenawiṭ n Lala Fatma N'sumer,مدرسة لالة فاطمة نسومر الثانوية,36.642798125,4.902561108333334,4874,4874,True,Béjaïa,,,,,,
368650339,school,CEM 800-300,المدرسة المتوسطة 800-300,36.64448362857143,4.907338242857143,17364,17364,True,Béjaïa,,,,,,
368650340,school,CEM 600-200,المدرسة المتوسطة 600-200,36.64332415,4.908582321428571,10909,10909,True,Béjaïa,,,,,,
368973554,health_facility,Clinique Ibn Rochd,,36.3270937,6.57440335,20,20,False,Constantine,,,,,,
368989997,school,,,36.63239322,5.53104364,132,132,True,Jijel,,,,,,
369297453,health_facility,Hôpital hafid boudjema,,36.35173745714285,6.594253785714286,100,100,False,Constantine,,,,,,
369388139,school,CEM Taraboulsi Saddek,,36.1956925,5.432287,11107,11107,True,Sétif,,,,,,
369407714,place_of_worship,,,36.66624658,5.552720580000001,63,63,True,Jijel,,,,,,
369446357,place_of_worship,,,36.67063375714286,5.5604541,211,211,True,Jijel,,,,,,
369581076,health_facility,Polyclinique Sidi Ahmed,,36.75355164285714,5.063048628571429,20,20,False,Béjaïa,,,,,,
369581236,school,CEM Concession,,36.75097306,5.06178122,2076,2076,True,Béjaïa,,,,,,
370580007,school,École primaire,,36.4349232,6.641081442857143,1280,1280,True,Constantine,,,,,,
370582316,health_facility,Polyclinique Didouche Mourad,,36.4483341625,6.6330607125,20,20,False,Constantine,,,,,,
370586715,school,Écoles taher bekira,,36.38982325555556,6.606350522222223,3485,3485,True,Constantine,,,,,,
370735376,place_of_worship,Mosquée Omar Ibn El Khattab,,36.179157044444445,5.402921844444445,2864,2864,True,Sétif,,,,,,
371171339,school,CEM larza,,36.80284698,7.74400844,3390,3390,True,Annaba,,,,,,
371368976,school,ثانوية رضا حوحو,ثانوية رضا حوحو,36.37018429310344,6.613865541379311,4234,4234,True,Constantine,,,,,,
371638849,place_of_worship,,,36.64487256363636,5.549067218181818,239,239,True,Jijel,,,,,,
371646013,school,Lycée Djllali Lyabes,,36.765186988888885,7.906616177777778,8407,8407,True,Annaba,,,,,,
371646021,school,CEM Abdehamid Ben Bads,,36.76752397142857,7.9010532,4520,4520,True,Annaba,,,,,,
371651203,school,CEM Daira Mustapha,,36.775824776470586,7.907325788235293,2474,2474,True,Annaba,,,,,,
371651210,school,,,36.77347963529412,7.9057044588235295,13509,13509,True,Annaba,,,,,,
371651211,place_of_worship,Mosquée Taouba,,36.76928112,7.90394632,1562,1562,True,Annaba,,,,,,
371651219,school,,,36.78277148181818,7.906873263636364,3337,3337,True,Annaba,,,,,,
371654865,school,Ecole Moufdi Zakaria,,36.767484,7.902836188888888,833,833,True,Annaba,,,,,,
371654873,school,Lycée 8 Mai 1945,,36.76863098666667,7.900091806666666,3577,3577,True,Annaba,,,,,,
371654877,school,Ecole de Sours et Muets,,36.77105896,7.899597760000001,4114,4114,True,Annaba,,,,,,
371654892,school,Ecole Boubir Djaballah,,36.76908411111111,7.900639388888889,1691,1691,True,Annaba,,,,,,
371661180,school,CEM Boukhchem Larbi,,36.238407714285714,6.945693564285714,3033,3033,True,Constantine,,,,,,
371661184,school,CEM Abane Ramdane,,36.22686006,6.94880426,3986,3986,True,Constantine,,,,,,
371661187,school,Ecole Merabet Abderrahmane,,36.23335565714286,6.944450285714285,1700,1700,True,Constantine,,,,,,
372615222,school,,,36.427929383333336,6.638885616666666,1419,1419,True,Constantine,,,,,,
373436565,place_of_worship,Abderahmane El Ouaghlissi,عبد الرحمان الوغليسي,36.60967216666666,4.688447316666667,633,633,True,Béjaïa,,,,,,
374453095,health_facility,Centre des diabétiques,,36.60859123333333,4.691577686666666,20,20,False,Béjaïa,,,,,,
374460517,place_of_worship,Mosquée Fodhil El Wartilani,,36.18415163076923,5.414544176923077,1329,1329,True,Sétif,,,,,,
374559755,fire_station,Unité de Protection civile,الحماية المدنية,36.54621446,4.681442420000001,30,30,False,Béjaïa,,,,,,
374590015,school,Lycée Ferhat Abbas,,36.27012791111111,6.6985525444444445,4717,4717,True,Constantine,,,,,,
374590025,school,CEM Chihani Bachir,,36.2550718,6.695844372727273,6999,6999,True,Constantine,,,,,,
374596049,school,Lycée Massinissa,ثانوية ماسينيسا,36.25898750769231,6.699057023076923,4952,4952,True,Constantine,,,,,,
374596050,school,CEM Arbaoui Ali,متوسطة عرباوي علي,36.25920968333333,6.699689366666667,2791,2791,True,Constantine,,,,,,
374596212,school,CEM Karboua Abdelhamid,,36.25956905,6.694925435714286,5079,5079,True,Constantine,,,,,,
374597907,place_of_worship,مسجد حذيفة بن اليمان,,36.26366286,6.692815980000001,414,414,True,Constantine,,,,,,
374696733,school,Lycée Bentouati Mohamed,,36.20562600344828,5.41242785862069,2520,2520,True,Sétif,,,,,,
374697447,school,متوسطة بوتي أكلي سطيف,متوسطة بوتي أكلي سطيف,36.20680375555556,5.413790233333334,1382,1382,True,Sétif,,,,,,
374754804,school,C.E.M Mohamed Khemisti,,36.18419358571428,5.415652957142858,3441,3441,True,Sétif,,,,,,
374756578,place_of_worship,Mosquée Al Qods,مسجد القدس,36.332300700000005,5.1876583400000005,450,450,True,Sétif,,,,,,
374794414,school,École primaire,,36.43745824285714,6.6376325142857135,956,956,True,Constantine,,,,,,
374882029,place_of_worship,مسجد عمر بن الخطاب,مسجد عمر بن الخطاب,36.40072624,8.19188228,580,580,True,Souk Ahras,,,,,,
375264874,school,Lycée Arezki Kahal,,36.324803221428574,4.879089064285714,9495,9495,True,Bordj Bou Arréridj,,,,,,
375376266,school,,,36.22654705714286,5.400136942857143,1474,1474,True,Sétif,,,,,,
375391250,place_of_worship,مسجد,مسجد,36.33156382,5.08193086,485,485,True,Sétif,,,,,,
375393547,school,École des cadets de la nation,مدرسة أشبال الأمة,36.19254636666667,5.346399888888889,20000,20000,True,Sétif,,,,,,
375393891,place_of_worship,,,36.19488294,5.41550082,1433,1433,True,Sétif,,,,,,
375394078,school,CEM Bakhouche,,36.19440161818182,5.415110590909091,4640,4640,True,Sétif,,,,,,
375685196,school,,,36.17717767,5.40459216,3894,3894,True,Sétif,,,,,,
375692823,health_facility,EHS Sidi Mabrouk - Hôpital Pédiatrique Mansourah,,36.367943338888885,6.634454894444445,100,100,False,Constantine,,,,,,
375694848,school,Ecole de Sourds et Muets,,36.36676434444444,6.6369507,3183,3183,True,Constantine,,,,,,
375694849,school,CEM Allaoua Ben Baatouche,,36.36881443333333,6.6364329,8911,8911,True,Constantine,,,,,,
375694852,school,Lycée Ahmed Bey,,36.362631042857146,6.634302085714286,11569,11569,True,Constantine,,,,,,
375694855,place_of_worship,Mosquée Ibn Badis,,36.36315594,6.62892268,892,892,True,Constantine,,,,,,
375721533,school,,,36.1963651,5.4193416800000005,919,919,True,Sétif,,,,,,
375721535,place_of_worship,مسجد خالد بن الوليد,مسجد خالد بن الوليد,36.19891626,5.41845154,1958,1958,True,Sétif,,,,,,
375821689,place_of_worship,,,36.32504892857144,5.139909185714286,240,240,True,Sétif,,,,,,
375828017,fire_station,Protection civile:الحماية المدنية,الحماية المدنية,36.18344686666666,5.442182916666667,30,30,False,Sétif,,,,,,
375952491,school,Technicum Aïssa Hamitouche,,36.0619595625,4.7676591125,20000,20000,True,Bordj Bou Arréridj,,,,,,
375954240,school,مدرسة قاسمي حمدان,مدرسة قاسمي حمدان,36.06597078,4.7447257,1769,1769,True,Bordj Bou Arréridj,,,,,,
375960347,health_facility,,,36.06970117,4.76640355,20,20,False,Bordj Bou Arréridj,,,,,,
376249936,place_of_worship,مسجد السداري,مسجد السداري,36.393772075,5.88367375,2364,2364,True,Mila,,,,,,
377107400,school,,,36.20018343333333,5.519038975,2486,2486,True,Sétif,,,,,,
377296231,health_facility,Polyclinque d'Adjioun,,36.457022725,5.205362358333333,20,20,False,Sétif,,,,,,
377297114,place_of_worship,Ecole coranique d'Adjioun,المدرسة القرآنية بأجيون,36.458047,5.20487652,943,943,True,Sétif,,,,,,
377298926,school,Ecole primaire d'Adjioun Maatem Mohamed,المدرسة الإبتدا٬ية بأجيون مع معتم محمد,36.45879521428572,5.205659842857143,2051,2051,True,Béjaïa,,,,,,
377299547,school,Ecole moyenne d'Adjioun Les Frères Boumaaza,المدرسة المتوسطة بأجيون الإخوة بومعزة,36.45960883333333,5.204926733333333,3349,3349,True,Béjaïa,,,,,,
377459691,school,,,36.194599125,5.4211591,2002,2002,True,Sétif,,,,,,
377476163,place_of_worship,,,36.1746648,5.03126634,3737,3737,True,Bordj Bou Arréridj,,,,,,
377614095,school,CEM Belmahmoud Mahmoud,,36.185385366666665,5.4025385,3688,3688,True,Sétif,,,,,,
377614368,school,Ecoles des fusillés,,36.18624404,5.40099278,1742,1742,True,Sétif,,,,,,
377614744,place_of_worship,مسجد السبطين,مسجد السبطين,36.19013846153847,5.394475453846154,3696,3696,True,Sétif,,,,,,
377616412,school,C.E.M 8 Mai1945,متوسطة 8 ماي 1945,36.18035897272727,5.411289436363637,11803,11803,True,Sétif,,,,,,
377617011,school,Lycée Ibn Rachik,,36.18403727894737,5.417252510526316,20000,20000,True,Sétif,,,,,,
377640433,health_facility,Polyclinique Abdallah Chaoui,,36.330247525,5.0944338625,20,20,False,Sétif,,,,,,
377857764,place_of_worship,,,36.33947037142857,5.086735957142857,2396,2396,True,Sétif,,,,,,
377885024,health_facility,Hôpital Frantz Fanon,,36.90374028275862,7.766237289655172,100,100,False,Annaba,,,,,,
377885025,health_facility,Centre Sanitaire,,36.903863163636366,7.757713654545455,100,100,False,Annaba,,,,,,
377899527,place_of_worship,مسجد عثمان بن عفان,مسجد عثمان بن عفان,36.81202832,5.7685443,1257,1257,True,Jijel,,,,,,
377899528,school,متوسطة مصطفى الوالي,متوسطة مصطفى الوالي,36.811717413636366,5.7669096363636365,7382,7382,True,Jijel,,,,,,
377902256,school,متوسطة زعزوع أحمد,متوسطة زعزوع أحمد,36.82285624285714,5.768767571428571,1033,1033,True,Jijel,,,,,,
377967629,place_of_worship,Mosquée El Atik,مسجد العتيق,36.1301513,4.6705726571428565,1031,1031,True,Bordj Bou Arréridj,,,,,,
377967631,health_facility,Hôpital de Medjana,مستشفى مجانة,36.13046554,4.6668946,100,100,False,Bordj Bou Arréridj,,,,,,
377967632,school,Lycée Ammar Boudjellal Mebarek,,36.131774038461536,4.665748884615384,9557,9557,True,Bordj Bou Arréridj,,,,,,
377969379,place_of_worship,Mosquée Omar Ibn Abdulaziz,,36.13065925714286,4.664743842857143,4097,4097,True,Bordj Bou Arréridj,,,,,,
377969380,school,CEM,,36.13366495,4.6668932666666665,2276,2276,True,Bordj Bou Arréridj,,,,,,
377988822,school,Ecole Primaire,,36.65951058,4.8214077,1242,1242,True,Béjaïa,,,,,,
378001332,school,,,36.5376159,4.613396066666667,10234,10234,True,Béjaïa,,,,,,
378041605,place_of_worship,,,36.68985744,4.822389599999999,61,61,True,Béjaïa,,,,,,
378089397,school,Lycée Mixte,مدرسة ثانوية مختلطة,36.67852258571429,4.8536109142857145,1907,1907,True,Béjaïa,,,,,,
378089399,school,Primaire,,36.68102832,4.8502177600000005,890,890,True,Béjaïa,,,,,,
378093047,school,CEM,,36.676588481818186,4.855850790909091,9843,9843,True,Béjaïa,,,,,,
378093048,school,CEM,مدرسة متوسطة,36.6772448,4.8573962,3939,3939,True,Béjaïa,,,,,,
378093050,school,Primaire,مدرسة ابتدائية,36.67792234,4.8570522,1862,1862,True,Béjaïa,,,,,,
378093051,health_facility,,,36.68280215714286,4.845276314285714,20,20,False,Béjaïa,12.6,52.0,2026-09-19T08:00,,,
378093053,school,,,36.675527728571424,4.845739792857144,11388,11388,True,Béjaïa,12.6,52.0,2026-09-19T08:00,,,
378093056,place_of_worship,Elforquane,,36.68701374285714,4.854431085714286,2465,2465,True,Béjaïa,12.6,52.0,2026-09-19T08:00,,,
378093878,school,Primaire,,36.67762955714285,4.851396142857142,2224,2224,True,Béjaïa,12.6,52.0,2026-09-19T08:00,,,
378148732,health_facility,EHS Seraïdi,,36.90918004210526,7.6766729,100,100,False,Annaba,8.4,41.0,2026-09-19T08:00,,,
378148735,place_of_worship,Mosquée Ismail,مسجد إسماعيل,37.06518776,7.37974068,674,674,True,Annaba,6.7,35.0,2026-09-19T08:00,,,
378418843,school,Ecole Fnides Rabah,,36.55415774,7.476617389999999,905,905,True,Guelma,11.7,54.0,2026-09-19T08:00,,,
378418850,school,Ecole Ziou Amar,,36.54902982,7.47881194,1967,1967,True,Guelma,11.7,54.0,2026-09-19T08:00,,,
378418861,school,Lycée Emi Abdelkader,,36.54564369354839,7.475196219354839,3682,3682,True,Guelma,11.7,54.0,2026-09-19T08:00,,,
378418881,school,Ecole Boucenna Ayachi,,36.54555958461538,7.47190823076923,2655,2655,True,Guelma,11.7,54.0,2026-09-19T08:00,,,
378418882,school,CEM Larbi Tebessi,,36.548078333333336,7.474988,2435,2435,True,Guelma,11.7,54.0,2026-09-19T08:00,,,
379386813,school,CEM Djilali elyabess,,36.2768534,7.9469426125,3854,3854,True,Souk Ahras,8.5,51.0,2026-09-19T08:00,,,
379386814,school,,,36.27987412,7.94667213,19405,19405,True,Souk Ahras,8.5,51.0,2026-09-19T08:00,,,
380200699,place_of_worship,,,36.356917216666666,8.027231383333334,402,402,True,Souk Ahras,9.1,51.0,2026-09-19T08:00,,,
380443082,place_of_worship,مسجد التقوى,مسجد التقوى,36.372380885714286,6.6203858,873,873,True,Constantine,8.4,54.0,2026-09-19T08:00,,,
380627074,school,Lycée Soumia,,36.36673845555556,6.6135589222222215,1632,1632,True,Constantine,8.4,54.0,2026-09-19T08:00,,,
380627077,school,CEM Khadidja,,36.36252859,6.60631753,967,967,True,Constantine,8.4,54.0,2026-09-19T08:00,,,
380630575,school,Lycée Hacène Boudjnana,,36.338100677777774,6.590536377777777,2879,2879,True,Constantine,10.5,53.0,2026-09-19T08:00,,,
380630582,health_facility,Polyclinique Cité des Mûriers,,36.35198826,6.63160204,20,20,False,Constantine,8.4,54.0,2026-09-19T08:00,,,
380872685,place_of_worship,Mosquée Bentayar,,36.45450284,6.26013612,699,699,True,Mila,10.6,54.0,2026-09-19T08:00,,,
380873837,health_facility,,,36.45133258333333,6.2546037,20,20,False,Mila,10.6,54.0,2026-09-19T08:00,,,
383124037,school,École primaire El-Mokrani,,36.75181988,5.0733291000000005,2696,2696,True,Béjaïa,10.8,48.0,2026-09-19T08:00,,,
383290988,place_of_worship,جامع الفتح,جامع الفتح,36.44942102,8.443643640000001,912,912,True,El Tarf,10.6,52.0,2026-09-19T08:00,,,
383297815,school,المدرسة الثانوية الشابي,المدرسة الثانوية الشابي,36.45030486,8.435248810000001,7094,7094,True,El Tarf,10.6,52.0,2026-09-19T08:00,,,
383330694,health_facility,المستشفى المحلي بغار الدماء,المستشفى المحلي بغار الدماء,36.44459092,8.437211360000001,100,100,False,El Tarf,10.6,52.0,2026-09-19T08:00,,,
383330696,school,المدرسة الثانوية غار الدماء,المدرسة الثانوية غار الدماء,36.4455172,8.44072628,9646,9646,True,El Tarf,10.6,52.0,2026-09-19T08:00,,,
383496384,place_of_worship,جامع ثابت بن قیس,جامع ثابت بن قیس,36.44400654,8.4323497,1351,1351,True,El Tarf,10.6,52.0,2026-09-19T08:00,,,
383515521,school,المدرسة الابتدائية علي البلهوان,المدرسة الابتدائية علي البلهوان,36.44488256,8.43928264,3142,3142,True,El Tarf,10.6,52.0,2026-09-19T08:00,,,
384566607,school,Lycée Anani,,36.73976566666667,5.047388566666666,11906,11906,True,Béjaïa,10.8,48.0,2026-09-19T08:00,,,
385140290,place_of_worship,,,36.87479672,6.60899024,673,673,True,Skikda,7.9,46.0,2026-09-19T08:00,,,
385796247,place_of_worship,,,36.36769418,5.945879639999999,392,392,True,Mila,8.8,52.0,2026-09-19T08:00,,,
385902624,school,متوسطة عميور عمار,متوسطة عميور عمار,36.81876635384616,5.755178953846154,12673,12673,True,Jijel,11.9,50.0,2026-09-19T08:00,,,
386001096,health_facility,Hôpital de Collo,,37.00971854642857,6.558165332142857,100,100,False,Skikda,7.8,39.0,2026-09-19T08:00,,,
386163023,school,Lycée Ferhat Abbas,,36.08594313333334,4.782285755555556,6130,6130,True,Bordj Bou Arréridj,10.4,56.0,2026-09-19T08:00,,,
386193181,health_facility,Centre De Sante 1044,,36.08149082857143,4.791080628571429,100,100,False,Bordj Bou Arréridj,10.4,56.0,2026-09-19T08:00,,,
386358424,school,Nouveau Ecole Moyen les frere teffahi,,36.83622281428571,6.635977642857143,3009,3009,True,Skikda,7.9,46.0,2026-09-19T08:00,,,
386360343,school,Ecole primaire El Meraya,,36.80225755555556,6.6621731777777775,1595,1595,True,Skikda,7.9,46.0,2026-09-19T08:00,,,
386608808,place_of_worship,,,36.0727466,4.75850766,1930,1930,True,Bordj Bou Arréridj,10.4,56.0,2026-09-19T08:00,,,
386608809,place_of_worship,Mosquée Hamza,مسجد حمزة بن عبد المطلب,36.07063336,4.750312859999999,2061,2061,True,Bordj Bou Arréridj,10.4,56.0,2026-09-19T08:00,,,
386851354,health_facility,Hôpital Ibn Rochd,مستشفى ابن رشد,36.262589052,7.952140484,100,100,False,Souk Ahras,8.5,51.0,2026-09-19T08:00,,,
386902939,place_of_worship,,,36.09201704,4.72976306,779,779,True,Bordj Bou Arréridj,10.4,56.0,2026-09-19T08:00,,,
386902945,place_of_worship,,,36.0845801,4.74207282,1181,1181,True,Bordj Bou Arréridj,10.4,56.0,2026-09-19T08:00,,,
386974789,school,,,36.08744884,4.76575578,877,877,True,Bordj Bou Arréridj,10.4,56.0,2026-09-19T08:00,,,
386974791,school,,,36.08820356,4.7677584600000005,907,907,True,Bordj Bou Arréridj,10.4,56.0,2026-09-19T08:00,,,
386974794,place_of_worship,مسجد أبي موسى الأشعري,مسجد أبي موسى الأشعري,36.0881161,4.76881366,3154,3154,True,Bordj Bou Arréridj,10.4,56.0,2026-09-19T08:00,,,
386974807,school,,,36.09109128,4.76980534,7290,7290,True,Bordj Bou Arréridj,10.4,56.0,2026-09-19T08:00,,,
387073462,place_of_worship,مسجد الفرقان,مسجد الفرقان,36.08675901428571,4.772797671428571,1859,1859,True,Bordj Bou Arréridj,10.4,56.0,2026-09-19T08:00,,,
387073472,place_of_worship,,,36.08148714,4.7872557,829,829,True,Bordj Bou Arréridj,10.4,56.0,2026-09-19T08:00,,,
387836020,health_facility,Clinique Akhrouf,,36.069139416666665,4.81312065,20,20,False,Bordj Bou Arréridj,11.2,55.0,2026-09-19T08:00,,,
387846470,school,,,36.20297386,4.5574923400000005,977,977,True,Bordj Bou Arréridj,11.2,55.0,2026-09-19T08:00,,,
387846471,place_of_worship,,,36.20332458,4.557668359999999,633,633,True,Bordj Bou Arréridj,11.2,55.0,2026-09-19T08:00,,,
387876655,school,CEM BACHIR IBRAHIMI,,36.4534915,6.2617815100000005,5003,5003,True,Mila,10.6,54.0,2026-09-19T08:00,,,
387878288,school,École primaire Hayat Echabab,,36.45378882,6.263798899999999,1159,1159,True,Mila,10.6,54.0,2026-09-19T08:00,,,
387879317,school,CEM EMIR ABDELKADER,,36.45491466666667,6.263436816666666,4505,4505,True,Mila,10.6,54.0,2026-09-19T08:00,,,
387879866,school,ECOLE PRIMAIRE ZIANI SAID,,36.45037356,6.267544320000001,882,882,True,Mila,10.6,54.0,2026-09-19T08:00,,,
388025475,health_facility,Centre De Sante 1008,,36.08261958,4.77040038,100,100,False,Bordj Bou Arréridj,10.4,56.0,2026-09-19T08:00,,,
388091945,place_of_worship,,,36.0727202625,4.744894325,2223,2223,True,Bordj Bou Arréridj,10.4,56.0,2026-09-19T08:00,,,
388091947,place_of_worship,مسجد الرحمة,مسجد الرحمة,36.06895673333333,4.742412266666666,958,958,True,Bordj Bou Arréridj,10.4,56.0,2026-09-19T08:00,,,
388091949,school,,,36.08415664,4.76517538,1082,1082,True,Bordj Bou Arréridj,10.4,56.0,2026-09-19T08:00,,,
388094844,place_of_worship,Mosquée Ettaouba,,36.4416249375,6.2709758875,4899,4899,True,Mila,10.6,54.0,2026-09-19T08:00,,,
388095070,health_facility,POLYCLINIQUE SENNAOUA,,36.44216475555556,6.269930588888889,20,20,False,Mila,10.6,54.0,2026-09-19T08:00,,,
388096246,school,Lycée Maghlaoua Ramdane,,36.44070922142857,6.267192628571428,6110,6110,True,Mila,10.6,54.0,2026-09-19T08:00,,,
388097677,health_facility,CENTRE DE SOINS MOUDJAHIDINES,,36.44044286,6.25906214,20,20,False,Mila,10.6,54.0,2026-09-19T08:00,,,
388098199,school,Technicum,,36.44329045555556,6.259981511111111,13881,13881,True,Mila,10.6,54.0,2026-09-19T08:00,,,
388098721,school,CEM MBAREK EL MILI,,36.44467274,6.267108739999999,6836,6836,True,Mila,10.6,54.0,2026-09-19T08:00,,,
388099514,school,Lycée Didouche Mourad,,36.44523837777778,6.264197511111111,5375,5375,True,Mila,10.6,54.0,2026-09-19T08:00,,,
388099609,school,CEM DIDOUCHE,,36.44541755,6.262642566666667,3750,3750,True,Mila,10.6,54.0,2026-09-19T08:00,,,
388103152,place_of_worship,,,36.60812838571429,5.8141125,867,867,True,Jijel,9.9,50.0,2026-09-19T08:00,,,
388103153,school,متوسطة بلعابد عبد الرحمان,متوسطة بلعابد عبد الرحمان,36.60991051904762,5.821475242857143,3157,3157,True,Jijel,9.9,50.0,2026-09-19T08:00,,,
388103155,school,CEM Ras El Bour,,36.58410693421053,5.8106124368421055,3173,3173,True,Jijel,10.1,51.0,2026-09-19T08:00,,,
388103489,school,CEM DJABAL AKHDAR,,36.43757804444444,6.256159511111111,2800,2800,True,Mila,10.6,54.0,2026-09-19T08:00,,,
388105928,school,École primaire,,36.45473958,6.261974159999999,981,981,True,Mila,10.6,54.0,2026-09-19T08:00,,,
388106240,health_facility,Clinique Bouarroudj,,36.45122717777778,6.259963977777777,20,20,False,Mila,10.6,54.0,2026-09-19T08:00,,,
388108009,school,Ecole Drani Ferhat,,36.5714911,5.79999132,785,785,True,Jijel,9.5,51.0,2026-09-19T08:00,,,
388108010,school,مدرسة زلباح محمد,مدرسة زلباح محمد,36.60371895714286,5.788587514285715,1075,1075,True,Jijel,9.8,50.0,2026-09-19T08:00,,,
388108011,school,إبتدائية شلحيون علي بوكرامة,إبتدائية شلحيون علي بوكرامة,36.59546212,5.792579519999999,1034,1034,True,Jijel,9.5,51.0,2026-09-19T08:00,,,
388108013,school,المدرسة الإلتدائية الشهيد عبدوس سعيد,المدرسة الإلتدائية الشهيد عبدوس سعيد,36.58620771428571,5.823338571428571,763,763,True,Jijel,10.1,51.0,2026-09-19T08:00,,,
388108014,school,Ecole Tarik Essaid,,36.57074566666667,5.816228433333333,1231,1231,True,Jijel,10.1,51.0,2026-09-19T08:00,,,
388110922,school,Ecole Hantit Moussa,,36.57784934,5.73499902,778,778,True,Jijel,9.5,51.0,2026-09-19T08:00,,,
388161941,school,Lycée Belhouchet Cherif;ثانوية بلهوشات الشريف,ثانوية بلهوشات الشريف,36.775278,5.816934551851852,6562,6562,True,Jijel,10.6,48.0,2026-09-19T08:00,,,
388161945,school,Lycée Zine Mohamed Ben Rabah;ثانوية زين محمد بن رابح,ثانوية زين محمد بن رابح,36.76985207777778,5.805583055555555,5801,5801,True,Jijel,10.6,48.0,2026-09-19T08:00,,,
388164349,place_of_worship,Mosquée Ennahda;مسجد النهضة,مسجد النهضة,36.77158156363636,5.811095990909092,1359,1359,True,Jijel,10.6,48.0,2026-09-19T08:00,,,
388164352,school,CEM Zermani Rabah;متوسطة زرماني رابح,متوسطة زرماني رابح,36.771757586666666,5.810398426666667,6386,6386,True,Jijel,10.6,48.0,2026-09-19T08:00,,,
388164412,school,متوسطة بويدر فرحات,متوسطة بويدر فرحات,36.76050322222223,5.774193266666667,3030,3030,True,Jijel,10.4,50.0,2026-09-19T08:00,,,
388275494,school,ÉCOLE PRIMAIRE,,36.44927828,6.25982956,2000,2000,True,Mila,10.6,54.0,2026-09-19T08:00,,,
388284310,place_of_worship,Mosquée el Nour مسجد النور,مسجد النور,36.45269569090909,6.2688476363636365,1348,1348,True,Mila,10.6,54.0,2026-09-19T08:00,,,
388284458,school,ÉCOLE PRIMAIRE,,36.4528638,6.272544383333333,944,944,True,Mila,10.6,54.0,2026-09-19T08:00,,,
388286047,place_of_worship,MOSQUÉE EN CONSTRUCTION,,36.46096872,6.26881556,2719,2719,True,Mila,10.6,54.0,2026-09-19T08:00,,,
388286373,place_of_worship,مسجد عثمان بن عفان,,36.441854722222224,6.250358177777778,1097,1097,True,Mila,10.6,54.0,2026-09-19T08:00,,,
388286449,school,ÉCOLE PRIMAIRE,,36.43488891428572,6.256135657142857,1811,1811,True,Mila,10.6,54.0,2026-09-19T08:00,,,
388286543,place_of_worship,,,36.43899995,6.2597578,343,343,True,Mila,10.6,54.0,2026-09-19T08:00,,,
388316920,school,primaire 1000 lots,,36.446994466666666,7.427555833333333,2539,2539,True,Guelma,10.1,51.0,2026-09-19T08:00,,,
388348288,school,ثانوية شرايطية يوسف,ثانوية شرايطية يوسف,36.77127355263158,5.610208647368421,18986,18986,True,Jijel,10.9,50.0,2026-09-19T08:00,,,
388348296,school,متوسطة جناس محمد,متوسطة جناس محمد,36.77169031904762,5.606499476190477,7794,7794,True,Jijel,10.9,50.0,2026-09-19T08:00,,,
388479863,place_of_worship,,,36.43679792,6.27077318,1883,1883,True,Mila,10.6,54.0,2026-09-19T08:00,,,
388487570,school,CEM CHNINBA HOCINE,,36.44181845555556,6.255315977777777,3458,3458,True,Mila,10.6,54.0,2026-09-19T08:00,,,
388506321,school,École primaire,,36.45389875714285,6.260832514285714,1267,1267,True,Mila,10.6,54.0,2026-09-19T08:00,,,
388507075,school,Primaire,,36.45681817142857,6.265823271428571,1423,1423,True,Mila,10.6,54.0,2026-09-19T08:00,,,
388547082,school,متوسطة مبارك حمريش,,36.12813788,5.84041298,13854,13854,True,Sétif,8.3,54.0,2026-09-19T08:00,,,
388563249,place_of_worship,مسجد النور,مسجد النور,36.75130388888888,5.844628533333333,743,743,True,Jijel,10.6,48.0,2026-09-19T08:00,,,
388655804,health_facility,,,36.05754748620689,4.789658362068965,100,100,False,Bordj Bou Arréridj,,,,,,
388758559,place_of_worship,,,36.07735214210526,4.772670431578947,4028,4028,True,Bordj Bou Arréridj,,,,,,
389253648,health_facility,,,36.75332548235294,5.8480404588235295,20,20,False,Jijel,,,,,,
389265083,school,ÉCOLE PRIMAIRE,,36.44107148,6.27191702,1241,1241,True,Mila,,,,,,
389265491,school,LOGTS,,36.44063917,6.27125974,2191,2191,True,Mila,,,,,,
389271180,school,Ecole primaire Bouchham Zidane,,36.4346264875,6.645288375,1237,1237,True,Constantine,,,,,,
389272823,school,متوسطة مزرق الشريف,متوسطة مزرق الشريف,36.75469465789474,5.846836157894737,3906,3906,True,Jijel,,,,,,
389409959,place_of_worship,مسجد الكوثر,مسجد الكوثر,36.75420621666667,5.850006033333333,465,465,True,Jijel,,,,,,
389563710,school,مدرسة مجيدر صالح,مدرسة مجيدر صالح,36.7534222,5.849820885714286,1735,1735,True,Jijel,,,,,,
389729735,school,إبتدائية إبراهيمي مصطفى,إبتدائية إبراهيمي مصطفى,36.75349089285714,5.843532607142857,3423,3423,True,Jijel,,,,,,
389748900,school,متوسطة شريك الصديق,متوسطة شريك الصديق,36.749371233333335,5.841685044444444,1883,1883,True,Jijel,,,,,,
389754591,school,مدرسة بوخمخم مبارك,مدرسة بوخمخم مبارك,36.7482728,5.847287766666667,3914,3914,True,Jijel,,,,,,
389838869,place_of_worship,,,36.64287544,6.72520288,488,488,True,Skikda,,,,,,
389841924,place_of_worship,مسجد سوق الثلاثاء,,36.72660818,6.65513536,601,601,True,Skikda,,,,,,
389842061,place_of_worship,مسجد قهوة عيبش,,36.74068116,6.65587192,315,315,True,Skikda,,,,,,
389842171,place_of_worship,مسجد الربعين,,36.755956100000006,6.658259939999999,636,636,True,Skikda,,,,,,
389842263,place_of_worship,مسجد المرايا,مسجد المرايا,36.80310494,6.6624005,350,350,True,Skikda,,,,,,
390225376,school,École primaire,,36.4488728125,6.261470725000001,1201,1201,True,Mila,,,,,,
390458488,school,إبتدائية مليط عبد الحميد,إبتدائية مليط عبد الحميد,36.747655675,5.8472230125,1402,1402,True,Jijel,,,,,,
391781344,school,ثانوية ماطي أحسن,ثانوية ماطي أحسن,36.75611027058824,5.851279982352942,12283,12283,True,Jijel,,,,,,
391799100,school,ابتدائية بن عواطة السعيد,ابتدائية بن عواطة السعيد,36.75014049,5.84034376,1876,1876,True,Jijel,,,,,,
392763602,place_of_worship,مسجد أبو بكر الصديق,مسجد أبو بكر الصديق,36.14118278,6.60931918,805,805,True,Constantine,,,,,,
392763622,school,Ecole Maamar Ibrahimi,,36.139443793333335,6.609176433333333,1553,1553,True,Constantine,,,,,,
392763657,school,CEM Abderrahmane Saoula,,36.13656404545455,6.6062838363636365,3799,3799,True,Constantine,,,,,,
393206196,health_facility,Polyclinique sebah mohamed,عيادة متعددة الخدمات سباح محمد,36.3375047,5.176210611111111,20,20,False,Sétif,,,,,,
393228653,school,ECOL BOUGHABA CHERIF,مدرسة بوغابة الشريف,36.334419833333335,5.17747815,460,460,True,Sétif,,,,,,
393236835,school,,,36.08687806,4.77215442,2080,2080,True,Bordj Bou Arréridj,,,,,,
393315505,school,مدرسة لحسن عجال,مدرسة لحسن عجال,36.33586408333333,5.180779958333333,3499,3499,True,Sétif,,,,,,
393316828,school,École Lahcen Aadjel 2,مدرسة لحسن عجال 2,36.336698383333335,5.1801805,1490,1490,True,Sétif,,,,,,
393620938,place_of_worship,مسجد الصخرة,مسجد الصخرة,36.81806088,5.76190412,566,566,True,Jijel,,,,,,
394125258,place_of_worship,المسجد الكبير,المسجد الكبير,36.82035445,5.766697822222223,1533,1533,True,Jijel,,,,,,
394325232,place_of_worship,,,36.06628318,4.75499076,1235,1235,True,Bordj Bou Arréridj,,,,,,
394570072,school,École frères Ouzbiha,,36.75953035384615,5.067316561538462,1250,1250,True,Béjaïa,,,,,,
394617237,school,مدرسة كريم عيسى الابتدائية,مدرسة كريم عيسى الابتدائية,36.346441742857145,5.1868962000000005,1524,1524,True,Sétif,,,,,,
394911806,school,,,36.70865532222222,4.983995222222223,6747,6747,True,Béjaïa,,,,,,
394958119,health_facility,مستوصف شطايبي,مستوصف شطايبي,37.063026484615385,7.377833815384615,20,20,False,Annaba,,,,,,
394960564,fire_station,Unit é de Protection civileProtection Civile,حماية المدنية,37.06515284,7.379268640000001,30,30,False,Annaba,,,,,,
394966478,school,Moyen Farhat Abbas,متوسطة فرحات عباس,37.05816529090909,7.382015663636364,1357,1357,True,Annaba,,,,,,
395120305,school,Ben Cheikh Moussa Ecole,مدرسة بن شيخ موسى,37.06817678,7.38251494,325,325,True,Annaba,,,,,,
396075438,place_of_worship,سيدي لونيس,سيدي لونيس,36.6342153,5.4809232,39,39,True,Jijel,,,,,,
396539773,place_of_worship,Sidi Belabas,,36.580182557142855,5.495085957142857,122,122,True,Jijel,,,,,,
396845950,place_of_worship,,,36.2963254,5.18040698,215,215,True,Sétif,,,,,,
397326778,place_of_worship,Mosquée Imam Malek,مسجد الإمام مالك,36.19892685,5.4232559875,841,841,True,Sétif,,,,,,
397372524,place_of_worship,مصلى جامعي,مصلى جامعي,36.81533482,7.71303568,1107,1107,True,Annaba,,,,,,
397843257,school,,,36.80745958888889,7.711679822222221,3382,3382,True,Annaba,,,,,,
397843277,place_of_worship,Masjid Abdellah Ben Abbes,مسجد عبد الله ابن عباس,36.806678157142855,7.713561885714285,472,472,True,Annaba,,,,,,
397843287,school,Ecole Salah Belaid,,36.806723625,7.71132235,6232,6232,True,Annaba,,,,,,
397843316,school,CEM Mohamed Belouizdad,,36.80794865625,7.70824796875,4735,4735,True,Annaba,,,,,,
397848142,place_of_worship,Mosquée Abou Bakr As-Siddiq,مسجد أبو بكر الصديق,36.81260916666667,7.70875042,805,805,True,Annaba,,,,,,
397848168,school,Ecole Lechtabi Abdelouhab,,36.811372675,7.709563225,2547,2547,True,Annaba,,,,,,
397858182,school,CEM Salah Eddine El Ayoubi,,36.816980533333336,7.717400226666666,3245,3245,True,Annaba,,,,,,
397858194,school,CEM Aissat Idir,متوسطة عيسات إدير,36.819247575,7.713885775,4893,4893,True,Annaba,,,,,,
397858195,school,Lycée 18 février,ثانوية 18 فيفري,36.81837564705882,7.712857035294117,4558,4558,True,Annaba,,,,,,
397858201,school,Ecole 1er novembre 1954,,36.817135525,7.7087226,1685,1685,True,Annaba,,,,,,
397864554,school,Lycée Colonel Hassini Mohamed,ثانوية العقيد حسيني محمد,36.82076849375,7.71990710625,7798,7798,True,Annaba,,,,,,
398183893,school,École Haddad Laala,,36.346345580000005,5.19482552,420,420,True,Sétif,,,,,,
398183898,place_of_worship,,,36.34683425714285,5.194269728571428,559,559,True,Sétif,,,,,,
399194524,school,CEM Ahmed Bey,,36.796388029411766,7.6081337,6441,6441,True,Annaba,,,,,,
399522523,health_facility,,,36.880644870000005,6.899970399999999,20,20,False,Skikda,,,,,,
400450862,place_of_worship,,,36.41252634545455,4.775755881818181,188,188,True,Bordj Bou Arréridj,,,,,,
400745351,place_of_worship,El Forqane,,36.76227537,5.06098077,490,490,True,Béjaïa,,,,,,
401804408,place_of_worship,,,36.607421475,4.663090275,142,142,True,Béjaïa,,,,,,
402179675,place_of_worship,,,36.011159199999994,6.2329492,352,352,True,Mila,,,,,,
402179681,place_of_worship,,,36.00834796153846,6.230390615384616,1929,1929,True,Mila,,,,,,
402200546,school,Aɣerbaz amenzu Lebbah Mohand Tahar,مدرسة لبة مهند طاهر الابتدائية,36.6052128,4.88374763,775,775,True,Béjaïa,,,,,,
402208539,place_of_worship,Mosquée Ben Abdelaziz,,36.366719,6.644699911111111,1208,1208,True,Constantine,,,,,,
402221340,place_of_worship,مسجد الخلفاء الراشدين,مسجد الخلفاء الراشدين,36.37280730769231,6.640463138461538,1130,1130,True,Constantine,,,,,,
402222777,school,بوبلاط صالح,بوبلاط صالح,36.368381675,6.6423695,3921,3921,True,Constantine,,,,,,
402259763,school,CEM Kateb Yacine,مدرسة كاتب ياسين المتوسطة,36.63777648333333,4.896308991666666,3852,3852,True,Béjaïa,,,,,,
402461173,school,Ecole Primaire Des Trois Martyrs,مدرسة الشهداء الثلاثة الابتدائية,36.63968398,4.90307272,753,753,True,Béjaïa,,,,,,
402461714,school,Ecole Primaire El Mokrani,مدرسة المقرانى الابتدائية,36.6419349875,4.9021585875,1173,1173,True,Béjaïa,,,,,,
402462099,school,École Primaire,,36.63702873,4.90244649,881,881,True,Béjaïa,,,,,,
402489207,school,,,36.3503503,6.632068866666667,2989,2989,True,Constantine,,,,,,
402787553,school,CEM Emir Abdelkader,مدرسة الأمير عبد القادر المتوسطة,36.64234344285715,4.903727371428571,1228,1228,True,Béjaïa,,,,,,
403195912,school,Lycée Cheikh Aheddad,,36.64933707272727,4.907707636363636,17212,17212,True,Béjaïa,,,,,,
403351505,fire_station,Unité de protection civile El-Kseur,الحماية المدنية,36.67522312222222,4.8511313777777785,30,30,False,Béjaïa,,,,,,
403381352,fire_station,Protection Civile d'Amizour,الحماية المدنية,36.65182768,4.90772872,30,30,False,Béjaïa,,,,,,
404303388,school,Abdelhamid bourouag,,36.167949075,6.1638385,4288,4288,True,Mila,,,,,,
404457514,school,École Primaire Azzi Mohand Said,,36.6114903,4.88478574,726,726,True,Béjaïa,,,,,,
404458263,school,École Primaire Tâazibt,مدرسة تعزيبت الابتدائية,36.6375468,4.8971304,1726,1726,True,Béjaïa,,,,,,
404478092,school,CEM Manuel Texeira Gomez,,36.73737825,5.0476755833333335,4395,4395,True,Béjaïa,,,,,,
404478307,school,CEM Beztoute,,36.737981644444446,5.049083933333333,8668,8668,True,Béjaïa,,,,,,
404564252,place_of_worship,,,36.35872778,6.61138284,784,784,True,Constantine,,,,,,
404718376,school,,,36.0721451,4.75252544,3796,3796,True,Bordj Bou Arréridj,,,,,,
404739782,place_of_worship,مسجد طارق بن زياد,مسجد طارق بن زياد,36.71810077,6.25581264,1047,1047,True,Mila,,,,,,
404740791,school,CEM ElMassiaf,,36.72454225555556,6.249694811111111,2624,2624,True,Mila,,,,,,
404804111,health_facility,Polyclinique Adekar,مستوصف أدكار,36.69172404545455,4.673572081818182,20,20,False,Béjaïa,,,,,,
404804113,fire_station,Unité de protection civile,الحماية المدنية,36.691771175,4.6755045,30,30,False,Béjaïa,,,,,,
404804123,school,Centre de Formation Professionel,,36.69298315555555,4.6682374,1741,1741,True,Béjaïa,,,,,,
404939950,place_of_worship,Mosqué Ahmed Hamani,,36.22752461666666,6.9438904,1706,1706,True,Constantine,,,,,,
405139965,health_facility,Clinique le Rameau d'olivier,,36.746565371428574,5.060185,20,20,False,Béjaïa,,,,,,
405192839,school,École primaire Si Ahmed Ahmed,,36.748122154545456,4.719376481818181,903,903,True,Béjaïa,,,,,,
405558400,school,علي إبن أبي طالب,علي إبن أبي طالب,36.372166533333335,6.63989505,1789,1789,True,Constantine,,,,,,
407484939,health_facility,centre d'imagerie medicale EL AMANE,,36.37223426,6.62506928,20,20,False,Constantine,,,,,,
408450934,place_of_worship,,,36.2493621625,6.5728689000000005,1896,1896,True,Constantine,,,,,,
408451781,health_facility,Centre de soins قاعة علاج,,36.15757862,7.1372867,20,20,False,Oum El Bouaghi,,,,,,
408453796,place_of_worship,مسجد الفلاح,مسجد الفلاح,36.09903622,7.162353899999999,1662,1662,True,Oum El Bouaghi,,,,,,
408454368,school,,,36.09980304,7.163109199999999,1016,1016,True,Oum El Bouaghi,,,,,,
408459680,school,,,36.08690258571429,7.220801971428571,1195,1195,True,Oum El Bouaghi,,,,,,
408570994,health_facility,Clinique publique,,36.25346308,6.57230124,20,20,False,Constantine,,,,,,
408576117,place_of_worship,مسجد الإعتصام,مسجد الإعتصام,36.25617068,6.58866302,1920,1920,True,Constantine,,,,,,
408627560,place_of_worship,مسجد معاذ بن جبل خرازة,مسجد معاذ بن جبل خرازة,36.8449536,7.6654393,749,749,True,Annaba,,,,,,
408627561,school,Lycée Rabeh Sedrati,,36.842782420000006,7.66733338,4744,4744,True,Annaba,,,,,,
408741792,school,,,36.33018865,6.583521166666667,10973,10973,True,Constantine,,,,,,
409042942,place_of_worship,مسجد بلال بن رباح,مسجد بلال بن رباح,36.8217982,5.76404742,342,342,True,Jijel,,,,,,
409067453,place_of_worship,مسجد النور - حي بن عاشور,مسجد النور حي بن عاشور,36.81332674,5.75098658,821,821,True,Jijel,,,,,,
409111425,health_facility,EPSP Benkiniouar Abdelhamid,,36.80493578,5.75721398,20,20,False,Jijel,,,,,,
409141255,school,المدرسة الإبتدائية زعيمن أحسن,المدرسة الإبتدائية زعيمن أحسن,36.801629133333336,5.758802516666667,597,597,True,Jijel,,,,,,
409341822,school,إبتدائية شريط عبد الكريم,إبتدائية شريط عبد الكريم,36.82073708333333,5.748758233333334,1030,1030,True,Jijel,,,,,,
409499438,school,المدرسة الإبتدائية جابر عمار,المدرسة الإبتدائية جابر عمار,36.7976558375,5.746513,1854,1854,True,Jijel,,,,,,
409603009,place_of_worship,,,36.30464912,6.01102466,950,950,True,Mila,,,,,,
409615626,school,ثانوية هواري بومدين,ثانوية هواري بومدين,36.06493798461538,4.631646592307693,15034,15034,True,Bordj Bou Arréridj,,,,,,
409727260,school,ثانوية الكندي,ثانوية الكندي,36.81582386666667,5.754389855555555,20000,20000,True,Jijel,,,,,,
409741460,school,متوسطة محمد ابن رشد,متوسطة محمد ابن رشد,36.80392308571429,5.755810171428571,3510,3510,True,Jijel,,,,,,
409745721,place_of_worship,مسجد الرحمة,مسجد الرحمة,36.8034982,5.7736067,1810,1810,True,Jijel,,,,,,
409757580,school,متوسطة محمد الصديق بن يحي الشاطئ,متوسطة محمد الصديق بن يحي الشاطئ,36.813340044444445,5.774017544444444,2825,2825,True,Jijel,,,,,,
410943267,health_facility,Clinique Mentouri,,36.35847828181818,6.638275354545455,20,20,False,Constantine,,,,,,
411451713,place_of_worship,خالد ابن الوليد,خالد ابن الوليد,36.34872794444445,6.6405139,669,669,True,Constantine,,,,,,
411498109,health_facility,,,36.169612425,6.16050375,100,100,False,Mila,,,,,,
411503903,place_of_worship,,,36.72096772,5.98390598,29,29,True,Jijel,,,,,,
411792317,place_of_worship,,,36.36649575,6.644591966666667,210,210,True,Constantine,,,,,,
411793437,place_of_worship,,,36.366889400000005,6.64469384,96,96,True,Constantine,,,,,,
411798388,place_of_worship,Noaim Noami,,36.36432605555555,6.637957744444445,282,282,True,Constantine,,,,,,
412178216,school,École Primaire,,36.610086685714286,4.834655071428571,801,801,True,Béjaïa,,,,,,
412189496,school,CEM Bouakaz,مدرسة بوعكاز المتوسطة,36.729842000000005,5.053917820000001,3159,3159,True,Béjaïa,,,,,,
412535955,school,Lycée Arezki Laurès,,36.60733799090909,4.8189628454545455,2202,2202,True,Béjaïa,,,,,,
412536178,school,CEM 800-300,,36.60817371428571,4.817452692857144,7445,7445,True,Béjaïa,,,,,,
412718587,school,,,36.35399172142857,6.646103428571428,3371,3371,True,Constantine,,,,,,
412813988,school,الصادق حماني,الصادق حماني,36.35840004444445,6.642463811111111,5064,5064,True,Constantine,,,,,,
412813991,school,,,36.35865164,6.643631739999999,2010,2010,True,Constantine,,,,,,
412815846,school,السعدي طاهر حرات,السعدي طاهر حرات,36.35352078,6.63647592,6631,6631,True,Constantine,,,,,,
413004909,fire_station,الحماية المدنية,الحماية المدنية,36.364552014285714,6.6105776,30,30,False,Constantine,,,,,,
413095252,place_of_worship,حمزة بن عبد المطلب,حمزة بن عبد المطلب,36.5807895625,5.8838606125,468,468,True,Jijel,,,,,,
413169442,school,Center de formation professionnelle Elziadia,,36.38607463636364,6.639182136363636,1963,1963,True,Constantine,,,,,,
413173815,school,المدرسة الابتدائية المتنبي,المدرسة الابتدائية المتنبي,36.38257133333333,6.6353139,2421,2421,True,Constantine,,,,,,
413771136,school,Lycée frères Ben Souilah,,36.4638772,7.41877204,5402,5402,True,Guelma,,,,,,
413771498,school,CEM,,36.47067447272727,7.419622899999999,3014,3014,True,Guelma,,,,,,
413771716,school,CEM Boulouh Mebarek,,36.46591913333334,7.410865966666667,3075,3075,True,Guelma,,,,,,
413772536,school,Lycée technique El Khawarizmi,,36.473388066666665,7.417429558333333,8530,8530,True,Guelma,,,,,,
413773200,school,متوسطة ميمون علي,متوسطة ميمون علي,36.463098333333335,7.439720794444445,9573,9573,True,Guelma,,,,,,
413872511,school,متوسطة علوش عمر,متوسطة علوش عمر,36.0841367,4.747160335294118,4198,4198,True,Bordj Bou Arréridj,,,,,,
415460591,place_of_worship,,,36.06815219230769,4.781178246153846,1021,1021,True,Bordj Bou Arréridj,,,,,,
415614811,place_of_worship,mosquée tachouda,,36.26142554,5.71594618,794,794,True,Sétif,,,,,,
415839746,school,Ecole Moyenne des 11 martyrs de 18 septembre 1955,,36.3717103,4.507440815384616,2673,2673,True,Bordj Bou Arréridj,,,,,,
415839747,school,Ecole Primaire,,36.37179306666667,4.504362166666667,1132,1132,True,Bordj Bou Arréridj,,,,,,
417973566,school,,,36.7480189875,5.04779326875,464,464,True,Béjaïa,,,,,,
418132902,school,Ecole Coranique,,36.1326704,4.67259925,815,815,True,Bordj Bou Arréridj,,,,,,
418132903,school,Ecole Segni Bellili,,36.1285272625,4.670727375,2956,2956,True,Bordj Bou Arréridj,,,,,,
418323822,fire_station,Unité de Protection civile,وحدة الحماية المدنية - سطيف,36.18136623,5.46214428,30,30,False,Sétif,,,,,,
419487440,place_of_worship,مسجد غار ثور,,36.20267861666667,7.1300701,2496,2496,True,Oum El Bouaghi,,,,,,
421124500,place_of_worship,Mosquée Bilel,مسجد بلال,37.04930614,7.33990184,225,225,True,Annaba,,,,,,
421126312,school,Ecole Zgaa,مدرسة الزقع,37.04892016,7.33898694,2732,2732,True,Annaba,,,,,,
421283717,place_of_worship,Masjid El-Imane,مسجد الإيمان,36.81808865384616,7.712009023076923,1850,1850,True,Annaba,,,,,,
421284802,school,Primaire,,36.82523068,7.71266339,1371,1371,True,Annaba,,,,,,
421286168,school,متوسطة,متوسطة,36.82543400833333,7.713436608333333,3757,3757,True,Annaba,,,,,,
421287921,place_of_worship,Masjid Hamza,مسجد حمزة,36.8228601,7.713021742857143,1063,1063,True,Annaba,,,,,,
421291251,place_of_worship,Masjid El-Huda,مسجد الهدى,36.82721659,7.7088436,1844,1844,True,Annaba,,,,,,
421295101,place_of_worship,Masjid Oussama,مسجد أسامة,36.821275533333335,7.716017433333333,1767,1767,True,Annaba,,,,,,
421296428,school,École primaire Hadjoudj Mohamed,,36.82071778571429,7.712473028571429,1383,1383,True,Annaba,,,,,,
421415136,school,,,36.82343824615385,7.719304853846154,3374,3374,True,Annaba,,,,,,
421415142,school,,,36.82260519,7.715056029999999,1247,1247,True,Annaba,,,,,,
421479336,place_of_worship,Masjid Bilal Ibn Rabah,مسجد بلال إبن رباح,36.81686713636364,7.722201218181818,1071,1071,True,Annaba,,,,,,
421511643,school,Cité 1 Ecole,مدرسة حي 1,37.0631622,7.373501042857143,615,615,True,Annaba,,,,,,
421512913,place_of_worship,مسجد النصر,مسجد النصر,36.90823228571429,7.770090971428572,1235,1235,True,Annaba,,,,,,
421562599,fire_station,,,36.750802140000005,5.07092528,30,30,False,Béjaïa,,,,,,
421569460,school,Primaire Merzak Larbi,إبتدائية مرزاق العربي,36.81878441428571,7.718652492857143,1614,1614,True,Annaba,,,,,,
421572972,school,Primaire cité 580 Logts,,36.81614256666666,7.71991175,1807,1807,True,Annaba,,,,,,
421611930,place_of_worship,Masjid El Ansar,مسجد الأنصار,36.8559758,7.735852433333333,746,746,True,Annaba,,,,,,
421935815,place_of_worship,مسجد علي بن أبي طالب,مسجد علي بن أبي طالب,36.7881562,5.941228211111111,488,488,True,Jijel,,,,,,
422251307,health_facility,مستشفى أحمد قواسمي,مستشفى أحمد قواسمي,37.06651395,7.377971292857143,100,100,False,Annaba,,,,,,
422251390,school,Ghazali Ammar école,مدرسة غزالي عمار,37.06591527,7.378384970000001,1073,1073,True,Annaba,,,,,,
422251601,place_of_worship,Mosquèe Al Anbia,مسجد الانبياء,37.03207756,7.378889320000001,643,643,True,Annaba,,,,,,
422253529,school,,,37.03209962,7.377411820000001,2127,2127,True,Annaba,,,,,,
422269435,place_of_worship,Mosquée d'Abi Ayoub Al-Ansari,مسجد أبي أيوب الأنصاري,37.06853754285714,7.376536214285714,651,651,True,Annaba,,,,,,
422279466,school,,,36.83064927777778,7.711185422222223,1469,1469,True,Annaba,,,,,,
422285994,school,,,36.83071948888889,7.712560666666666,4989,4989,True,Annaba,,,,,,
422731357,school,Lycée Trik Setif,,36.74707769090909,5.070358936363636,7770,7770,True,Béjaïa,,,,,,
422837303,school,,,36.1589085,5.70842398,1121,1121,True,Sétif,,,,,,
422849924,health_facility,Centre de transfusion sanguine publique,,36.75307934,5.07757022,100,100,False,Béjaïa,,,,,,
423244652,place_of_worship,,,36.46448562,8.05807266,657,657,True,Souk Ahras,,,,,,
423245224,place_of_worship,,,36.520047,8.03507055,888,888,True,Souk Ahras,,,,,,
423988629,health_facility,Hôpital de Bouchegouf,,36.47221804285714,7.72525605,100,100,False,Guelma,,,,,,
424401417,school,,,36.82596716470589,7.719163529411764,1813,1813,True,Annaba,,,,,,
424751568,place_of_worship,مسجد سيدي يحى,مسجد سيدي يحى,36.2925716,5.165936983333333,346,346,True,Sétif,,,,,,
424799508,place_of_worship,Mausolée de Sidi Aïssa,ضريح سيدي عيسى,36.766753066666666,5.104041722222222,65,65,True,Béjaïa,,,,,,
425007978,place_of_worship,,,36.07128016,4.79007146,4314,4314,True,Bordj Bou Arréridj,,,,,,
425114576,school,,,36.08379238333333,4.75192475,1501,1501,True,Bordj Bou Arréridj,,,,,,
425114577,place_of_worship,مسجد الإمام الشافعي,,36.08371442,4.75124538,2618,2618,True,Bordj Bou Arréridj,,,,,,
426129793,school,,,36.89526886153846,7.753053661538461,7580,7580,True,Annaba,,,,,,
426261161,emergency_shelter,,,36.6969661,5.53072552,10,10,True,Jijel,,,,,,
426643112,place_of_worship,Masjid Al Imam Al Awzai,مسجد الإمام الأوزاعي,36.82491554285714,7.729767914285714,270,270,True,Annaba,,,,,,
426674215,place_of_worship,Masjid Emir Abdelkader,مسجد الأمير عبد القادر,36.91118321818182,7.677289581818183,647,647,True,Annaba,,,,,,
426694996,health_facility,Hopital d'El-hadjar,,36.80421631764706,7.744333552941177,100,100,False,Annaba,,,,,,
426779018,health_facility,Polyclinique Boulif;عيادة بوليف,عيادة بوليف,36.89457984375,8.4331724375,20,20,False,El Tarf,,,,,,
427396012,place_of_worship,,,36.48517034,5.74644126,233,233,True,Jijel,,,,,,
427630404,health_facility,Hôpital Dorban Annaba,مستشفى ضربان - عنابة,36.909225407142856,7.729806142857143,100,100,False,Annaba,,,,,,
427843743,school,Primaire,,36.8550588,7.734683666666667,1559,1559,True,Annaba,,,,,,
428036557,place_of_worship,مسجد الشيخ محمد المدني,مسجد الشيخ محمد المدني,36.90601074,7.7611767,661,661,True,Annaba,,,,,,
428183949,place_of_worship,Sidi El Hadj,,36.5594388,5.48941178,54,54,True,Jijel,,,,,,
429382948,school,إبتدائية محمدي مسعود,إبتدائية محمدي مسعود,36.809234275,5.762543625,2351,2351,True,Jijel,,,,,,
429408142,health_facility,Centre de sente,,36.72228114,7.72591386,100,100,False,Annaba,10.5,48.0,2026-09-19T08:00,,,
429473524,school,,,36.12726114,6.37370685,2988,2988,True,Constantine,7.8,54.0,2026-09-19T08:00,,,
429479068,school,,,36.12082902857143,6.362287971428572,3296,3296,True,Constantine,7.8,54.0,2026-09-19T08:00,,,
429525845,school,,,36.06239436,5.95471176,2234,2234,True,Sétif,8.2,54.0,2026-09-19T08:00,,,
429526087,school,,,36.0630875,5.957100833333333,3197,3197,True,Sétif,8.2,54.0,2026-09-19T08:00,,,
429527003,school,,,36.06605978,5.95055452,5374,5374,True,Sétif,8.2,54.0,2026-09-19T08:00,,,
429530876,school,Lycée Mouloud Kacem Naït Belkacem,ثانوية مولود قاسم نايت بلقاسم,36.12353402,5.97999777,7381,7381,True,Mila,8.1,54.0,2026-09-19T08:00,,,
429688749,school,Messaoud Aberkane Elementary School,إبتدائية مسعود أبركان,36.152973816666666,5.706975933333333,1750,1750,True,Sétif,8.3,54.0,2026-09-19T08:00,,,
430004531,place_of_worship,,,36.627154242857145,5.647501271428572,638,638,True,Jijel,9.9,49.0,2026-09-19T08:00,,,
430131742,place_of_worship,,,36.3264025,4.86171244,615,615,True,Bordj Bou Arréridj,11.1,55.0,2026-09-19T08:00,,,
430136037,place_of_worship,,,36.38128386,4.87034628,19,19,True,Bordj Bou Arréridj,11.1,55.0,2026-09-19T08:00,,,
430269280,place_of_worship,Sidi Salah,,36.53258972,5.69646914,19,19,True,Jijel,9.1,51.0,2026-09-19T08:00,,,
430616053,school,Ecole Belkahla Saad,,37.04936284285714,6.513575142857143,2402,2402,True,Skikda,7.8,39.0,2026-09-19T08:00,,,
431068216,place_of_worship,مسجد عمار بن ياسر,مسجد عمار بن ياسر,36.19987848,5.4473242200000005,1681,1681,True,Sétif,9.4,55.0,2026-09-19T08:00,,,
431414990,place_of_worship,Sidi Aïssa,,36.44165114,4.9145968,93,93,True,Béjaïa,10.6,54.0,2026-09-19T08:00,,,
431421675,place_of_worship,Mouley Youssef,,36.43596275714285,4.926771542857144,400,400,True,Béjaïa,10.6,54.0,2026-09-19T08:00,,,
431430836,place_of_worship,مسجد حذيفة بن اليمانCité sonelgaz-1-3,مسجد حذيفة بن اليمان,36.1906602875,5.4466291,1481,1481,True,Sétif,9.4,55.0,2026-09-19T08:00,,,
431634762,school,CEM Cheikh Tahar,متوسطة شيخ الطاهر,36.90400199333333,7.744701073333333,4401,4401,True,Annaba,8.3,42.0,2026-09-19T08:00,,,
431641229,place_of_worship,Masjid EL-Aziz,مسجد العزيز,36.90332922,7.74544642,953,953,True,Annaba,8.3,42.0,2026-09-19T08:00,,,
431641231,place_of_worship,مسجد سلمان الفارسي,مسجد سلمان الفارسي,36.90294217142857,7.752544885714285,467,467,True,Annaba,8.3,42.0,2026-09-19T08:00,,,
432022100,place_of_worship,Mosquée El-Nour Redjas مسجد النور رجاص,,36.42877306,6.12444538,1100,1100,True,Mila,10.9,53.0,2026-09-19T08:00,,,
432221648,school,,,36.1604772,5.686134166666666,1303,1303,True,Sétif,8.6,55.0,2026-09-19T08:00,,,
432349159,place_of_worship,,,36.20354145,5.406785325,1102,1102,True,Sétif,9.2,55.0,2026-09-19T08:00,,,
432528740,school,Primaire Bahi Amar,إبتدائية باهي عمار,36.82519835,7.724150966666667,4652,4652,True,Annaba,9.9,48.0,2026-09-19T08:00,,,
432820127,place_of_worship,Mouley Ali,,36.59612524,5.39625998,44,44,True,Béjaïa,10.1,53.0,2026-09-19T08:00,,,
432822658,place_of_worship,Sidi Ghit,,36.57490124,5.3607574,40,40,True,Béjaïa,10.1,53.0,2026-09-19T08:00,,,
433881317,fire_station,protection civile,الحماية المدنية,36.45228735,6.050546925,30,30,False,Mila,10.1,52.0,2026-09-19T08:00,,,
433883632,school,école primaire,,36.45562268571428,6.050218614285714,2041,2041,True,Mila,10.1,52.0,2026-09-19T08:00,,,
433907785,place_of_worship,,,36.53925122,6.05060744,425,425,True,Mila,9.0,51.0,2026-09-19T08:00,,,
434347126,school,école primaire tayane,,36.4592248,6.04060075,415,415,True,Mila,10.1,52.0,2026-09-19T08:00,,,
434998232,place_of_worship,مسجد أبي ذر الغفاري - تصافت,,36.53817464,6.0646778,634,634,True,Mila,9.0,51.0,2026-09-19T08:00,,,
435329060,school,École Primaire Salah Righa,,36.33287245,6.584476375,2771,2771,True,Constantine,10.5,53.0,2026-09-19T08:00,,,
435329070,school,Abdelhafid Boussouf,,36.33297482857143,6.581535228571428,6504,6504,True,Constantine,10.5,53.0,2026-09-19T08:00,,,
435356724,health_facility,,,36.62888956666667,4.623727777777778,20,20,False,Béjaïa,12.8,51.0,2026-09-19T08:00,,,
435369112,school,,,36.33144184,6.57893596,1309,1309,True,Constantine,10.5,53.0,2026-09-19T08:00,,,
435369113,place_of_worship,Mosquée El Islah,,36.33149032,6.578280600000001,1944,1944,True,Constantine,10.5,53.0,2026-09-19T08:00,,,
435562357,place_of_worship,الزاوية,الزاوية,36.37031422,4.77989842,188,188,True,Bordj Bou Arréridj,11.6,55.0,2026-09-19T08:00,,,
435751350,place_of_worship,سيدي علي,سيدي علي,36.61792746,5.54580416,44,44,True,Jijel,9.9,50.0,2026-09-19T08:00,,,
435773666,place_of_worship,,,36.39790228,4.8115684000000005,431,431,True,Bordj Bou Arréridj,11.1,55.0,2026-09-19T08:00,,,
435790246,place_of_worship,,,36.41161342,4.88898986,68,68,True,Bordj Bou Arréridj,11.1,54.0,2026-09-19T08:00,,,
435873565,place_of_worship,,,36.51670128,6.32607208,347,347,True,Mila,10.8,52.0,2026-09-19T08:00,,,
435873767,place_of_worship,,,36.5161227,6.3250948,568,568,True,Mila,10.8,52.0,2026-09-19T08:00,,,
435896932,place_of_worship,,,36.42578438,4.81442748,878,878,True,Bordj Bou Arréridj,11.1,54.0,2026-09-19T08:00,,,
435897906,place_of_worship,,,36.46294214,4.84262438,147,147,True,Béjaïa,11.1,54.0,2026-09-19T08:00,,,
435982162,school,École primaire,,36.45167456666667,6.265591333333333,1136,1136,True,Mila,10.6,54.0,2026-09-19T08:00,,,
435999206,place_of_worship,,,36.23298536,6.013754199999999,355,355,True,Mila,8.0,52.0,2026-09-19T08:00,,,
436131321,place_of_worship,,,36.5093217,6.24696972,327,327,True,Mila,10.5,52.0,2026-09-19T08:00,,,
436151678,place_of_worship,,,36.45194924,6.2760130400000005,302,302,True,Mila,10.6,54.0,2026-09-19T08:00,,,
436151698,place_of_worship,,,36.45538846,6.27353466,630,630,True,Mila,10.6,54.0,2026-09-19T08:00,,,
436151722,place_of_worship,,,36.45627664,6.26764802,184,184,True,Mila,10.6,54.0,2026-09-19T08:00,,,
436151955,place_of_worship,مسجد عائشة أم المؤمنين,,36.44400984,6.255694,199,199,True,Mila,10.6,54.0,2026-09-19T08:00,,,
436152065,school,CEM BENTOUNSI,,36.43897528,6.24506915,3624,3624,True,Mila,10.6,54.0,2026-09-19T08:00,,,
436152134,school,CEM,,36.43252212857143,6.269857385714286,431,431,True,Mila,10.6,54.0,2026-09-19T08:00,,,
436843656,school,,,36.06075764,4.76775126,4258,4258,True,Bordj Bou Arréridj,10.4,56.0,2026-09-19T08:00,,,
436843659,school,,,36.06889811428572,4.744999157142857,2319,2319,True,Bordj Bou Arréridj,10.4,56.0,2026-09-19T08:00,,,
436843661,school,CEM Debz Mouhamed Cherif,,36.772496485714285,5.607090314285714,1624,1624,True,Jijel,10.9,50.0,2026-09-19T08:00,,,
436843912,place_of_worship,,,36.77262372222222,5.613273911111111,867,867,True,Jijel,10.9,50.0,2026-09-19T08:00,,,
436844410,place_of_worship,,,36.76404,4.92700432,274,274,True,Béjaïa,10.6,46.0,2026-09-19T08:00,,,
437196061,health_facility,العيادة متعددة الخدمات,العيادة متعددة الخدمات,36.19663403333333,8.154790933333333,20,20,False,Souk Ahras,9.1,51.0,2026-09-19T08:00,,,
438169852,place_of_worship,,,36.56171452,6.21278182,633,633,True,Mila,10.5,52.0,2026-09-19T08:00,,,
438170374,place_of_worship,,,36.55982206,6.1666455,512,512,True,Mila,9.8,52.0,2026-09-19T08:00,,,
438170392,place_of_worship,,,36.5506422,6.126534019999999,602,602,True,Mila,9.8,52.0,2026-09-19T08:00,,,
438176123,place_of_worship,,,36.47591112,6.495200080000001,246,246,True,Constantine,11.0,53.0,2026-09-19T08:00,,,
438177212,place_of_worship,,,36.45226792,6.55083114,315,315,True,Constantine,9.1,53.0,2026-09-19T08:00,,,
438177307,place_of_worship,,,36.4142614,6.5743368,560,560,True,Constantine,9.1,53.0,2026-09-19T08:00,,,
438177661,place_of_worship,مسجد طويهرات علي,مسجد طويهرات علي,36.4089804,6.57751035,444,444,True,Constantine,9.1,53.0,2026-09-19T08:00,,,
438177804,place_of_worship,,,36.419707900000006,6.55080952,757,757,True,Constantine,9.1,53.0,2026-09-19T08:00,,,
438180586,place_of_worship,,,36.509734980000005,6.33906248,1240,1240,True,Mila,10.8,52.0,2026-09-19T08:00,,,
438296668,place_of_worship,,,36.4982763,6.0934623000000006,92,92,True,Mila,10.1,52.0,2026-09-19T08:00,,,
438297315,place_of_worship,,,36.55675174,5.99024262,516,516,True,Mila,9.4,51.0,2026-09-19T08:00,,,
438298868,place_of_worship,,,36.571264033333335,5.962454883333333,434,434,True,Mila,9.4,51.0,2026-09-19T08:00,,,
438408124,school,المدرسة الابتدائية شنيتي عبد الرحمان,المدرسة الابتدائية شنيتي عبد الرحمان,36.23284548888889,5.395578677777777,644,644,True,Sétif,9.4,55.0,2026-09-19T08:00,,,
438437030,school,مدرسة تشير عبد الله الابتدائية,مدرسة تشير عبد الله الابتدائية,36.19058907272727,5.395347318181819,3733,3733,True,Sétif,9.6,55.0,2026-09-19T08:00,,,
438438341,school,École primaire,,36.430857200000005,6.27428788,1232,1232,True,Mila,10.6,54.0,2026-09-19T08:00,,,
438445781,place_of_worship,Masdjid As Salem,مسجد السلام,36.18846452,5.43368646,1192,1192,True,Sétif,9.4,55.0,2026-09-19T08:00,,,
438448864,school,École primaire,,36.4628019,6.26607038,1023,1023,True,Mila,10.6,54.0,2026-09-19T08:00,,,
438451182,school,INSFP,,36.44139142,6.2660867,3866,3866,True,Mila,10.6,54.0,2026-09-19T08:00,,,
438464549,school,,,36.20466478181818,5.4543523090909085,8586,8586,True,Sétif,9.2,55.0,2026-09-19T08:00,,,
438464550,school,,,36.20353397692308,5.453667146153847,1636,1636,True,Sétif,9.2,55.0,2026-09-19T08:00,,,
438464563,school,,,36.20364925,5.4471472,2569,2569,True,Sétif,9.2,55.0,2026-09-19T08:00,,,
438464564,school,,,36.2050777625,5.451937025,2568,2568,True,Sétif,9.2,55.0,2026-09-19T08:00,,,
438471423,school,,,36.20691826,5.44334368,1387,1387,True,Sétif,9.2,55.0,2026-09-19T08:00,,,
438471442,school,مدرسة قرارية سليمان,مدرسة قرارية سليمان,36.20339946,5.43305144,994,994,True,Sétif,9.2,55.0,2026-09-19T08:00,,,
438471443,school,,,36.2070083,5.444398,3861,3861,True,Sétif,9.2,55.0,2026-09-19T08:00,,,
438471444,school,CEM Ibn Razi,,36.19822842222223,5.439457444444445,3147,3147,True,Sétif,9.4,55.0,2026-09-19T08:00,,,
438473994,school,Lycée Malek Bennabi,,36.210415815789474,5.441665721052632,5112,5112,True,Sétif,9.2,55.0,2026-09-19T08:00,,,
438520109,place_of_worship,,,36.227249671428574,5.393789,587,587,True,Sétif,9.4,55.0,2026-09-19T08:00,,,
438549903,place_of_worship,Mosquée El-Ouihda,,36.33488904,6.58239504,773,773,True,Constantine,10.5,53.0,2026-09-19T08:00,,,
438549931,school,C.E.M Ben Moussa,,36.32975109285714,6.5831753,2874,2874,True,Constantine,10.5,53.0,2026-09-19T08:00,,,
438646138,school,,,36.19359581111111,5.372955955555556,1298,1298,True,Sétif,9.6,55.0,2026-09-19T08:00,,,
438647786,health_facility,مستوصف ونوغة الطيب,مستوصف ونوغة الطيب,36.19127763333333,5.395216944444445,20,20,False,Sétif,9.6,55.0,2026-09-19T08:00,,,
438761098,place_of_worship,,,36.187196666666665,5.402341833333334,1459,1459,True,Sétif,9.4,55.0,2026-09-19T08:00,,,
438772332,school,,,36.194472127272725,5.439931381818182,2185,2185,True,Sétif,9.4,55.0,2026-09-19T08:00,,,
438775238,school,متوسطة الشهيد حليتيم علي 10,متوسطة الشهيد حليتيم علي 10,36.188513542857145,5.399446028571428,8928,8928,True,Sétif,9.6,55.0,2026-09-19T08:00,,,
438777124,school,مدرسة مهادي لعيد,مدرسة مهادي لعيد,36.196671460000005,5.43377944,1654,1654,True,Sétif,9.4,55.0,2026-09-19T08:00,,,
438778790,school,CEM Bella Mouloud,,36.194772533333335,5.428229366666667,1810,1810,True,Sétif,9.4,55.0,2026-09-19T08:00,,,
438778791,school,CEM Rachemi Hocine متوسطة راشمي حسين,متوسطة راشمي حسين,36.19907314,5.42920946,2755,2755,True,Sétif,9.4,55.0,2026-09-19T08:00,,,
438778909,school,CEM Zerrouki Kheira,,36.18837516666667,5.4046449222222215,2155,2155,True,Sétif,9.4,55.0,2026-09-19T08:00,,,
438789028,school,Ecole des PTT,,36.17969637647059,5.40043255882353,4745,4745,True,Sétif,9.4,55.0,2026-09-19T08:00,,,
438878898,school,École primaire,,36.45378256,6.24848534,1017,1017,True,Mila,10.6,54.0,2026-09-19T08:00,,,
438967787,place_of_worship,Mosquée Cheikh Medour,,36.22881767,5.4008088700000005,1883,1883,True,Sétif,9.2,55.0,2026-09-19T08:00,,,
439006055,school,,,36.20495666666667,5.377133322222223,6216,6216,True,Sétif,9.4,55.0,2026-09-19T08:00,,,
439006056,school,,,36.20759044545454,5.377752881818182,1136,1136,True,Sétif,9.4,55.0,2026-09-19T08:00,,,
439006057,place_of_worship,,,36.207335057142856,5.378512728571429,1374,1374,True,Sétif,9.4,55.0,2026-09-19T08:00,,,
439006073,school,,,36.20654567142857,5.378099314285714,3632,3632,True,Sétif,9.4,55.0,2026-09-19T08:00,,,
439046591,health_facility,,,36.45625326,6.26510666,20,20,False,Mila,10.6,54.0,2026-09-19T08:00,,,
439049374,school,École primaire,,36.4481499,6.25297662,732,732,True,Mila,10.6,54.0,2026-09-19T08:00,,,
439358521,school,,,36.188884685714285,5.397859742857142,3932,3932,True,Sétif,9.6,55.0,2026-09-19T08:00,,,
439361158,school,CEM AH Mohamed,,36.18129176,5.40492164,2525,2525,True,Sétif,9.4,55.0,2026-09-19T08:00,,,
439361159,school,CEM mabouak Miloud,,36.18093734,5.39996118,2127,2127,True,Sétif,9.6,55.0,2026-09-19T08:00,,,
439361168,school,Ecole primaire Cheikh Abdou:ابتدائية الشيخ عبده,ابتدائية حشيشي محمد,36.19060414,5.39131722,1015,1015,True,Sétif,9.6,55.0,2026-09-19T08:00,,,
439361169,school,مدرسة ابن باديس,مدرسة ابن باديس,36.18085236153846,5.4099255692307695,1845,1845,True,Sétif,9.4,55.0,2026-09-19T08:00,,,
439361170,school,Ecole Mohamed El Khamiss,,36.18096156666667,5.409440283333333,1665,1665,True,Sétif,9.4,55.0,2026-09-19T08:00,,,
439363970,school,,,36.19613763333333,5.414874050000001,913,913,True,Sétif,9.4,55.0,2026-09-19T08:00,,,
439363971,school,Ecole primaire Cheikh Abdou:ابتدائية الشيخ عبده,,36.1940001,5.421209371428572,1608,1608,True,Sétif,9.4,55.0,2026-09-19T08:00,,,
439382498,school,École primaire,,36.44083261111111,6.250830033333333,1358,1358,True,Mila,10.6,54.0,2026-09-19T08:00,,,
439398143,school,,,36.50433647777778,6.294123311111111,4303,4303,True,Mila,10.5,52.0,2026-09-19T08:00,,,
439399284,school,Ecole Primaire Makhloufi Rabeh,,36.52289803333333,6.266797711111112,755,755,True,Mila,10.5,52.0,2026-09-19T08:00,,,
439401482,place_of_worship,مسجد البشير الإبراهيمي,مسجد البشير الإبراهيمي,36.179946,5.409833600000001,1851,1851,True,Sétif,9.4,55.0,2026-09-19T08:00,,,
439416295,place_of_worship,مسجد التقوى,مسجد التقوى,36.753220414285714,5.901241014285715,1345,1345,True,Jijel,9.2,48.0,2026-09-19T08:00,,,
439495565,health_facility,centre d'hemodialyse maghreb,,36.16929672,6.1745904,100,100,False,Mila,8.0,54.0,2026-09-19T08:00,,,
439526641,school,,,36.44601985555556,6.259735677777778,4418,4418,True,Mila,10.6,54.0,2026-09-19T08:00,,,
439625257,school,CEM Zighmi Lâamri,متوسطة زيغمي العمري,36.19872004,5.40313292,910,910,True,Sétif,9.4,55.0,2026-09-19T08:00,,,
439625258,school,CEM Belatar Tlidjene,,36.18476457272727,5.4210728,5852,5852,True,Sétif,9.4,55.0,2026-09-19T08:00,,,
439625259,school,CEM Tellah El Amri,,36.19345674,5.41342268,1630,1630,True,Sétif,9.4,55.0,2026-09-19T08:00,,,
439625454,school,CEM Tebessi Larbi,,36.20150413333334,5.403922344444444,1370,1370,True,Sétif,9.2,55.0,2026-09-19T08:00,,,
439697315,school,,,36.44466474166666,5.263878775,11845,11845,True,Sétif,9.6,54.0,2026-09-19T08:00,,,
440107288,place_of_worship,Sidi Ahmida,,36.34855128,4.9158107200000005,115,115,True,Bordj Bou Arréridj,10.8,55.0,2026-09-19T08:00,,,
440107477,place_of_worship,,,36.35178984,4.920038320000001,94,94,True,Bordj Bou Arréridj,10.8,55.0,2026-09-19T08:00,,,
440140427,place_of_worship,Djamaâ n Bellout,,36.30763976,4.861808099999999,171,171,True,Bordj Bou Arréridj,11.1,55.0,2026-09-19T08:00,,,
440143072,place_of_worship,,,36.3920384,4.822740928571428,490,490,True,Bordj Bou Arréridj,11.1,55.0,2026-09-19T08:00,,,
440198604,school,,,36.17194994285714,5.032331042857143,1431,1431,True,Bordj Bou Arréridj,11.0,55.0,2026-09-19T08:00,,,
440201361,school,,,36.17566428,5.03466312,4459,4459,True,Bordj Bou Arréridj,11.0,55.0,2026-09-19T08:00,,,
440201362,school,,,36.17162926,5.02571094,9677,9677,True,Bordj Bou Arréridj,11.0,55.0,2026-09-19T08:00,,,
440201364,school,,,36.17048961666666,5.022794766666666,3757,3757,True,Bordj Bou Arréridj,11.0,55.0,2026-09-19T08:00,,,
440201365,school,متوسطة اسعد عريب,,36.17366346666667,5.0253107,3796,3796,True,Bordj Bou Arréridj,11.0,55.0,2026-09-19T08:00,,,
440221228,place_of_worship,,,36.462760200000005,6.1904384,191,191,True,Mila,10.9,53.0,2026-09-19T08:00,,,
440271994,place_of_worship,,,36.31421684,4.67759448,94,94,True,Bordj Bou Arréridj,11.7,54.0,2026-09-19T08:00,,,
440275127,place_of_worship,,,36.3320888,4.864469883333333,163,163,True,Bordj Bou Arréridj,11.1,55.0,2026-09-19T08:00,,,
440275128,place_of_worship,,,36.33485483333333,4.866635283333333,182,182,True,Bordj Bou Arréridj,11.1,55.0,2026-09-19T08:00,,,
440275129,place_of_worship,,,36.33481915,4.866526833333333,101,101,True,Bordj Bou Arréridj,11.1,55.0,2026-09-19T08:00,,,
440275130,place_of_worship,,,36.3361679,4.86150254,103,103,True,Bordj Bou Arréridj,11.1,55.0,2026-09-19T08:00,,,
440275131,place_of_worship,,,36.34126977142857,4.8658607,99,99,True,Bordj Bou Arréridj,11.1,55.0,2026-09-19T08:00,,,
440358061,school,CEM Baaziz Abdallah,,36.1063344,5.674430171428571,2412,2412,True,Sétif,8.6,55.0,2026-09-19T08:00,,,
440358062,school,Lycee El Mellah,,36.10563811111111,5.674468466666666,11235,11235,True,Sétif,8.6,55.0,2026-09-19T08:00,,,
440360659,school,,,36.05869416,5.62006108,3927,3927,True,Sétif,8.3,54.0,2026-09-19T08:00,,,
440502382,school,,,36.385546133333335,4.960120133333334,1302,1302,True,Bordj Bou Arréridj,10.8,55.0,2026-09-19T08:00,,,
440530815,school,,,36.20962775714286,5.408971928571428,1123,1123,True,Sétif,9.2,55.0,2026-09-19T08:00,,,
440530816,school,,,36.2036148,5.409384333333333,1591,1591,True,Sétif,9.2,55.0,2026-09-19T08:00,,,
440530817,school,,,36.21901113,5.40431761,1808,1808,True,Sétif,9.2,55.0,2026-09-19T08:00,,,
440530820,place_of_worship,,,36.20267176923077,5.413392284615385,1012,1012,True,Sétif,9.2,55.0,2026-09-19T08:00,,,
440530846,place_of_worship,Mosquée Al-Fourqane; مسجد الفرقان,مسجد الفرقان,36.20833549090909,5.405911372727273,1139,1139,True,Sétif,9.2,55.0,2026-09-19T08:00,,,
440536792,school,,,36.20588765,5.851920605555556,7201,7201,True,Sétif,8.2,54.0,2026-09-19T08:00,,,
440536794,school,,,36.20513874444444,5.853195977777777,3965,3965,True,Sétif,8.2,54.0,2026-09-19T08:00,,,
440586804,place_of_worship,Maqam Sidi Ahmed Zerrouk El Barnoussi El Fassi,مقام سيدى أحمد زروق البرنوصي الفاسي,36.60200728,4.63681064,29,29,True,Béjaïa,12.8,51.0,2026-09-19T08:00,,,
440632998,school,ابتدائية طوشال عيسى,,36.154038263636366,5.7551772727272725,1997,1997,True,Sétif,8.3,54.0,2026-09-19T08:00,,,
440687088,school,Ecole primaire Ait Soula 75 Martyrs,,36.59824536666667,4.614693475,2521,2521,True,Béjaïa,12.0,53.0,2026-09-19T08:00,,,
440823995,school,,,36.21492936,5.9230809,890,890,True,Mila,8.1,53.0,2026-09-19T08:00,,,
440830250,school,,,36.23296832727272,6.010647881818182,2671,2671,True,Mila,8.0,52.0,2026-09-19T08:00,,,
440830252,school,,,36.19493445,5.96606485,1611,1611,True,Mila,8.1,54.0,2026-09-19T08:00,,,
441619797,place_of_worship,,,36.82688764,8.422131799999999,247,247,True,El Tarf,9.3,46.0,2026-09-19T08:00,,,
441714518,fire_station,وحدة الحماية المدنية,وحدة الحماية المدنية,36.78492162,8.37571148,30,30,False,El Tarf,7.8,48.0,2026-09-19T08:00,,,
441922916,school,Ecole Abed Lakhdar,,36.205899714285714,5.519508371428572,1426,1426,True,Sétif,9.0,54.0,2026-09-19T08:00,,,
441945627,school,,,36.11479821111111,5.5262661444444445,3665,3665,True,Sétif,8.7,55.0,2026-09-19T08:00,,,
441945628,school,,,36.12153661111111,5.530007366666667,1074,1074,True,Sétif,8.7,55.0,2026-09-19T08:00,,,
441945718,health_facility,Établissement Hospitalier Spécialisé en Rééducation Fonctionnelle à Ras Elma,المؤسسة الإستشفائية المختصة في التأهيل و التكييف الوظيفي,36.11924675714285,5.535673428571428,100,100,False,Sétif,8.7,55.0,2026-09-19T08:00,,,
441966873,school,,,36.14541996,5.44018502,4305,4305,True,Sétif,9.4,55.0,2026-09-19T08:00,,,
441966874,school,,,36.13772508571429,5.4475063285714285,1711,1711,True,Sétif,9.4,55.0,2026-09-19T08:00,,,
441966875,school,,,36.14377082857143,5.439124071428571,1551,1551,True,Sétif,9.4,55.0,2026-09-19T08:00,,,
441978562,school,,,36.156293825,5.4890608,3683,3683,True,Sétif,9.4,55.0,2026-09-19T08:00,,,
442183725,school,,,36.16940892,5.32632724,943,943,True,Sétif,9.6,55.0,2026-09-19T08:00,,,
442188291,school,CEM MIKARNI,أحمد ميقارني,36.17541438,5.33858584,1396,1396,True,Sétif,9.6,55.0,2026-09-19T08:00,,,
442192013,school,ابتدائية محدادي الهاشمي,,36.19323176,5.31915014,2260,2260,True,Sétif,9.6,55.0,2026-09-19T08:00,,,
442420630,health_facility,Cabinet médical Hamadache.H,,36.19096482,5.41831338,100,100,False,Sétif,9.4,55.0,2026-09-19T08:00,,,
443622826,place_of_worship,مسجد الصالحين,مسجد الصالحين,36.19148927142857,5.388188042857143,2671,2671,True,Sétif,9.6,55.0,2026-09-19T08:00,,,
444063624,school,École primaire,,36.45645075,6.0320103625,1687,1687,True,Mila,10.1,52.0,2026-09-19T08:00,,,
446279336,school,,,36.170809133333336,5.231020522222222,4271,4271,True,Sétif,9.8,55.0,2026-09-19T08:00,,,
446279339,school,,,36.17235427777777,5.231697733333333,1699,1699,True,Sétif,9.8,55.0,2026-09-19T08:00,,,
446302099,school,École kKazaz Dahman,,36.18918364444445,5.318986266666666,1517,1517,True,Sétif,9.6,55.0,2026-09-19T08:00,,,
446333014,school,,,36.23298624,5.638574060000001,1187,1187,True,Sétif,8.9,54.0,2026-09-19T08:00,,,
446649680,school,مدرسة,مدرسة,36.51929964615385,6.033492661538461,1216,1216,True,Mila,9.0,51.0,2026-09-19T08:00,,,
447183003,school,مدرسة,مدرسة,36.53654556875,6.045656,2435,2435,True,Mila,9.0,51.0,2026-09-19T08:00,,,
447183159,school,,,36.5372105,6.06495075,2252,2252,True,Mila,9.0,51.0,2026-09-19T08:00,,,
447381780,school,مدرسة,مدرسة,36.51766562,6.05149384,1096,1096,True,Mila,9.0,51.0,2026-09-19T08:00,,,
447675522,fire_station,Unité de protection civile,الحماية المدنية,36.26661721538461,6.48899766923077,30,30,False,Constantine,9.2,53.0,2026-09-19T08:00,,,
447675523,school,,,36.26684573125,6.48939931875,2498,2498,True,Constantine,9.2,53.0,2026-09-19T08:00,,,
449210885,place_of_worship,مسجد مشتة وادي فرماتو,مسجد مشتة وادي فرماتو,36.21811246,5.40408882,433,433,True,Sétif,9.2,55.0,2026-09-19T08:00,,,
449214600,place_of_worship,Mosquée Othman Ibn Affan,مسجد عثمان بن عفان,36.20131468571429,5.403206471428571,1348,1348,True,Sétif,9.2,55.0,2026-09-19T08:00,,,
449543743,place_of_worship,,,36.48084612,7.235970419999999,549,549,True,Guelma,9.3,51.0,2026-09-19T08:00,,,
449543752,place_of_worship,,,36.4018634,7.0474798000000005,574,574,True,Guelma,9.2,51.0,2026-09-19T08:00,,,
449543753,place_of_worship,,,36.4643694,7.112030249999999,1475,1475,True,Guelma,9.3,51.0,2026-09-19T08:00,,,
449543756,place_of_worship,,,36.35886861111111,7.018396677777777,349,349,True,Constantine,8.3,50.0,2026-09-19T08:00,,,
450228666,health_facility,Centre de santé El Had,,36.614397833333335,4.774757699999999,20,20,False,Béjaïa,11.7,51.0,2026-09-19T08:00,,,
450230357,school,Primaire Amssioune,,36.60544122222223,4.760482466666667,1218,1218,True,Béjaïa,11.7,51.0,2026-09-19T08:00,,,
450650047,health_facility,Clinique Chaouk & Achouak,,36.165802825,5.3892676375,20,20,False,Sétif,9.6,55.0,2026-09-19T08:00,,,
451727905,school,CEM Boucheboura Med,اكمالية بوشبورة,36.45799409999999,6.0370158400000005,2022,2022,True,Mila,10.1,52.0,2026-09-19T08:00,,,
451727957,school,Nouveau Lycée,,36.45435548571429,6.055110985714285,6497,6497,True,Mila,10.1,52.0,2026-09-19T08:00,,,
451727977,school,Nouveau CEM,,36.45501614,6.04765918,2694,2694,True,Mila,10.1,52.0,2026-09-19T08:00,,,
451729099,school,,,36.43267791666667,6.057536466666666,634,634,True,Mila,10.1,52.0,2026-09-19T08:00,,,
451730733,school,مدرسة,مدرسة,36.49078396666667,5.986404333333333,580,580,True,Mila,10.5,52.0,2026-09-19T08:00,,,
451730853,school,مدرسة,مدرسة,36.45720786,6.08072574,805,805,True,Mila,10.1,52.0,2026-09-19T08:00,,,
451738494,school,مدرسة,مدرسة,36.43275832857143,6.018598114285715,1001,1001,True,Mila,10.1,52.0,2026-09-19T08:00,,,
451871227,school,CEM,متوسطة روابح صالح,36.52788933846154,6.045255638461539,6285,6285,True,Mila,9.0,51.0,2026-09-19T08:00,,,
451871273,school,CEM,,36.53730182727273,6.061142409090909,3638,3638,True,Mila,9.0,51.0,2026-09-19T08:00,,,
451871424,school,CEM Bougherdaïne,,36.50177701428572,6.0682699,2417,2417,True,Mila,9.0,51.0,2026-09-19T08:00,,,
451871815,school,CEM Chebchob Rabah ( Bouylef ),,36.4959375,6.05930022,3180,3180,True,Mila,10.1,52.0,2026-09-19T08:00,,,
451872181,school,مدرسة,مدرسة,36.4992462,6.090853515384615,1687,1687,True,Mila,10.1,52.0,2026-09-19T08:00,,,
451872357,school,,,36.48156085454545,6.107492636363636,1461,1461,True,Mila,10.9,53.0,2026-09-19T08:00,,,
451872764,school,مدرسة,مدرسة,36.49875385,6.05830467,1728,1728,True,Mila,10.1,52.0,2026-09-19T08:00,,,
451873086,school,مدرسة,مدرسة,36.49913364,6.04536358,749,749,True,Mila,10.1,52.0,2026-09-19T08:00,,,
452650622,place_of_worship,المسجد العتيق,المسجد العتيق,36.12880272,7.53050514,1917,1917,True,Guelma,8.2,51.0,2026-09-19T08:00,,,
453023734,place_of_worship,مَسْجِد علي بن ابي طالب,مَسْجِد علي بن ابي طالب,36.89096485,7.718931125,1389,1389,True,Annaba,9.9,48.0,2026-09-19T08:00,,,
453079250,place_of_worship,,,36.9045141,6.550848066666667,374,374,True,Skikda,8.8,43.0,2026-09-19T08:00,,,
453274552,school,,,36.45942617894737,6.026649247368422,934,934,True,Mila,10.1,52.0,2026-09-19T08:00,,,
454454687,health_facility,EPH de Oued Zenati,,36.315067157142856,7.161847157142857,100,100,False,Guelma,9.6,51.0,2026-09-19T08:00,,,
454675054,place_of_worship,,,36.4644579,5.64840264,941,941,True,Sétif,9.5,53.0,2026-09-19T08:00,,,
455073746,school,Lycée Ibn Taïmia,,36.34886842352941,6.60255185882353,8918,8918,True,Constantine,8.4,54.0,2026-09-19T08:00,,,
455079513,school,Lycée Fadila Sâadane,,36.3622586,6.606652842857143,724,724,True,Constantine,8.4,54.0,2026-09-19T08:00,,,
455268620,place_of_worship,,,36.45695068,6.08122116,266,266,True,Mila,10.1,52.0,2026-09-19T08:00,,,
455302584,school,,,36.51617621666667,6.334003758333334,11281,11281,True,Mila,10.8,52.0,2026-09-19T08:00,,,
455554893,place_of_worship,مسجد السلام,مسجد السلام,36.8929531,7.748531439999999,605,605,True,Annaba,9.9,48.0,2026-09-19T08:00,,,
455563944,place_of_worship,,,36.4373445,5.0342565200000005,154,154,True,Béjaïa,10.7,54.0,2026-09-19T08:00,,,
455563945,place_of_worship,,,36.41746468,5.00993884,239,239,True,Béjaïa,10.7,54.0,2026-09-19T08:00,,,
455740498,school,,,36.02542045714286,6.560540028571429,5456,5456,True,Constantine,7.6,54.0,2026-09-19T08:00,,,
455742845,school,,,36.029358625,6.5589788125,7127,7127,True,Constantine,7.6,54.0,2026-09-19T08:00,,,
455827773,emergency_shelter,,,36.03894348,6.586678019999999,19,19,True,Constantine,7.6,54.0,2026-09-19T08:00,,,
455827777,emergency_shelter,,,36.03894144,6.58650062,19,19,True,Constantine,7.6,54.0,2026-09-19T08:00,,,
455827778,emergency_shelter,,,36.03863596,6.5868068,19,19,True,Constantine,7.6,54.0,2026-09-19T08:00,,,
455827779,emergency_shelter,,,36.03865702,6.58662766,19,19,True,Constantine,7.6,54.0,2026-09-19T08:00,,,
455827780,emergency_shelter,,,36.03867282,6.586461560000001,19,19,True,Constantine,7.6,54.0,2026-09-19T08:00,,,
455827781,emergency_shelter,,,36.03802042,6.586533439999999,19,19,True,Constantine,7.6,54.0,2026-09-19T08:00,,,
455827782,emergency_shelter,,,36.03804118,6.5863496,19,19,True,Constantine,7.6,54.0,2026-09-19T08:00,,,
455827783,emergency_shelter,,,36.03777738,6.586312019999999,19,19,True,Constantine,7.6,54.0,2026-09-19T08:00,,,
455827784,emergency_shelter,,,36.038404660000005,6.586409880000001,53,53,True,Constantine,7.6,54.0,2026-09-19T08:00,,,
455827785,emergency_shelter,,,36.03837506,6.58658142,53,53,True,Constantine,7.6,54.0,2026-09-19T08:00,,,
455827786,emergency_shelter,,,36.03836228,6.586757399999999,52,52,True,Constantine,7.6,54.0,2026-09-19T08:00,,,
456107008,school,,,36.2304815625,6.569590675,5437,5437,True,Constantine,9.6,53.0,2026-09-19T08:00,,,
456208983,school,,,36.51298476666667,5.74030205,3024,3024,True,Jijel,9.5,51.0,2026-09-19T08:00,,,
456778609,school,Ecole primaire Taoutaou Rachide,,36.4221359,6.598045157142857,1124,1124,True,Constantine,9.1,53.0,2026-09-19T08:00,,,
456778611,health_facility,Dispensaire Hamma Bouziane,,36.421623965,6.599136275000001,100,100,False,Constantine,9.1,53.0,2026-09-19T08:00,,,
456778615,school,Lycée Bourass,,36.42102927142857,6.597617328571428,3791,3791,True,Constantine,9.1,53.0,2026-09-19T08:00,,,
456801555,school,Technicum Maarakat Zaouya Sidi Merouane,,36.517049092307694,6.256307192307692,8400,8400,True,Mila,10.5,52.0,2026-09-19T08:00,,,
456801557,school,,,36.55260022666666,6.218253193333334,7934,7934,True,Mila,10.5,52.0,2026-09-19T08:00,,,
456801559,school,,,36.56055708333333,6.221876058333333,3599,3599,True,Mila,10.5,52.0,2026-09-19T08:00,,,
457547783,school,,,36.236205271428574,6.571464414285714,3460,3460,True,Constantine,9.6,53.0,2026-09-19T08:00,,,
457549292,school,,,36.23861226666666,6.561858522222222,4774,4774,True,Constantine,9.6,53.0,2026-09-19T08:00,,,
457549804,school,,,36.23200678,6.56348838,1979,1979,True,Constantine,9.6,53.0,2026-09-19T08:00,,,
457550242,school,,,36.23386835555556,6.572232044444444,12266,12266,True,Constantine,9.6,53.0,2026-09-19T08:00,,,
457550547,school,,,36.239025825,6.5737186625,2923,2923,True,Constantine,9.6,53.0,2026-09-19T08:00,,,
457747905,place_of_worship,,,36.44354542,4.84575372,188,188,True,Béjaïa,11.1,54.0,2026-09-19T08:00,,,
457747908,place_of_worship,,,36.45367008,4.83455836,136,136,True,Béjaïa,11.1,54.0,2026-09-19T08:00,,,
457749226,place_of_worship,,,36.37596228571429,4.926685985714286,344,344,True,Bordj Bou Arréridj,10.8,55.0,2026-09-19T08:00,,,
457751022,place_of_worship,,,36.40809422,4.93152458,88,88,True,Béjaïa,10.6,54.0,2026-09-19T08:00,,,
457751024,place_of_worship,,,36.40545768,4.93474552,143,143,True,Béjaïa,10.6,54.0,2026-09-19T08:00,,,
457961633,place_of_worship,Nour El Houda,,36.2465106125,6.7259226375,3888,3888,True,Constantine,9.0,52.0,2026-09-19T08:00,,,
457978146,school,,,36.88936559,7.72868665,2877,2877,True,Annaba,9.9,48.0,2026-09-19T08:00,,,
457978976,school,,,36.83509854444444,7.461882300000001,935,935,True,Annaba,9.2,43.0,2026-09-19T08:00,,,
458166187,place_of_worship,مسجد السلام,مسجد السلام,36.25345694,6.57992788,1594,1594,True,Constantine,9.6,53.0,2026-09-19T08:00,,,
458236831,health_facility,Salle de Soins,,36.459659327272725,6.039396363636363,20,20,False,Mila,10.1,52.0,2026-09-19T08:00,,,
458258125,place_of_worship,El manar,,36.24975012,6.71316276,943,943,True,Constantine,9.0,52.0,2026-09-19T08:00,,,
458515925,place_of_worship,El wafa,مسجد الوفاء,36.25338554,6.70782764,2619,2619,True,Constantine,9.0,52.0,2026-09-19T08:00,,,
458865434,school,CEM Chwaleb Deradji,متوسطة شوالبي دراجي,36.24809341666667,6.553350116666667,2653,2653,True,Constantine,9.6,53.0,2026-09-19T08:00,,,
458870385,school,,,36.26200105714286,6.5685142,9192,9192,True,Constantine,9.6,53.0,2026-09-19T08:00,,,
458870947,place_of_worship,Mosquée Omar Ibn El Ass,مسجد عمر بن العاص,36.26393588235294,6.573271782352941,2203,2203,True,Constantine,9.6,53.0,2026-09-19T08:00,,,
459144895,school,مدرسة,مدرسة,36.4867775,6.03440438,692,692,True,Mila,10.1,52.0,2026-09-19T08:00,,,
459377045,place_of_worship,مسجد النور,مسجد النور,36.12455923333333,6.365669877777778,1300,1300,True,Constantine,7.8,54.0,2026-09-19T08:00,,,
459835585,school,,,36.860515871428575,6.143294171428572,4071,4071,True,Jijel,10.1,49.0,2026-09-19T08:00,,,
459835589,school,إبتدائية بنان محمد,إبتدائية بنان محمد,36.85974895555555,6.144307422222223,1427,1427,True,Jijel,10.1,49.0,2026-09-19T08:00,,,
459850980,health_facility,مستشفى الطارف,مستشفى الطارف,36.7630008,8.324577,100,100,False,El Tarf,7.8,48.0,2026-09-19T08:00,,,
459850982,school,CEM Rekkab Bachir,,36.766976928571424,8.319251314285713,1620,1620,True,El Tarf,7.8,48.0,2026-09-19T08:00,,,
459852616,school,Lycée Merzoug Cherif,ثانوية مرزوق شريف,36.766032576470586,8.310302847058823,10703,10703,True,El Tarf,7.8,48.0,2026-09-19T08:00,,,
460216565,health_facility,EPH Bouzid Ammar El Kala;المؤسسة الاستشفائية للصحة الجوارية عمار بوزيد القالة,المؤسسة الاستشفائية للصحة الجوارية عمار بوزيد القالة,36.895542425,8.443324825,100,100,False,El Tarf,9.3,46.0,2026-09-19T08:00,,,
460216567,school,CEM Mahmoud Benmahmoud;مدرسة محمود بن محمود المتوسطة,مدرسة محمود بن محمود المتوسطة,36.89420714285715,8.438926657142858,6410,6410,True,El Tarf,9.3,46.0,2026-09-19T08:00,,,
460318948,place_of_worship,Mosquée Islah,,36.49846205,6.06853202,1079,1079,True,Mila,10.1,52.0,2026-09-19T08:00,,,
460366533,health_facility,مستشفى ابن زهر,مستشفى ابن زهر,36.4629453,7.4282008,100,100,False,Guelma,10.1,51.0,2026-09-19T08:00,,,
460366536,school,Collège 08 Mai 1945,,36.46835768571429,7.433989771428571,5465,5465,True,Guelma,10.1,51.0,2026-09-19T08:00,,,
460369712,place_of_worship,مسجد الإمام مالك,,36.46504002,7.436477020000001,2831,2831,True,Guelma,10.1,51.0,2026-09-19T08:00,,,
460369716,school,CEM Abane Ramdane,,36.46604224,7.43984368,5096,5096,True,Guelma,10.1,51.0,2026-09-19T08:00,,,
460395033,school,,,36.4679133,7.450296888888889,3925,3925,True,Guelma,10.1,51.0,2026-09-19T08:00,,,
460400649,school,,,36.4688541,7.45642964,1767,1767,True,Guelma,10.1,51.0,2026-09-19T08:00,,,
460400650,school,,,36.46905082,7.4579177,1190,1190,True,Guelma,10.1,51.0,2026-09-19T08:00,,,
460733206,place_of_worship,,,36.40772526,5.94396138,402,402,True,Mila,10.5,52.0,2026-09-19T08:00,,,
460805269,school,CEM Oudhina Khaled,,36.68256188888889,7.716478633333334,3916,3916,True,Annaba,8.9,50.0,2026-09-19T08:00,,,
460805270,school,CEM Bouahi Salah,,36.68332493333334,7.724232455555556,2774,2774,True,Annaba,8.9,50.0,2026-09-19T08:00,,,
460806001,school,CEM Mâamri Ben Mâamar,,36.85962668333333,7.289573616666666,13051,13051,True,Skikda,8.0,44.0,2026-09-19T08:00,,,
461152963,school,Technicum Mouloud Mâameri Kherrata,,36.48878867058824,5.2708680647058825,10923,10923,True,Béjaïa,9.6,54.0,2026-09-19T08:00,,,
461376839,school,Ecole pour Enfants Handicapés Visuels,,36.1880463125,5.39477105,20000,20000,True,Sétif,9.6,55.0,2026-09-19T08:00,,,
461840155,health_facility,SALLE DE SOIN SBAIHI TORKI,,36.33304756,5.18443944,20,20,False,Sétif,10.1,55.0,2026-09-19T08:00,,,
461879031,place_of_worship,,,36.27099161666667,5.1252357,637,637,True,Sétif,9.9,54.0,2026-09-19T08:00,,,
462057990,school,ECOL GHOZLI RAMDANE,,36.25990525555555,5.197955811111111,580,580,True,Sétif,9.9,54.0,2026-09-19T08:00,,,
462295012,school,,,36.25486862,5.16621952,1100,1100,True,Sétif,9.9,54.0,2026-09-19T08:00,,,
462430563,school,,,36.62161608333333,5.171404125,2096,2096,True,Béjaïa,10.3,51.0,2026-09-19T08:00,,,
462635201,school,,,36.90166105,7.72698665,2265,2265,True,Annaba,8.3,42.0,2026-09-19T08:00,,,
462638612,school,Lycée Boutaba Bachir,,36.90400141538461,7.737093223076924,7665,7665,True,Annaba,8.3,42.0,2026-09-19T08:00,,,
462638613,school,CEM El Moukaouama,,36.90487124,7.73736806,4435,4435,True,Annaba,8.3,42.0,2026-09-19T08:00,,,
462638617,school,CEM le Pont Blanc,,36.90605618333333,7.7385545,4463,4463,True,Annaba,8.3,42.0,2026-09-19T08:00,,,
462638621,school,,,36.90596155,7.735967516666666,1802,1802,True,Annaba,8.3,42.0,2026-09-19T08:00,,,
462784858,school,متوسطة عثماني عبد القادر,متوسطة عثماني عبد القادر,36.06392302727273,4.631647136363636,3464,3464,True,Bordj Bou Arréridj,9.8,56.0,2026-09-19T08:00,,,
462784859,school,CEM Maiza Abderrahmane,,36.062980357142855,4.6206547,2679,2679,True,Bordj Bou Arréridj,9.8,56.0,2026-09-19T08:00,,,
462822293,school,مدرسة بودرواز,مدرسة بودرواز,36.07561213333334,4.762228288888888,2127,2127,True,Bordj Bou Arréridj,10.4,56.0,2026-09-19T08:00,,,
462827776,school,,,36.06149959,4.76637632,7669,7669,True,Bordj Bou Arréridj,10.4,56.0,2026-09-19T08:00,,,
462827785,school,Lycée de Toubou,,36.00770114,4.64399785,6546,6546,True,Bordj Bou Arréridj,9.8,56.0,2026-09-19T08:00,,,
462830343,school,,,36.00499751666667,4.6448426750000005,2316,2316,True,Bordj Bou Arréridj,9.8,56.0,2026-09-19T08:00,,,
462830344,school,,,36.004801844444444,4.645523811111112,3060,3060,True,Bordj Bou Arréridj,9.8,56.0,2026-09-19T08:00,,,
462929109,place_of_worship,Salle des ablutions,,36.19493831111111,5.428771955555556,176,176,True,Sétif,9.4,55.0,2026-09-19T08:00,,,
463300722,school,,,36.0239589,7.261042818181818,1324,1324,True,Oum El Bouaghi,8.1,52.0,2026-09-19T08:00,,,
463304963,school,,,36.01392396,7.19713376,1293,1293,True,Oum El Bouaghi,8.2,52.0,2026-09-19T08:00,,,
463337639,place_of_worship,Mosquée El Ghazali,,36.20414031666667,5.438770383333334,1350,1350,True,Sétif,9.2,55.0,2026-09-19T08:00,,,
463387071,place_of_worship,مسجد التوبة,مسجد التوبة,36.76242299285714,5.896659685714286,1128,1128,True,Jijel,10.6,48.0,2026-09-19T08:00,,,
463433058,school,إبتدائية هواين محمد,إبتدائية هواين محمد,36.7516340625,6.2755545875,906,906,True,Mila,8.8,50.0,2026-09-19T08:00,,,
463671213,school,,,36.20103135454545,5.4103513,1371,1371,True,Sétif,9.2,55.0,2026-09-19T08:00,,,
463879776,place_of_worship,,,36.88753616,8.43447082,1308,1308,True,El Tarf,9.3,46.0,2026-09-19T08:00,,,
463893424,school,CEM Ali Mendjeli,,36.237719275,6.5715020125,2801,2801,True,Constantine,9.6,53.0,2026-09-19T08:00,,,
463893427,school,,,36.23672923,6.560909529999999,4850,4850,True,Constantine,9.6,53.0,2026-09-19T08:00,,,
463902373,school,Ecole Ben Abdelmalek Ramdane,,36.25052696666666,6.58322305,1865,1865,True,Constantine,9.6,53.0,2026-09-19T08:00,,,
463910854,fire_station,Protection civile,الحماية المدنية,36.33025606,6.58916402,30,30,False,Constantine,10.5,53.0,2026-09-19T08:00,,,
464594567,school,مدرسة الشهيد بوتيقار أحمد ابن عمار,مدرسة الشهيد بوتيقار أحمد ابن عمار,36.7359564375,6.19280359375,2965,2965,True,Mila,8.2,49.0,2026-09-19T08:00,,,
467150564,place_of_worship,,,36.45760818,6.04611556,865,865,True,Mila,10.1,52.0,2026-09-19T08:00,,,
467713177,school,,,36.18380732222222,5.314865,2083,2083,True,Sétif,9.6,55.0,2026-09-19T08:00,,,
467829004,place_of_worship,Ben Amer,بن عامر,36.5743258,5.62003548,26,26,True,Jijel,9.1,51.0,2026-09-19T08:00,,,
467847040,place_of_worship,مسجد السيدة زينب,مسجد السيدة زينب,36.34567041666667,6.6064324,713,713,True,Constantine,8.4,54.0,2026-09-19T08:00,,,
468146106,place_of_worship,Mosquée Okba Ibn Nafaa,,36.26105596666666,6.693284266666667,4746,4746,True,Constantine,9.6,53.0,2026-09-19T08:00,,,
468566945,school,مدرسة غضبان لخميسي,مدرسة غضبان لخميسي,36.256199128571424,6.699119214285714,3447,3447,True,Constantine,9.6,53.0,2026-09-19T08:00,,,
469409330,school,Technicum,,36.25211017777778,6.708573733333334,15397,15397,True,Constantine,9.0,52.0,2026-09-19T08:00,,,
469492774,school,CEM 8 Mai 1945,,36.17987356666666,5.415642844444445,8081,8081,True,Sétif,9.4,55.0,2026-09-19T08:00,,,
469563552,school,Ecole Mohamed Tahar Fergani,مدرسة فرقاني محمد الطاهر,36.25469402222222,6.7177016,1878,1878,True,Constantine,9.0,52.0,2026-09-19T08:00,,,
469679533,school,,,36.11778274,6.3590821,3685,3685,True,Constantine,7.8,54.0,2026-09-19T08:00,,,
469734344,place_of_worship,,,36.45661864,7.2773591,1512,1512,True,Guelma,9.3,51.0,2026-09-19T08:00,,,
469798451,place_of_worship,مسجد جابر ابن عبد الله,جابر ابن عبد الله,36.26716482,6.5802831600000005,1529,1529,True,Constantine,9.6,53.0,2026-09-19T08:00,,,
469905168,school,مدرسة إبتدائية زواتين,مدرسة إبتدائية زواتين,36.39068906666667,6.6423548,2624,2624,True,Constantine,8.4,54.0,2026-09-19T08:00,,,
469954718,place_of_worship,,,36.48183396,6.1080531,320,320,True,Mila,10.9,53.0,2026-09-19T08:00,,,
469971139,place_of_worship,,,36.30452572,6.01771084,217,217,True,Mila,9.4,52.0,2026-09-19T08:00,,,
470215371,place_of_worship,Mosquée Trouna مسجد ترونة,مسجد ترونة,36.3719411,5.16883416,294,294,True,Sétif,10.1,55.0,2026-09-19T08:00,,,
470341075,place_of_worship,مسجد مالك بن نبي,مسجد مالك بن نبي,36.72770822,5.8811506,422,422,True,Jijel,10.6,48.0,2026-09-19T08:00,,,
470341078,health_facility,,,36.72698939090909,5.881834790909091,100,100,False,Jijel,10.6,48.0,2026-09-19T08:00,,,
472245268,health_facility,,,36.68246176363636,4.8451935,20,20,False,Béjaïa,12.6,52.0,2026-09-19T08:00,,,
472245269,health_facility,,,36.68270321428572,4.845112,20,20,False,Béjaïa,12.6,52.0,2026-09-19T08:00,,,
472331149,school,Lycée Letrech Hessen,,36.94461048,6.60013758,4493,4493,True,Skikda,8.7,42.0,2026-09-19T08:00,,,
472354357,school,École Makhlouf Boukhzar,,36.2647854,6.57251425,1067,1067,True,Constantine,9.6,53.0,2026-09-19T08:00,,,
472354358,school,CEM Minaifi El Haouasse,,36.26658973333333,6.577701344444445,3625,3625,True,Constantine,9.6,53.0,2026-09-19T08:00,,,
473590824,school,Ecole Allali Tahar,,36.36889874,5.17095846,738,738,True,Sétif,10.1,55.0,2026-09-19T08:00,,,
473600846,school,Lycée de Beni Hamidene,,36.50863057142857,6.555058919047618,8754,8754,True,Constantine,9.4,52.0,2026-09-19T08:00,,,
473600847,school,CEM Boudehane Abdallahe,,36.414743175,7.284094775,2883,2883,True,Guelma,9.3,51.0,2026-09-19T08:00,,,
473600848,school,Lycée de Belkheir,,36.46522576153846,7.471714830769231,11546,11546,True,Guelma,10.1,51.0,2026-09-19T08:00,,,
473600850,school,CEM Houari Boumediene,,36.464731885714286,7.483008028571429,8662,8662,True,Guelma,10.1,51.0,2026-09-19T08:00,,,
473600852,health_facility,Polyclinique de Belkheir,,36.4612644,7.478590571428571,20,20,False,Guelma,10.1,51.0,2026-09-19T08:00,,,
473620152,health_facility,centre medical,,36.2622991,5.716146611111111,100,100,False,Sétif,8.6,54.0,2026-09-19T08:00,,,
473662761,school,Lycée Timezrit (Benhaddad),,36.63098230909091,4.778630263636364,9662,9662,True,Béjaïa,11.7,51.0,2026-09-19T08:00,,,
473662762,school,C.E.M Ideraken,,36.63100431875,4.77780473125,3142,3142,True,Béjaïa,11.7,51.0,2026-09-19T08:00,,,
473824713,school,,,36.29099664615384,7.980312953846154,9532,9532,True,Souk Ahras,8.5,51.0,2026-09-19T08:00,,,
473839236,school,CEM Salmi Belkacem,,36.171660515384616,8.04273756153846,4406,4406,True,Souk Ahras,9.6,51.0,2026-09-19T08:00,,,
473839237,school,Lycée Sahraoui Zeghalmi,,36.17083764545455,8.041993781818181,9534,9534,True,Souk Ahras,9.6,51.0,2026-09-19T08:00,,,
473839238,health_facility,Hôpital de Taoura,,36.16879086875,8.03474538125,100,100,False,Souk Ahras,9.6,51.0,2026-09-19T08:00,,,
473839739,school,,,36.15988016363636,8.04372109090909,11842,11842,True,Souk Ahras,9.6,51.0,2026-09-19T08:00,,,
474162414,place_of_worship,,,36.45905771428572,6.037249185714286,640,640,True,Mila,10.1,52.0,2026-09-19T08:00,,,
474162415,place_of_worship,Mosquée EL EMIR ABDELKADER,,36.45869724285714,6.0370845285714285,1382,1382,True,Mila,10.1,52.0,2026-09-19T08:00,,,
475311580,school,École des cadets de la nation,مدرسة أشبال الأمة,36.74622583333333,5.062867766666667,20000,20000,True,Béjaïa,10.8,48.0,2026-09-19T08:00,,,
475908965,school,متوسطة عميرة موسى,متوسطة عميرة موسى,36.811097100000005,5.749845505263158,5449,5449,True,Jijel,11.9,50.0,2026-09-19T08:00,,,
475911624,school,المدرسة الإبتدائية نغيز السبتي,المدرسة الإبتدائية نغيز السبتي,36.809517588888895,5.752096966666667,2600,2600,True,Jijel,11.9,50.0,2026-09-19T08:00,,,
476420298,place_of_worship,Masjid Omar Ibn Abdelaziz,,36.65306584,6.84139204,1285,1285,True,Skikda,9.1,50.0,2026-09-19T08:00,,,
476658731,place_of_worship,,,36.55837242,4.792838000000001,239,239,True,Béjaïa,13.7,53.0,2026-09-19T08:00,,,
476658748,place_of_worship,,,36.55493106,4.80813854,166,166,True,Béjaïa,12.8,53.0,2026-09-19T08:00,,,
476659069,place_of_worship,,,36.5652593,4.81202424,100,100,True,Béjaïa,12.8,53.0,2026-09-19T08:00,,,
476662159,place_of_worship,,,36.40699510909091,4.656561681818181,808,808,True,Bordj Bou Arréridj,14.4,54.0,2026-09-19T08:00,,,
476994487,place_of_worship,Mosquée Abou Bakr Essedik,,36.37029156153846,5.503717638461539,884,884,True,Sétif,9.1,54.0,2026-09-19T08:00,,,
477146773,school,,,36.33953224,5.45720302,134,134,True,Sétif,9.6,55.0,2026-09-19T08:00,,,
477325464,health_facility,Hôpital Ben Merad El Meki,مستشفى بن مَرّاد المَكِّي,36.64119593478261,4.894517052173913,100,100,False,Béjaïa,12.6,52.0,2026-09-19T08:00,,,
477333149,place_of_worship,مسجد بلال بن رباح,مسجد بلال بن رباح,36.57070238,6.340851519999999,750,750,True,Mila,10.8,52.0,2026-09-19T08:00,,,
477855319,place_of_worship,مسجد مقبرة جبل الوحش,مسجد مقبرة جبل الوحش,36.39596492,6.661660240000001,366,366,True,Constantine,8.4,54.0,2026-09-19T08:00,,,
478319866,health_facility,Nouvel Hôpital de Guelma,,36.451443225,7.4426862875,100,100,False,Guelma,10.1,51.0,2026-09-19T08:00,,,
478348130,school,Technicum Ahmed Reda Houhou,,36.8340798375,7.463258875,14001,14001,True,Annaba,9.2,43.0,2026-09-19T08:00,,,
478509832,school,École primaire El Bassair,,36.80933712,7.74015114,2966,2966,True,Annaba,9.9,48.0,2026-09-19T08:00,,,
479131018,school,,,36.39370573333333,5.936661633333333,2726,2726,True,Mila,8.8,52.0,2026-09-19T08:00,,,
479162204,school,,,36.39171591666667,5.927398966666668,1038,1038,True,Mila,8.8,52.0,2026-09-19T08:00,,,
479308910,school,,,36.078212840000006,4.66828984,1698,1698,True,Bordj Bou Arréridj,9.8,56.0,2026-09-19T08:00,,,
480038723,school,متوسطة محمد بوضياف,,36.13351155,5.84480425,1986,1986,True,Sétif,8.3,54.0,2026-09-19T08:00,,,
480295550,place_of_worship,,,36.9319104875,7.7597674125,533,533,True,Annaba,8.3,42.0,2026-09-19T08:00,,,
480691701,school,,,36.12807676,6.783725453333333,4283,4283,True,Constantine,8.6,52.0,2026-09-19T08:00,,,
481088223,school,,,36.44336932,4.86005666,1941,1941,True,Béjaïa,11.1,54.0,2026-09-19T08:00,,,
482261868,school,Lycée Berchiche,,36.68362224,4.86156516,4868,4868,True,Béjaïa,12.6,52.0,2026-09-19T08:00,,,
482891980,place_of_worship,,,36.444161814285714,5.895478885714286,396,396,True,Mila,10.0,51.0,2026-09-19T08:00,,,
482894074,place_of_worship,,,36.541564,5.93503188,211,211,True,Mila,9.4,51.0,2026-09-19T08:00,,,
482894340,place_of_worship,,,36.54237842,5.86818672,377,377,True,Jijel,10.1,51.0,2026-09-19T08:00,,,
485300447,school,,,36.68463915,4.85771965,2695,2695,True,Béjaïa,12.6,52.0,2026-09-19T08:00,,,
485300448,school,,,36.68594754,4.858574,1850,1850,True,Béjaïa,12.6,52.0,2026-09-19T08:00,,,
485636408,school,,,36.21421965,5.381704,1160,1160,True,Sétif,9.4,55.0,2026-09-19T08:00,,,
485833170,school,Lycée Soumani Mahmoud,,36.48504923888888,5.276132872222222,14617,14617,True,Sétif,9.6,54.0,2026-09-19T08:00,,,
485834059,school,Ecole moyenne Bel Air,,36.483360575,5.2761017625,1706,1706,True,Sétif,9.6,54.0,2026-09-19T08:00,,,
485960227,school,,,36.14023762,5.228225279999999,1068,1068,True,Sétif,9.8,55.0,2026-09-19T08:00,,,
486117514,school,Primaire Abainou 02,,36.61651355714286,4.7390134,185,185,True,Béjaïa,11.7,51.0,2026-09-19T08:00,,,
486117518,health_facility,Centre de Santé Abainou,,36.616759,4.740267579999999,20,20,False,Béjaïa,11.7,51.0,2026-09-19T08:00,,,
490288282,school,,,36.1783465,5.5503265200000005,326,326,True,Sétif,8.7,55.0,2026-09-19T08:00,,,
490300081,school,,,36.17873186,5.50116106,4450,4450,True,Sétif,8.7,55.0,2026-09-19T08:00,,,
491776325,school,Lycée - CEM,,36.68474315555555,6.3598459,2852,2852,True,Mila,9.2,51.0,2026-09-19T08:00,,,
491776576,school,Primary School 01,,36.6851862,6.358743233333333,644,644,True,Mila,9.2,51.0,2026-09-19T08:00,,,
491898294,health_facility,dispensary,,36.68324673333333,6.359137133333333,20,20,False,Mila,9.2,51.0,2026-09-19T08:00,,,
491898515,place_of_worship,مسجد برج علي,مسجد برج علي,36.683845621428574,6.358671785714286,761,761,True,Mila,9.2,51.0,2026-09-19T08:00,,,
491913909,place_of_worship,,,36.6738562,6.35410978,829,829,True,Mila,9.2,51.0,2026-09-19T08:00,,,
491914470,health_facility,Dispensery,,36.6739315,6.3519058600000005,20,20,False,Mila,9.2,51.0,2026-09-19T08:00,,,
492562679,place_of_worship,,,36.22718608181818,5.394566027272727,934,934,True,Sétif,9.4,55.0,2026-09-19T08:00,,,
492562680,place_of_worship,,,36.2272925,5.394427666666666,405,405,True,Sétif,,,,,,
496895526,school,المدرسة الابتدائية مولود فرعون,,36.467137814285714,7.433576671428571,401,401,True,Guelma,,,,,,
496895527,school,المدرسة الابتدائية عائشة أم المؤمنين,المدرسة الابتدائية عائشة أم المؤمنين,36.46490638,7.4378652,401,401,True,Guelma,,,,,,
498249869,school,مدرسة ابتدائية فاطمة لوصيف,مدرسة ابتدائية فاطمة لوصيف,36.37318924,6.62152554,464,464,True,Constantine,,,,,,
503444345,place_of_worship,Sidi Yahia el Aïdli,,36.41103226,4.5873709,51,51,True,Bordj Bou Arréridj,,,,,,
507400270,school,,,36.876688783333336,7.009514083333333,1827,1827,True,Skikda,,,,,,
507400272,school,,,36.874685684615386,7.011410730769232,2845,2845,True,Skikda,,,,,,
509463876,place_of_worship,,,36.3593357,4.93275966,140,140,True,Bordj Bou Arréridj,,,,,,
509647235,health_facility,,,36.34620938,5.18933572,20,20,False,Sétif,,,,,,
509687597,school,Ecole primaire,,36.86048218333333,7.516281466666666,2819,2819,True,Annaba,,,,,,
509687598,school,CEM,,36.860018700000005,7.5171233428571425,2151,2151,True,Annaba,,,,,,
510141375,school,CEM Ikhlef Belkacem,متوسطة بلقاسم يخلف,36.33785437142857,5.179112614285714,5098,5098,True,Sétif,,,,,,
510577792,school,متوسطة الإخوة بو سالم,متوسطة الإخوة بو سالم,36.3523766,6.6391875,2375,2375,True,Constantine,,,,,,
510668396,place_of_worship,مسجد في طور الإنجاز,,36.88111986,7.4843679,1053,1053,True,Annaba,,,,,,
511149974,school,,,36.09205148,5.8548969,1506,1506,True,Sétif,,,,,,
511151940,place_of_worship,,,36.09857118,5.84965926,577,577,True,Sétif,,,,,,
512925589,school,,,36.5367517,4.60642952,136,136,True,Béjaïa,,,,,,
512925590,school,,,36.53653154,4.60646708,87,87,True,Béjaïa,,,,,,
512926436,school,,,36.51728258,4.58935688,143,143,True,Béjaïa,,,,,,
512926437,school,,,36.516969825,4.589405825,118,118,True,Béjaïa,,,,,,
512926438,school,,,36.5170009,4.589161,139,139,True,Béjaïa,,,,,,
512926439,school,,,36.51723362,4.58903736,51,51,True,Béjaïa,,,,,,
512956719,school,CEM Bouhlass Messaoud;متوسطة بوحلاس مسعود,متوسطة بوحلاس مسعود,36.79841275,5.84161156,1778,1778,True,Jijel,,,,,,
512956720,school,CEM Zidane Salah Ben M'barek;متوسطة زيدان صالح بن مبارك,متوسطة زيدان صالح بن مبارك,36.797754038461534,5.840819353846154,5216,5216,True,Jijel,,,,,,
517196000,school,,,36.1143365,5.6701038,4307,4307,True,Sétif,,,,,,
517196003,school,,,36.1153226875,5.672373325,1075,1075,True,Sétif,,,,,,
517196011,school,,,36.1213618,5.674056139999999,1465,1465,True,Sétif,,,,,,
517203332,place_of_worship,,,36.377899157142856,5.6511967,493,493,True,Sétif,,,,,,
517203334,school,,,36.37709663333333,5.65144296,1199,1199,True,Sétif,,,,,,
517782152,school,,,36.42328469090909,5.644719518181819,1339,1339,True,Sétif,,,,,,
517877876,place_of_worship,,,36.488734275,5.6850268875,2525,2525,True,Jijel,,,,,,
517877878,school,,,36.48907256666667,5.6861694,2545,2545,True,Jijel,,,,,,
517895093,school,,,36.369811125,5.50880545,1902,1902,True,Sétif,,,,,,
517898155,school,,,36.3712189,5.514906583333333,1940,1940,True,Sétif,,,,,,
517898168,school,,,36.370998396,5.513859672,10103,10103,True,Sétif,,,,,,
517901473,health_facility,,,36.36645147692308,5.504223261538462,20,20,False,Sétif,,,,,,
517901475,school,CEM Bourbachi el Arbi,,36.36660254285714,5.506195571428571,8063,8063,True,Sétif,,,,,,
517906582,school,Lycée Maazou Said,,36.37579749444444,5.509385638888889,20000,20000,True,Sétif,,,,,,
517910360,school,Ecole Medjdoub Ezzeroug,,36.36572102307692,5.502443415384615,1127,1127,True,Sétif,,,,,,
517910379,school,Ecole Moubati el Kheir,,36.366093778947366,5.502622015789473,2074,2074,True,Sétif,,,,,,
517916810,health_facility,Hopital Cheghoub Abdellah,,36.365549175,5.496668466666667,100,100,False,Sétif,,,,,,
517916824,school,Ecole Wadfel Rebiha,,36.36436598571429,5.500652214285714,1108,1108,True,Sétif,,,,,,
517925530,school,,,36.34564028181818,5.483971436363636,1822,1822,True,Sétif,,,,,,
517925536,school,ابتدائية روازقي لحسن,,36.34312436363636,5.488040727272727,2240,2240,True,Sétif,,,,,,
517978851,school,,,36.3516720125,5.493010075,1453,1453,True,Sétif,,,,,,
517982029,school,,,36.38332369166667,5.590755458333334,2802,2802,True,Sétif,,,,,,
517982030,school,,,36.38181547272728,5.5972687,1739,1739,True,Sétif,,,,,,
517983999,school,,,36.38354510384615,5.592280415384615,2286,2286,True,Sétif,,,,,,
517995694,school,,,36.39160805,5.71094585,4772,4772,True,Sétif,,,,,,
518000059,school,,,36.3434461,5.74016164,1413,1413,True,Sétif,,,,,,
518014348,school,ثانوية صافي الدين قدور,,36.34047853333333,5.45733494,5086,5086,True,Sétif,,,,,,
518075049,health_facility,,,36.29943244,5.389889940000001,20,20,False,Sétif,,,,,,
518075050,school,Ecole Nehaoua Laid,مدرسة نحاوة العيد,36.29982571666667,5.389927983333333,1069,1069,True,Sétif,,,,,,
518669765,school,,,36.4861728,5.2956769,1288,1288,True,Sétif,,,,,,
518681174,school,,,36.4750688,5.308169433333333,1211,1211,True,Sétif,,,,,,
518685086,school,,,36.49594256428572,5.293892014285714,1905,1905,True,Béjaïa,,,,,,
520594184,place_of_worship,El Jama3 Awessae,,36.37172714,4.5013612,136,136,True,Bordj Bou Arréridj,,,,,,
521350660,school,École primaire Chahid Boucherba Slimane,المدرسة الإبتدائية الشهيد بوشربة سليمان,36.73791584,5.064801853333334,660,660,True,Béjaïa,,,,,,
522894767,school,Lycée,مدرسة ثانوية,36.76468341538461,8.320658538461538,7685,7685,True,El Tarf,,,,,,
523967960,school,École Ibn Toumert,,36.754291025,5.0873840625,1111,1111,True,Béjaïa,,,,,,
523968017,school,Collège Ibn Haddad,,36.75357503333333,5.08499905,697,697,True,Béjaïa,,,,,,
524157432,school,Lycée El Houria,مدرسة الحرية الثانوية,36.75509942727273,5.084431527272727,976,976,True,Béjaïa,,,,,,
531481535,fire_station,Unité de protection civile,الحماية المدنية,36.12299136666667,5.978341183333334,30,30,False,Mila,,,,,,
533253714,place_of_worship,Bab El Awrass Mosque,مسجد باب الآوراس,36.88090434,6.90103814,1071,1071,True,Skikda,,,,,,
533257567,place_of_worship,Masjid El-Nasr,مسجد النصر,36.87668798333333,6.89038785,1422,1422,True,Skikda,,,,,,
533257568,place_of_worship,مسجد الشهداء,مسجد الشهداء,36.88438763333333,6.900443133333333,501,501,True,Skikda,,,,,,
533257569,place_of_worship,مسجد سيدي آحمد - Sidi Ahmed mosque,,36.8727447,6.87446896,1109,1109,True,Skikda,,,,,,
533257572,school,مدرسة الغزالي - École El Ghazali,,36.88086834,6.90495556,625,625,True,Skikda,,,,,,
533257573,school,مدرسة آحمد موات - Ahmed Mouat school,,36.8826565,6.9021315,630,630,True,Skikda,,,,,,
533258688,place_of_worship,,,36.88215658,6.90462002,247,247,True,Skikda,,,,,,
536462954,school,متوسطة,متوسطة,36.2561741375,6.589752025,2948,2948,True,Constantine,,,,,,
536495265,fire_station,Protection civile,الحماية المدنية,36.25053342,6.59190184,30,30,False,Constantine,,,,,,
538378594,school,,,36.255346288235295,6.5922441,1471,1471,True,Constantine,,,,,,
545534168,school,Abu Bakr El-Khwarizmi Middle School,متوسطة أبي بكر الخوارزمي,36.15502931,5.70326437,2953,2953,True,Sétif,,,,,,
545537189,school,Baabouche Mohamed Elementary School,إبتدائية بعبوش محمد,36.1563393,5.70433078,1390,1390,True,Sétif,,,,,,
545538465,school,Denfir El-Zaidi Elementary School,إبتدائية دنفير الزايدي,36.15701046,5.7094232400000005,1338,1338,True,Sétif,,,,,,
546675467,place_of_worship,Mosquée Othman ibn Affan,مسجد عثمان بن عفان,36.15333502,5.69904204,1146,1146,True,Sétif,,,,,,
546680342,place_of_worship,,,36.15076123636364,5.703990563636364,1396,1396,True,Sétif,,,,,,
546681996,school,Hameche Mbarek Elementary School,إبتدائية حماش مبارك,36.14767008333333,5.700106600000001,757,757,True,Sétif,,,,,,
547524015,school,متوسطة حسان بن عطية,متوسطة حسان بن عطية,36.25189615,6.584928725,2249,2249,True,Constantine,,,,,,
548708718,school,,,36.28885855,7.959622090000001,5083,5083,True,Souk Ahras,,,,,,
549231463,place_of_worship,,,36.66143778333333,4.91483285,226,226,True,Béjaïa,,,,,,
549440526,school,École primaire Bouker,إبتدائية بوكر,36.65171272,4.9082764,1079,1079,True,Béjaïa,,,,,,
550273446,school,,,36.11832932,5.528142166666667,903,903,True,Sétif,,,,,,
557408942,place_of_worship,مسجد بلال بن رباح,,36.45222596,7.42412092,1561,1561,True,Guelma,,,,,,
557739152,school,المدرسة الإبتدائية علي منجلي 16,المدرسة الإبتدائية علي منجلي 16,36.26259069285714,6.588594564285715,1927,1927,True,Constantine,,,,,,
559775255,place_of_worship,,,36.508414720000005,7.3990925,709,709,True,Guelma,,,,,,
560572556,school,ecole مدرسةفوضيلي الربيعي,ecole مدرسةفوضيلي الربيعي,36.0007393,7.07777868,673,673,True,Oum El Bouaghi,,,,,,
560574884,school,متوسطة شريط بلخير,متوسطة شريط بلخير,36.08346819166667,7.263467025,10744,10744,True,Oum El Bouaghi,,,,,,
560576269,school,CEM متوسطة بلخرشوش فرحات,CEM متوسطة بلخرشوش فرحات,36.08475131,7.253407174999999,2567,2567,True,Oum El Bouaghi,,,,,,
560708562,place_of_worship,,,36.22877698,7.13704382,868,868,True,Guelma,,,,,,
562493586,place_of_worship,,,36.476501425,5.997860925,521,521,True,Mila,,,,,,
562493720,place_of_worship,مدرسة قرانية,مدرسة قرانية,36.47679111428572,5.998191214285714,243,243,True,Mila,,,,,,
562494005,school,متوسطة معركة انغامش,متوسطة معركة انغامش,36.47483695909091,5.997731318181818,2021,2021,True,Mila,,,,,,
562499490,health_facility,Clinique GUTIREZE Mustafa,,36.47529061428572,5.997905685714286,20,20,False,Mila,,,,,,
562503249,school,مدرسة الإخوة طوبال,مدرسة الإخوة طوبال,36.47223925833333,6.018298949999999,834,834,True,Mila,,,,,,
562522157,school,Primaire Zarouki smail,,36.4722684,5.971617928571428,1111,1111,True,Mila,,,,,,
562526741,place_of_worship,,,36.4830064125,5.972643675,255,255,True,Mila,,,,,,
562527576,place_of_worship,,,36.48664718571428,5.989975214285714,390,390,True,Mila,,,,,,
563046232,place_of_worship,,,36.47144292,6.0171816,505,505,True,Mila,,,,,,
565900918,school,Ibn Abi Chaneb Elementary School,إبتدائية ابن أبي شنب,36.14483214,5.69492042,860,860,True,Sétif,8.6,55.0,2026-09-19T08:00,,,
568384754,school,,,36.05962986666667,4.6284045,2963,2963,True,Bordj Bou Arréridj,9.8,56.0,2026-09-19T08:00,,,
568791452,fire_station,Unité principale de la protection civile,الوحدة الرئيسية للحماية المدنية,36.802428,5.750249153846154,30,30,False,Jijel,11.9,50.0,2026-09-19T08:00,,,
569325575,health_facility,Centre de dialyse,مركز تصفية الكلى,36.0769183,7.83070125,20,20,False,Souk Ahras,8.7,51.0,2026-09-19T08:00,,,
570472634,school,,,36.00609038,4.656392,1423,1423,True,Bordj Bou Arréridj,9.8,56.0,2026-09-19T08:00,,,
570745167,school,Djeffal Houcine High School,ثانوية جفال حسين,36.14264138,5.706455780000001,3851,3851,True,Sétif,8.3,54.0,2026-09-19T08:00,,,
570971545,school,Lycée Bachir El Ibrahimi,,36.197701395652174,5.512828013043478,5786,5786,True,Sétif,8.7,55.0,2026-09-19T08:00,,,
570971548,school,École primaire Kounfouah Ahmed,,36.197594925,5.513917125,1018,1018,True,Sétif,8.7,55.0,2026-09-19T08:00,,,
570977315,health_facility,Hôpital psychiatrique مستشفى الأمراض العقلية,مستشفى الأمراض العقلية,36.25007936363637,6.288587427272727,100,100,False,Mila,8.4,52.0,2026-09-19T08:00,,,
571027377,school,مدرسة ثانوية,مدرسة ثانوية,36.65978723333333,8.373714711111111,4700,4700,True,El Tarf,8.4,49.0,2026-09-19T08:00,,,
571027383,school,مدرسة متوسطة,مدرسة متوسطة,36.65545092,8.369677759999998,2442,2442,True,El Tarf,8.4,49.0,2026-09-19T08:00,,,
571033837,health_facility,Centre de protection maternelle et infantile algerie,,36.76327083333333,8.3209941,20,20,False,El Tarf,7.8,48.0,2026-09-19T08:00,,,
572805375,school,École privée Les Iris,مدرسة خاصة إيريس,36.74742374,5.0528907,1074,1074,True,Béjaïa,10.8,48.0,2026-09-19T08:00,,,
574849508,school,CEM Boulfiza Aissa,متوسطة بو لفيزة عيسى,36.28291932222223,5.615202444444445,20000,20000,True,Sétif,8.9,54.0,2026-09-19T08:00,,,
575236474,school,مدرسة فنطازي محمد,مدرسة فنطازي محمد,36.04732302,7.220624000000001,1568,1568,True,Oum El Bouaghi,8.1,52.0,2026-09-19T08:00,,,
575238377,school,متوسطة مرزقان محمد,متوسطة مرزقان محمد,36.07816518,7.25789522,3237,3237,True,Oum El Bouaghi,8.1,52.0,2026-09-19T08:00,,,
575238889,fire_station,الحماية المدنية,الحماية المدنية,36.0780913,7.256754459999999,30,30,False,Oum El Bouaghi,8.1,52.0,2026-09-19T08:00,,,
575238890,school,ثانوية هادي محمود,ثانوية هادي محمود,36.07834047142857,7.2553493428571425,8103,8103,True,Oum El Bouaghi,8.1,52.0,2026-09-19T08:00,,,
575239104,school,ثانوية الشيخ شرفي محمد الهادي,ثانوية الشيخ شرفي محمد الهادي,36.08058118333333,7.262929533333334,7403,7403,True,Oum El Bouaghi,8.1,52.0,2026-09-19T08:00,,,
575241216,school,مدرسة مسعودي عباس,مدرسة مسعودي عباس,36.08331564,7.26069416,1210,1210,True,Oum El Bouaghi,8.1,52.0,2026-09-19T08:00,,,
575242378,school,مدرسة قروف عيسى,مدرسة قروف عيسى,36.08184325714286,7.258046042857143,1753,1753,True,Oum El Bouaghi,8.1,52.0,2026-09-19T08:00,,,
575243152,school,مدرسة النهضة / العلامة مسعودي,مدرسة النهضة / العلامة مسعودي,36.08349246,7.25698412,563,563,True,Oum El Bouaghi,8.1,52.0,2026-09-19T08:00,,,
575244707,school,مدرسة 12 شهيد,مدرسة 12 شهيد,36.08590769090909,7.260536272727273,2009,2009,True,Oum El Bouaghi,8.1,52.0,2026-09-19T08:00,,,
575737406,health_facility,العيادة متعددة الخدمات بلخرشوش ساعد,,36.08657551428571,7.2597118,20,20,False,Oum El Bouaghi,8.1,52.0,2026-09-19T08:00,,,
575738144,school,ecole مدرسة محند الحاج عبد الكريم,ecole مدرسة محند الحاج عبد الكريم,36.07920146,7.26033178,2198,2198,True,Oum El Bouaghi,8.1,52.0,2026-09-19T08:00,,,
576643822,place_of_worship,,,36.32551572222222,4.875121533333333,244,244,True,Bordj Bou Arréridj,11.1,55.0,2026-09-19T08:00,,,
579403628,health_facility,EPSP,,36.13757886,4.67049564,20,20,False,Bordj Bou Arréridj,9.8,55.0,2026-09-19T08:00,,,
582347103,school,,,36.0039857,6.777415033333333,1154,1154,True,Oum El Bouaghi,8.1,51.0,2026-09-19T08:00,,,
583361064,school,Al-Arabi Benmehidi High School,ثانوية العربي بن مهيدي,36.14949561428572,5.694484457142857,3540,3540,True,Sétif,8.6,55.0,2026-09-19T08:00,,,
583821828,school,مدرسة حمايزية الصديق,,36.0339937,7.00377462,3248,3248,True,Oum El Bouaghi,8.4,52.0,2026-09-19T08:00,,,
583821829,school,,,36.10355244545455,6.937324190909092,2203,2203,True,Oum El Bouaghi,8.6,51.0,2026-09-19T08:00,,,
584005108,school,,,36.08975538,7.111239039999999,2623,2623,True,Oum El Bouaghi,8.2,52.0,2026-09-19T08:00,,,
584011325,school,,,36.09613036,6.97196366,810,810,True,Oum El Bouaghi,8.2,51.0,2026-09-19T08:00,,,
584019056,fire_station,,,36.10448273333333,6.800053066666667,30,30,False,Constantine,8.6,51.0,2026-09-19T08:00,,,
584252959,school,,,36.27561038333334,5.433500116666667,1515,1515,True,Sétif,9.2,55.0,2026-09-19T08:00,,,
584739849,place_of_worship,مسجد الإيمان,مسجد الإيمان,36.4545493,7.439579885714286,1051,1051,True,Guelma,10.1,51.0,2026-09-19T08:00,,,
584747823,school,,,36.06824348,6.814830840000001,1385,1385,True,Oum El Bouaghi,8.2,51.0,2026-09-19T08:00,,,
586105016,school,,,36.14751331666667,5.3267518166666665,2496,2496,True,Sétif,9.6,55.0,2026-09-19T08:00,,,
586105018,school,,,36.14832621666667,5.328032583333333,4232,4232,True,Sétif,9.6,55.0,2026-09-19T08:00,,,
586110170,school,INSFP,للمعهد الوطني المتخصص في التكوين المهني,36.18893861363636,5.3347166681818186,11584,11584,True,Sétif,9.6,55.0,2026-09-19T08:00,,,
586110171,fire_station,,,36.18885972,5.33286001,30,30,False,Sétif,9.6,55.0,2026-09-19T08:00,,,
586979476,school,Lycée El Bez الثانوية الرياضية الباز,الثانوية الرياضية الباز,36.203027955,5.37353746,13818,13818,True,Sétif,9.4,55.0,2026-09-19T08:00,,,
587282401,school,Lycée Kateb Yacine,ثانوية كاتب ياسين,36.18887553846154,5.4425718846153845,5311,5311,True,Sétif,9.4,55.0,2026-09-19T08:00,,,
587282402,school,CEM Zeroual Rabah,متوسطة زروال رابح,36.18908806363636,5.443886727272727,1758,1758,True,Sétif,9.4,55.0,2026-09-19T08:00,,,
587282403,school,,,36.18909154,5.44320944,1915,1915,True,Sétif,9.4,55.0,2026-09-19T08:00,,,
587304779,school,Mohamed El-aid aal Khalifa Middle School,متوسطة محمد العيد آل خليفة,36.16408424,5.694027520000001,1046,1046,True,Sétif,8.6,55.0,2026-09-19T08:00,,,
587305765,school,Ahmed Dhuibi Elementary School,إبتدائية أحمد ذويبي,36.16437658,5.69184046,933,933,True,Sétif,8.6,55.0,2026-09-19T08:00,,,
587317348,school,Chenafi Mohamed Elementary School,إبتدائية شنافي محمد,36.15642333333333,5.690990666666667,3264,3264,True,Sétif,8.6,55.0,2026-09-19T08:00,,,
587319782,school,Okba ibn-Nafae Elementary School,إبتدائية عقبة بن نافع,36.15521078,5.68898176,3140,3140,True,Sétif,8.6,55.0,2026-09-19T08:00,,,
587320297,school,Amina bent-Wahb Middle School,متوسطة آمنة بنت وهب,36.15528304,5.6879764,4943,4943,True,Sétif,8.6,55.0,2026-09-19T08:00,,,
587321062,school,Baaziz Brothers Middle School,متوسطة الإخوة بعزيز,36.15555384,5.68363084,1723,1723,True,Sétif,8.6,55.0,2026-09-19T08:00,,,
590972035,place_of_worship,,,36.13637542,4.67407484,4002,4002,True,Bordj Bou Arréridj,9.8,55.0,2026-09-19T08:00,,,
591852508,place_of_worship,,,36.31938828,4.83668308,280,280,True,Bordj Bou Arréridj,11.1,55.0,2026-09-19T08:00,,,
592104424,place_of_worship,,,36.1307417,4.66468884,906,906,True,Bordj Bou Arréridj,9.8,55.0,2026-09-19T08:00,,,
592157758,place_of_worship,,,36.26944302,4.70621088,197,197,True,Bordj Bou Arréridj,11.1,55.0,2026-09-19T08:00,,,
597439988,place_of_worship,,,36.2416026,4.594290819999999,193,193,True,Bordj Bou Arréridj,11.2,55.0,2026-09-19T08:00,,,
601325693,school,CEM,,36.17430327777778,6.392336733333334,4121,4121,True,Constantine,7.8,54.0,2026-09-19T08:00,,,
601333012,school,Lycée Ati Abdelhafid متقنة عاتي عبد الحفيظ,متقنة عاتي عبد الحفيظ,36.2509178,6.278836511764705,10896,10896,True,Mila,8.4,52.0,2026-09-19T08:00,,,
601333015,school,Nouveau CEM المتوسطة الجديدة,المتوسطة الجديدة,36.25167274166667,6.27817945,3427,3427,True,Mila,8.4,52.0,2026-09-19T08:00,,,
601333017,school,CEM Beghidja Ahmed,متوسطة بغيجة أحمد,36.25037749333333,6.28406642,7509,7509,True,Mila,8.4,52.0,2026-09-19T08:00,,,
601333018,fire_station,المحطة الرئيسية للحماية المدنية,المحطة الرئيسية للحماية المدنية,36.24935641111111,6.282935144444445,30,30,False,Mila,8.4,52.0,2026-09-19T08:00,,,
603527942,place_of_worship,,,36.092475975,7.1171085375,2509,2509,True,Oum El Bouaghi,8.2,52.0,2026-09-19T08:00,,,
603983281,school,متوسطة الحسين الورثلاني,متوسطة الحسين الورثلاني,36.137214883333336,7.532276816666666,7633,7633,True,Guelma,8.2,51.0,2026-09-19T08:00,,,
603983282,school,ثانوية العربي جميل,ثانوية العربي جميل,36.13850195,7.5318534375,7627,7627,True,Guelma,8.2,51.0,2026-09-19T08:00,,,
603983283,health_facility,عيادة متعددة الخدمات,عيادة متعددة الخدمات,36.1350086375,7.5293036375,20,20,False,Guelma,8.2,51.0,2026-09-19T08:00,,,
603983284,school,ثانوية علي بن دادة,ثانوية علي بن دادة,36.1291945,7.536450279999999,11630,11630,True,Guelma,8.2,51.0,2026-09-19T08:00,,,
603983285,school,متوسطة 17 اكتوبر 1961,متوسطة 17 اكتوبر 1961,36.1303899625,7.53642445,4513,4513,True,Guelma,8.2,51.0,2026-09-19T08:00,,,
603983286,school,,,36.29767601538462,7.949547476923077,4986,4986,True,Souk Ahras,8.5,51.0,2026-09-19T08:00,,,
613995151,school,Ecole Ahmed Boussoufa,,37.00492842941177,6.560875741176471,1546,1546,True,Skikda,7.8,39.0,2026-09-19T08:00,,,
613998431,health_facility,قاعة علاج,قاعة علاج,37.00443098333333,6.55763435,100,100,False,Skikda,7.8,39.0,2026-09-19T08:00,,,
613999550,school,Ecole Hocine Ghemired,,37.006186742857146,6.5589674,2752,2752,True,Skikda,7.8,39.0,2026-09-19T08:00,,,
615644213,school,CEM Badji Mokhtar,متوسطة باجي مختار,36.28093756153846,7.957693484615385,6174,6174,True,Souk Ahras,8.5,51.0,2026-09-19T08:00,,,
615644216,school,Lycée Jabir Ibn Hayyan,متقنة جابر بن حيان,36.28014242105263,7.959563905263158,11456,11456,True,Souk Ahras,8.5,51.0,2026-09-19T08:00,,,
615644217,fire_station,Direction de la protection civile,مديرية الحماية المدنية,36.27964611578948,7.959486821052632,30,30,False,Souk Ahras,8.5,51.0,2026-09-19T08:00,,,
615646934,school,Lycée Rebahi Nouar,ثانوية رباحي نوار,36.27835238181819,7.959685254545454,4662,4662,True,Souk Ahras,8.5,51.0,2026-09-19T08:00,,,
615646940,school,Lycée Al Farabi,ثانوية الفارابي,36.28624641428571,7.950585785714286,12093,12093,True,Souk Ahras,8.5,51.0,2026-09-19T08:00,,,
615894539,school,متوسطة بومليحة علاوة,متوسطة بومليحة علاوة,36.80199683076923,5.755803615384616,7830,7830,True,Jijel,11.9,50.0,2026-09-19T08:00,,,
615894542,school,إبتدائية سويعد الطيب,إبتدائية سويعد الطيب,36.80135879090909,5.755538154545454,1610,1610,True,Jijel,11.9,50.0,2026-09-19T08:00,,,
615995750,school,ثانوية ثرخوش أحمد,ثانوية ثرخوش أحمد,36.80419056842105,5.757333305263158,7454,7454,True,Jijel,11.9,50.0,2026-09-19T08:00,,,
615995751,school,متقن عبدي بوعزيز,متقن عبدي بوعزيز,36.8020553,5.757699164705882,16365,16365,True,Jijel,11.9,50.0,2026-09-19T08:00,,,
616092852,school,CEM Touhami Abderrhamane,,36.07360308571429,4.780042157142857,3212,3212,True,Bordj Bou Arréridj,10.4,56.0,2026-09-19T08:00,,,
616100110,school,CEM Ibn Khaldoun,متوسطة ابن خلدون,36.286173184615386,7.957953792307692,3141,3141,True,Souk Ahras,8.5,51.0,2026-09-19T08:00,,,
616100111,school,École Halima Saadia,مدرسة حليمة السعدية,36.28625516363636,7.958437727272727,786,786,True,Souk Ahras,8.5,51.0,2026-09-19T08:00,,,
616101461,school,Lycée Haddadi Houmana,ثانوية حدادي حمانة,36.28934303043479,7.934921408695652,10748,10748,True,Souk Ahras,8.5,51.0,2026-09-19T08:00,,,
617826292,health_facility,مستشفى أمراض الأطفال سان تيراس,مستشفى أمراض الأطفال سان تيراس,36.91887134,7.7605131,100,100,False,Annaba,8.3,42.0,2026-09-19T08:00,,,
617827964,school,متوسطة بن بولعيد,متوسطة بن بولعيد,36.91941264444445,7.761481722222222,2294,2294,True,Annaba,8.3,42.0,2026-09-19T08:00,,,
617843824,school,CEM Emir Abdelkader,متوسطة الأمير عبد القادر,36.9006775875,7.7568903875,1576,1576,True,Annaba,8.3,42.0,2026-09-19T08:00,,,
626005576,place_of_worship,مسجد ابي بكر الصديق,,36.131458120000005,5.83699756,1642,1642,True,Sétif,8.3,54.0,2026-09-19T08:00,,,
626392107,school,Ecole Ahmed Medjdoub,مدرسة احمد مجدوب,36.17361922,5.8611306800000005,2538,2538,True,Sétif,8.3,54.0,2026-09-19T08:00,,,
626394631,school,Ecole Djeloul Djeloul,,36.123937725,5.802140975,1544,1544,True,Sétif,8.3,54.0,2026-09-19T08:00,,,
626394657,place_of_worship,مسجد بورزام. زيد بن الحارثة,,36.1232654,5.80296866,610,610,True,Sétif,8.3,54.0,2026-09-19T08:00,,,
626397176,school,Ecole Harkat Mohamed,,36.07704908,5.76661952,2810,2810,True,Sétif,8.2,54.0,2026-09-19T08:00,,,
626397178,place_of_worship,Mosquée Omar Ibn Khatab,,36.07810152307693,5.765216892307692,672,672,True,Sétif,8.2,54.0,2026-09-19T08:00,,,
626397180,school,CEM Boukalaa Messaoud,,36.078343257142855,5.768476171428572,4880,4880,True,Sétif,8.2,54.0,2026-09-19T08:00,,,
626398951,school,Ecole Salah Lahreche,,36.08228412857143,5.807299642857143,1575,1575,True,Sétif,7.9,54.0,2026-09-19T08:00,,,
626398952,place_of_worship,Mosquée Bilal Ben Rebbah,,36.081979227272726,5.807809027272727,569,569,True,Sétif,7.9,54.0,2026-09-19T08:00,,,
626400542,place_of_worship,Mosquée Abdelhamid Ben Badis,,36.08046154285714,5.824846242857142,643,643,True,Sétif,7.9,54.0,2026-09-19T08:00,,,
626401804,school,,,36.108688671428574,5.831885014285715,670,670,True,Sétif,8.3,54.0,2026-09-19T08:00,,,
626403389,place_of_worship,Mosquée Hamza Ben Abdelmatlab,مسجد حمزة بن عبد المطلب,36.113989100000005,5.7684638800000005,731,731,True,Sétif,8.3,54.0,2026-09-19T08:00,,,
626403395,school,Ecole Kebbab Bousmaha,مدرسة كباب بوساحة أولاد رابح,36.11467997142857,5.768509671428572,1678,1678,True,Sétif,8.3,54.0,2026-09-19T08:00,,,
626408464,school,,,36.06530221428572,5.757706242857142,1220,1220,True,Sétif,,,,,,
626408467,place_of_worship,Mosquée Amar Ben Yasser,,36.06592125714285,5.758272114285715,837,837,True,Sétif,,,,,,
628629584,place_of_worship,عمر بن العاص,عمر بن العاص,36.362420988888886,6.642463344444445,759,759,True,Constantine,,,,,,
631278449,school,ecole primaire مدرسة ابتدائية,,36.569297525,7.3813753375,3511,3511,True,Guelma,,,,,,
633707958,school,,,36.59337866153846,7.326614230769231,4909,4909,True,Guelma,,,,,,
640517671,school,,,36.23757301818181,4.542273172727272,546,546,True,Bordj Bou Arréridj,,,,,,
640517672,place_of_worship,,,36.24288344,4.56455632,218,218,True,Bordj Bou Arréridj,,,,,,
640627879,place_of_worship,,,36.18732584,4.54933184,278,278,True,Bordj Bou Arréridj,,,,,,
640627880,school,,,36.18688015555555,4.547868666666667,904,904,True,Bordj Bou Arréridj,,,,,,
640746221,place_of_worship,,,36.89516725555556,8.435981722222222,461,461,True,El Tarf,,,,,,
641122833,school,,,36.24407136875,4.64806930625,686,686,True,Bordj Bou Arréridj,,,,,,
641124559,place_of_worship,,,36.22535094,4.7380828,111,111,True,Bordj Bou Arréridj,,,,,,
641325079,school,,,36.23930334705882,4.787122370588235,3280,3280,True,Bordj Bou Arréridj,,,,,,
641325082,school,,,36.24769610909091,4.776416854545454,1904,1904,True,Bordj Bou Arréridj,,,,,,
641325086,place_of_worship,,,36.24914925,4.77236284,260,260,True,Bordj Bou Arréridj,,,,,,
641325095,school,,,36.22823912,4.7651809,708,708,True,Bordj Bou Arréridj,,,,,,
641327800,place_of_worship,,,36.22563382,4.77144256,540,540,True,Bordj Bou Arréridj,,,,,,
641348820,place_of_worship,,,36.16292368,4.80221474,258,258,True,Bordj Bou Arréridj,,,,,,
641348829,place_of_worship,,,36.168254860000005,4.79434544,282,282,True,Bordj Bou Arréridj,,,,,,
641350713,school,,,36.1411069,4.804632533333334,1525,1525,True,Bordj Bou Arréridj,,,,,,
641350714,place_of_worship,,,36.1406245,4.8040003,546,546,True,Bordj Bou Arréridj,,,,,,
641637078,place_of_worship,,,36.15855572,4.85041942,486,486,True,Bordj Bou Arréridj,,,,,,
641637081,place_of_worship,,,36.14817114285714,4.842796857142857,540,540,True,Bordj Bou Arréridj,,,,,,
641642669,school,,,36.19049866666667,4.822012488888889,860,860,True,Bordj Bou Arréridj,,,,,,
641642723,school,,,36.17473693333333,4.825624283333333,1286,1286,True,Bordj Bou Arréridj,,,,,,
641645321,school,,,36.207065225,4.80228435,1313,1313,True,Bordj Bou Arréridj,,,,,,
641645327,place_of_worship,,,36.21373846,4.79975428,544,544,True,Bordj Bou Arréridj,,,,,,
641665178,place_of_worship,,,36.2259318,4.80275798,229,229,True,Bordj Bou Arréridj,,,,,,
641665179,school,,,36.22587812,4.804233340000001,583,583,True,Bordj Bou Arréridj,,,,,,
641667541,school,,,36.20813306,4.83734234,1201,1201,True,Bordj Bou Arréridj,,,,,,
641667542,place_of_worship,,,36.20835112,4.8384301800000005,470,470,True,Bordj Bou Arréridj,,,,,,
641667543,school,,,36.21563412857143,4.857087399999999,855,855,True,Bordj Bou Arréridj,,,,,,
641669796,school,,,36.19330801428571,4.8595899000000005,1033,1033,True,Bordj Bou Arréridj,,,,,,
641947652,place_of_worship,,,36.13405694,4.9731814,190,190,True,Bordj Bou Arréridj,,,,,,
641947958,school,,,36.15765228,4.973306200000001,1576,1576,True,Bordj Bou Arréridj,,,,,,
641956327,school,,,36.21227815,4.970527125,2056,2056,True,Bordj Bou Arréridj,,,,,,
641956330,school,,,36.2116586625,4.968446875,3567,3567,True,Bordj Bou Arréridj,,,,,,
642694282,place_of_worship,,,36.18389846,4.91913378,315,315,True,Bordj Bou Arréridj,,,,,,
642696687,school,,,36.1989884,4.9635833400000005,881,881,True,Bordj Bou Arréridj,,,,,,
642867508,school,,,36.03884764285714,4.580494157142858,921,921,True,Bordj Bou Arréridj,,,,,,
642867518,school,,,36.040555266666665,4.60246235,1286,1286,True,Bordj Bou Arréridj,,,,,,
642919577,school,,,36.0805431875,4.6546691625,2104,2104,True,Bordj Bou Arréridj,,,,,,
642932678,place_of_worship,,,36.01724506,4.72213874,668,668,True,Bordj Bou Arréridj,,,,,,
642932681,school,,,36.0173575,4.729379722222222,1607,1607,True,Bordj Bou Arréridj,,,,,,
643503407,school,,,36.10535474,4.955603720000001,969,969,True,Bordj Bou Arréridj,,,,,,
643503413,place_of_worship,,,36.1046095,4.99345318,324,324,True,Bordj Bou Arréridj,,,,,,
644495475,school,,,36.003079459999995,4.758464200000001,1037,1037,True,Bordj Bou Arréridj,,,,,,
648506159,place_of_worship,,,36.2556591,7.139607440000001,813,813,True,Guelma,,,,,,
648508489,school,ecole مدرسة محمد بعطوش,,36.231357975,7.13723555,2231,2231,True,Guelma,,,,,,
648509117,school,ecole مدرسة محمد الشريف مقلاتي,,36.25681647777778,7.140464044444444,1753,1753,True,Guelma,,,,,,
653752589,school,BOUDJADI MOHAMED,مدرسة بوجادي محمد,36.3314457,5.18867676,1135,1135,True,Sétif,,,,,,
654734558,place_of_worship,Mosquée de Riahat مسجد الرياحات,مسجد الرياحات,36.26413434,6.0518196600000005,89,89,True,Mila,,,,,,
659834015,place_of_worship,,,36.768220760000005,8.28533914,930,930,True,El Tarf,,,,,,
663311698,place_of_worship,مسجد علي بن أبي طالب,مسجد علي بن أبي طالب,36.47125018,7.35300534,760,760,True,Guelma,,,,,,
663311719,place_of_worship,,,36.3732066,7.2245781,495,495,True,Guelma,,,,,,
663311721,place_of_worship,,,36.38000031428572,7.089885457142858,532,532,True,Guelma,,,,,,
664354980,school,CEM,,36.64667278333334,7.591028583333333,1787,1787,True,Guelma,,,,,,
664354981,school,lycée Zerga Larbi,,36.64584245555555,7.590695922222222,5408,5408,True,Guelma,,,,,,
664354983,school,Ecole Primaire,,36.644486,7.589944239999999,2306,2306,True,Guelma,,,,,,
666037279,place_of_worship,Mosquée El Mokrani,,36.64946104,7.5906836,1468,1468,True,Guelma,,,,,,
666037281,health_facility,Hopital De Ain Berda,,36.65116622,7.59008006,100,100,False,Guelma,,,,,,
666037285,school,CEM El Imam Ali,,36.654223375,7.59220625,2498,2498,True,Guelma,,,,,,
666037287,fire_station,Unité de Protection Civile de Ain Berda,الحماية المدنية,36.65763436,7.592888360000001,30,30,False,Guelma,,,,,,
666041961,school,,,36.65433663,7.585561060000001,2693,2693,True,Guelma,,,,,,
667055460,health_facility,médecine du travail,,36.18092944166667,5.404732966666667,100,100,False,Sétif,,,,,,
667883507,place_of_worship,Mosquée Khadidja Oum El Mouminine,,36.206549725,5.4194248125,2321,2321,True,Sétif,,,,,,
668154609,place_of_worship,مسجد الرحمة,مسجد الرحمة,36.1855415375,5.4445644125,5641,5641,True,Sétif,,,,,,
668779557,school,,,36.48368910000001,6.005548800000001,98,98,True,Mila,,,,,,
668779558,school,,,36.48355292,6.00558642,37,37,True,Mila,,,,,,
668779559,school,,,36.48393518,6.00549322,70,70,True,Mila,,,,,,
680776125,health_facility,مستشفى ساقية سيدي يوسف,مستشفى ساقية سيدي يوسف,36.22505498888889,8.358386077777777,100,100,False,Souk Ahras,,,,,,
680776126,school,Lycée 8 Février 1958,,36.2255174,8.356894888000001,20000,20000,True,Souk Ahras,,,,,,
685727145,place_of_worship,,,36.62510815,5.326195889999999,564,564,True,Béjaïa,,,,,,
685727159,place_of_worship,مسجد تيزي الوادي,مسجد تيزي الوادي,36.62176328,5.341450386666667,675,675,True,Béjaïa,,,,,,
687228729,school,,,36.10001962857143,6.803345814285714,1901,1901,True,Constantine,,,,,,
688267972,place_of_worship,,,36.5138451,8.10695048,1427,1427,True,Souk Ahras,,,,,,
691607302,school,Lycée Melbou,,36.638683,5.366951650000001,8231,8231,True,Béjaïa,,,,,,
692038349,school,CEM base 7,,36.627800488235295,5.3313243588235295,3028,3028,True,Béjaïa,,,,,,
692038367,school,Ecole primaire,,36.628634041666665,5.331713916666667,2010,2010,True,Béjaïa,,,,,,
692588361,school,Lycée Krim Belkacem,,36.6281789,5.332153666666667,2622,2622,True,Béjaïa,,,,,,
692588362,school,Lycée de Souk-El-Tenine,,36.62916874117647,5.3326776,7867,7867,True,Béjaïa,,,,,,
692621582,school,CEM Abdellah REDJRADJ متوسطة عبد الله رجراج,CEM Abdellah REDJRADJ متوسطة عبد الله رجراج,36.62386949375,5.3355751375,2808,2808,True,Béjaïa,,,,,,
692626230,health_facility,Centre de soin,,36.62551426,5.32658704,20,20,False,Béjaïa,,,,,,
693486500,school,,,36.012094383333334,7.430397366666667,6390,6390,True,Oum El Bouaghi,,,,,,
693790990,school,مدرسة ابتدائية,مدرسة ابتدائية,36.623051885,5.340260935,1274,1274,True,Béjaïa,,,,,,
694426384,school,Ecole primaire LOTA مدرسة ابتدائية لوطا,Ecole primaire LOTA مدرسة ابتدائية لوطا,36.62398207142858,5.302300128571429,1669,1669,True,Béjaïa,,,,,,
694426397,school,CEM LOTA,متوسطة لوطا,36.62387138333333,5.3030701166666665,2018,2018,True,Béjaïa,,,,,,
694474029,school,Ecole primaire Yakoubi Ammar المدرسة الابتدائية يعقوبي عمار,المدرسة الابتدائية يعقوبي عمار,36.622324033333335,5.294198300000001,1043,1043,True,Béjaïa,,,,,,
695848762,health_facility,Hôpital d'Aokas,مستشفى أوقاس,36.637583166666666,5.240514480952381,100,100,False,Béjaïa,,,,,,
695861640,school,CEM Emir Abdelkader,متوسطة الأمير عبد القادر,36.63629588,5.2445323,3586,3586,True,Béjaïa,,,,,,
696124533,school,Lycée chahid Chaabane Ammar ثانوية الشهيد شعبان عمار,ثانوية الشهيد شعبان عمار,36.63607112222222,5.245514966666667,6318,6318,True,Béjaïa,,,,,,
696553505,school,ecole primaire مدرسة إبتدائية,ecole primaire مدرسة إبتدائية,36.6308578,5.257407722222222,2841,2841,True,Béjaïa,,,,,,
697229205,school,ecole primaire مدرسة إبتدائية,ecole primaire مدرسة إبتدائية,36.62476478333333,5.274428116666667,1376,1376,True,Béjaïa,,,,,,
698070386,school,مدرسة ابتدائية,مدرسة ابتدائية,36.6575183,5.186287577777778,2494,2494,True,Béjaïa,,,,,,
698195664,school,Ecole primaire Tizi-Ahmed,مدرسة تيزي أحمد الابتدائية,36.65668382727272,5.163435609090909,1014,1014,True,Béjaïa,,,,,,
698756386,place_of_worship,Mosquée Tazeboucht,مسجد تزبوشة,36.746936468421055,5.035029778947369,756,756,True,Béjaïa,,,,,,
699368575,place_of_worship,Mosquée El Bey,,36.36727905,6.6117705125,731,731,True,Constantine,,,,,,
700486655,health_facility,مستشفى جراحة القلب الرياض بن شيكو,مستشفى جراحة القلب الرياض بن شيكو,36.35598979,6.652977470000001,100,100,False,Constantine,,,,,,
708213200,school,متوسطة سدراتي خليفة,متوسطة سدراتي خليفة,36.12311222,7.52848271,7299,7299,True,Guelma,,,,,,
708238189,school,,,36.27073760625,7.52003208125,4339,4339,True,Guelma,,,,,,
713453690,place_of_worship,Mosquée Khalid ibn al Walid,مسجد خالد ابن الوليد,36.68434601428572,4.960991785714286,243,243,True,Béjaïa,,,,,,
713463395,place_of_worship,مسجد الرحمة,مسجد الرحمة,36.75840742857143,5.039763485714286,831,831,True,Béjaïa,,,,,,
713525817,place_of_worship,Lǧameɛ Ibakkuren,مسجد اباكورن,36.66175441428572,4.934319671428571,121,121,True,Béjaïa,,,,,,
713613132,place_of_worship,مسجد بوخالفة,مسجد بوخالفة,36.64542896785714,4.8923239,200,200,True,Béjaïa,,,,,,
713615933,place_of_worship,Mosquée Ksantina,مسجد الكومي,36.61267963636364,4.883276054545455,131,131,True,Béjaïa,,,,,,
713649989,place_of_worship,,,36.69550386666666,4.991035277777778,462,462,True,Béjaïa,,,,,,
713731397,place_of_worship,lǧameɛ n sidi lmuhub,,36.57394785,4.744937077777778,14,14,True,Béjaïa,,,,,,
713731400,place_of_worship,l,,36.57395055,4.7449395333333335,284,284,True,Béjaïa,,,,,,
715583277,school,,,36.3080214,7.508789622222222,1836,1836,True,Guelma,,,,,,
715589587,school,ثانوية أحمد براغثة,,36.37104468235294,7.526507723529412,6324,6324,True,Guelma,,,,,,
733854220,place_of_worship,مسجد اليرموك,مسجد اليرموك,36.66052834,8.369011,684,684,True,El Tarf,,,,,,
737238859,place_of_worship,Mosquée Mohamed Elghazali,,36.414843180000005,5.94374338,1011,1011,True,Mila,,,,,,
738221618,school,CEM Khoutir Bel Ayeb,,36.129068921428576,5.080721764285714,15722,15722,True,Bordj Bou Arréridj,,,,,,
738245249,school,Lycée Abdellafi Boudiaf,,36.13541895,5.076708883333333,8986,8986,True,Bordj Bou Arréridj,,,,,,
738249520,school,CEM 19Mars,,36.13141441333333,5.079839153333334,9049,9049,True,Bordj Bou Arréridj,,,,,,
738370509,place_of_worship,,,36.77732602857143,8.116062485714286,1269,1269,True,El Tarf,,,,,,
739044141,school,primaire Badari Saaid,,36.12736898571429,5.076062728571428,1411,1411,True,Bordj Bou Arréridj,,,,,,
739045236,school,École primaire,,36.13049156,5.08081586,1766,1766,True,Bordj Bou Arréridj,,,,,,
758590914,place_of_worship,مسجد سوليت,مسجد سوليت,36.0529827,4.71109094,400,400,True,Bordj Bou Arréridj,,,,,,
759944206,place_of_worship,مسجد علي بن أبي طالب,مسجد علي بن أبي طالب,36.44844684,8.43769274,90,90,True,El Tarf,,,,,,
760728613,place_of_worship,جامع التقوى,جامع التقوى,36.457403766666665,8.436630500000001,723,723,True,El Tarf,,,,,,
778256252,school,,,36.56544884,4.71004357,3889,3889,True,Béjaïa,,,,,,
778818340,school,,,36.54814843333333,4.6830781777777775,767,767,True,Béjaïa,,,,,,
778818341,school,Lycée Mohali,,36.550129842857146,4.685237592857143,12701,12701,True,Béjaïa,,,,,,
778818342,school,Lycée Polyvalent,,36.55186783478261,4.687043686956522,14147,14147,True,Béjaïa,,,,,,
778818343,health_facility,,,36.55156184,4.68630888,100,100,False,Béjaïa,,,,,,
779121407,school,ثانوية تاصافت,ثانوية تاصافت,36.537563118181815,6.058379918181819,7849,7849,True,Mila,,,,,,
782420850,health_facility,,,36.40777198571429,4.891717985714286,100,100,False,Bordj Bou Arréridj,,,,,,
782742124,health_facility,Hôpital Arassa,,36.42453864,4.82420123,100,100,False,Bordj Bou Arréridj,,,,,,
782747919,health_facility,Centre de Santé,,36.46446646,4.536234439999999,100,100,False,Bordj Bou Arréridj,,,,,,
782757798,health_facility,Centre de soins Tiliouacadi,مركز رعاية ثلواقاضي,36.60240794,4.63139784,100,100,False,Béjaïa,,,,,,
783004472,health_facility,مستشفى تاوريرت آغيل,مستشفى تاوريرت آغيل,36.69968508095239,4.696682366666667,100,100,False,Béjaïa,,,,,,
783007476,health_facility,Polyclinique,,36.16362006000001,6.17294648,100,100,False,Mila,,,,,,
783008755,health_facility,,,36.06663608,4.62329684,100,100,False,Bordj Bou Arréridj,,,,,,
783010394,health_facility,EPH Belhi Abdelhamid,,36.12007447777778,5.980345588888889,100,100,False,Mila,,,,,,
783031975,health_facility,Polyclinique Souk El Tenine,,36.626395375,5.336080941666666,100,100,False,Béjaïa,,,,,,
783032259,health_facility,,,36.398201642857146,6.326014685714286,100,100,False,Mila,,,,,,
783038243,health_facility,المؤسسة العمومية الاستشفائية هواري بومدين,المؤسسة العمومية الاستشفائية هواري بومدين,36.13185778,7.5335109,100,100,False,Guelma,,,,,,
783038492,health_facility,المستشفى القديم,المستشفى القديم,36.132423466666665,7.53014795,100,100,False,Guelma,,,,,,
783038955,health_facility,policlinique Diar Zarga,,36.2874435,7.971267128571428,100,100,False,Souk Ahras,,,,,,
783040800,health_facility,المركز الصحي الجواري 5 جويلية,المركز الصحي الجواري 5 جويلية,36.072221260000006,4.74440326,100,100,False,Bordj Bou Arréridj,,,,,,
783049883,health_facility,العربي سلامي,العربي سلامي,36.27222775714286,5.127132342857143,100,100,False,Sétif,,,,,,
783050169,health_facility,صيدلية بوجاهم,صيدلية بوجاهم,36.370401560000005,7.529917419999999,100,100,False,Guelma,,,,,,
783050562,health_facility,,,36.164449483333335,8.0479304,100,100,False,Souk Ahras,,,,,,
783081790,health_facility,,,36.547892366666666,5.276139766666667,100,100,False,Béjaïa,,,,,,
783082278,health_facility,,,36.85843366666666,7.2935272,100,100,False,Skikda,,,,,,
783082851,health_facility,عيادة متعددة الخدمات بني شبانة,عيادة متعددة الخدمات بني شبانة,36.468884,4.86710302,100,100,False,Béjaïa,,,,,,
783083342,health_facility,,,36.61497344,5.16356544,100,100,False,Béjaïa,,,,,,
783088571,health_facility,المركز الصحي بوعفرون,المركز الصحي بوعفرون,36.69394382,5.9064677,20,20,False,Jijel,,,,,,
783104326,health_facility,المركز الصحي شيمينو,المركز الصحي شيمينو,36.19150378,5.42080122,100,100,False,Sétif,,,,,,
783104651,health_facility,Salle de soins Aberouak,قاعة العلاج ابرواق,36.69922133333333,5.000681977777777,100,100,False,Béjaïa,,,,,,
783848553,health_facility,مستشفى بشير منتوري - الميلية,مستشفى بشير منتوري - الميلية,36.75884271428571,6.2849854857142855,100,100,False,Mila,,,,,,
783851946,health_facility,,,36.520746566666666,6.328676933333333,100,100,False,Mila,,,,,,
783862354,health_facility,,,36.83374482857143,7.460493957142857,100,100,False,Annaba,,,,,,
783868205,health_facility,Hôpital bouteldja,,36.78885741428571,8.1953041,100,100,False,El Tarf,,,,,,
783868531,health_facility,عيادة متعددة الخدمات,عيادة متعددة الخدمات,36.666277193333336,6.02188882,100,100,False,Jijel,,,,,,
783868637,health_facility,,,36.18300408,6.386463600000001,100,100,False,Constantine,,,,,,
783871541,health_facility,Hôpital Psychiatrique,,36.81544712352941,5.765259847058823,100,100,False,Jijel,,,,,,
783877820,health_facility,مصحة المنظر الجميل,مصحة المنظر الجميل,36.90823446,7.746921980000001,100,100,False,Annaba,,,,,,
783880306,health_facility,عيادة متعددة الخدمات الصحية محفوظي العمري,عيادة متعددة الخدمات الصحية محفوظي العمري,36.13056234,5.07935784,100,100,False,Bordj Bou Arréridj,,,,,,
783894518,health_facility,الحكيمة بوعروج,الحكيمة بوعروج,36.44838386,6.26473446,100,100,False,Mila,,,,,,
783900358,health_facility,عيادة بني موحلي,عيادة بني موحلي,36.51698756,4.90660952,100,100,False,Béjaïa,,,,,,
783900874,health_facility,,,36.62886998571428,5.339066328571429,100,100,False,Béjaïa,,,,,,
783901208,health_facility,مشفى,مشفى,36.11775698,5.96878668,100,100,False,Mila,,,,,,
783903235,health_facility,Clinique Nabti,عيادة نبتي,36.17591536,5.40742252,20,20,False,Sétif,,,,,,
783904046,health_facility,,,36.70662442,7.85075078,100,100,False,Annaba,,,,,,
783904500,health_facility,,,36.90545167142857,6.5508022142857145,100,100,False,Skikda,,,,,,
784414281,school,مدرسة ابتدائية,مدرسة ابتدائية,36.9190681,7.76153772,1783,1783,True,Annaba,,,,,,
784428405,place_of_worship,مسجد الرحمة,مسجد الرحمة,36.91384768,7.767028740000001,1442,1442,True,Annaba,,,,,,
784428407,school,مدرسة العربي التبسي الابتدائية,مدرسة العربي التبسي الابتدائية,36.912897883333336,7.767996883333333,1439,1439,True,Annaba,,,,,,
784428410,place_of_worship,مسجد زيغود يوسف,مسجد زيغود يوسف,36.9096553,7.77095728,387,387,True,Annaba,,,,,,
784651517,school,Ecole CEM Les Frênes,,36.91188328571428,7.766550100000001,6367,6367,True,Annaba,,,,,,
787800279,place_of_worship,مسجد التوبة,مسجد التوبة,36.68792012,7.74387434,2137,2137,True,Annaba,,,,,,
789696951,place_of_worship,مسجد سلمان الفارسي الشافية,مسجد سلمان الفارسي الشافية,36.66131062,8.106158540000001,987,987,True,El Tarf,,,,,,
789696952,school,متوسطة نصيب الهادي,متوسطة نصيب الهادي,36.661618700000005,8.10454612,1490,1490,True,El Tarf,,,,,,
790222326,place_of_worship,مسجد المرادية,مسجد المرادية,36.60644766,8.26006714,1883,1883,True,El Tarf,,,,,,
793024633,place_of_worship,El-Istiqama,مسجد الاستقامة,36.20854966,7.1023214800000005,923,923,True,Oum El Bouaghi,,,,,,
793497366,school,مدرسة بشير سليق,مدرسة بشير سليق,36.48574253333334,4.7698834888888895,856,856,True,Béjaïa,,,,,,
793620181,fire_station,Protection Civile,المركز المتقدم للحماية المدنية الشهيد حملاوي رماش,36.16310164,7.13799204,30,30,False,Oum El Bouaghi,,,,,,
793647901,health_facility,,,36.20655234,7.1053200400000005,20,20,False,Oum El Bouaghi,,,,,,
793648492,place_of_worship,مسجد عمر بن الخطاب,مسجد عمر بن الخطاب,36.2854055,7.949539175,2853,2853,True,Souk Ahras,,,,,,
793653199,place_of_worship,مسجد الرحمة,مسجد الرحمة,36.27966096,7.948719080000001,1006,1006,True,Souk Ahras,,,,,,
793660730,school,المدرسة الابتدائية خليفة ختلة,,36.20195478888889,7.129987411111112,1660,1660,True,Oum El Bouaghi,,,,,,
793660732,place_of_worship,مسجد البشير الابراهيمي,,36.18624494,7.11151928,895,895,True,Oum El Bouaghi,,,,,,
795844964,place_of_worship,مسجد بدر,مسجد بدر,36.918133875,7.7622622125,487,487,True,Annaba,,,,,,
796378579,school,École Primaire Sidi Belgacem,,36.52619456153846,8.469763615384615,2776,2776,True,El Tarf,,,,,,
796674027,place_of_worship,Mosquée El Kala;مسجد القالة,مسجد القالة,36.8968613,8.44647688,658,658,True,El Tarf,,,,,,
796674028,place_of_worship,,,36.89158247647059,8.442040429411763,1739,1739,True,El Tarf,,,,,,
796674031,place_of_worship,,,36.88539572,8.44215434,541,541,True,El Tarf,,,,,,
797181381,place_of_worship,مسجد السيدة عائشة,مسجد السيدة عائشة,36.912439375,7.7620967625,1771,1771,True,Annaba,,,,,,
797181382,school,مدرسة عائشة أم المؤمنين الابتدائية,مدرسة عائشة أم المؤمنين الابتدائية,36.91191126,7.761235879999999,1063,1063,True,Annaba,,,,,,
798149886,school,خلادي إيذير,خلادي إيذير,36.606965200000005,4.648809988888889,512,512,True,Béjaïa,,,,,,
798549834,school,École primaire,مدرسة ابتدائية,36.74879466,5.05942526,5765,5765,True,Béjaïa,,,,,,
798981808,school,École Primaire Maouchi Amar مدرسة عمار المعوشي الابتدائية,مدرسة عمار المعوشي الابتدائية,36.63752106,4.93272724,429,429,True,Béjaïa,,,,,,
798981809,place_of_worship,Mosquée Aït Imaouche مسجد آيت معوش,مسجد آيت معوش,36.63816316,4.9311832,143,143,True,Béjaïa,,,,,,
798985717,place_of_worship,مسجد شرفة,مسجد شرفة,36.715351975,4.7702907625,1037,1037,True,Béjaïa,,,,,,
799262417,health_facility,,,36.15914222,7.143541379999999,20,20,False,Oum El Bouaghi,,,,,,
800184489,health_facility,EPSP Ain Makhlouf,,36.24103908333333,7.246620933333333,20,20,False,Guelma,,,,,,
800184494,fire_station,الوحدة الثانوية للحماية المدنية,الوحدة الثانوية للحماية المدنية,36.2470431,7.257301628571428,30,30,False,Guelma,,,,,,
800196726,place_of_worship,مسجد الهدى,مسجد الهدى,36.20872443,5.42811786,3640,3640,True,Sétif,,,,,,
800570836,school,المدرسة الابتدائية صالح لوصيف,,36.161542100000005,7.14202002,1769,1769,True,Oum El Bouaghi,7.9,51.0,2026-09-19T08:00,,,
800570840,school,المدرسة الابتدائية طيوش عبد القادر,,36.18658706,7.10979962,507,507,True,Oum El Bouaghi,7.9,51.0,2026-09-19T08:00,,,
801424404,place_of_worship,مسجد الإيمان,مسجد الإيمان,36.1770111,5.372632666666667,1112,1112,True,Sétif,9.6,55.0,2026-09-19T08:00,,,
802307233,place_of_worship,مسجد أسامة بن زيد,مسجد أسامة بن زيد,36.21010862222222,5.436070577777778,5067,5067,True,Sétif,9.2,55.0,2026-09-19T08:00,,,
802313472,place_of_worship,مسجد الفلاح,مسجد الفلاح,36.20566093333333,5.430962366666667,4055,4055,True,Sétif,9.2,55.0,2026-09-19T08:00,,,
803180364,place_of_worship,مسجد دوار عقون,مسجد دوار عقون,36.18052396666667,5.130834416666667,384,384,True,Sétif,10.5,55.0,2026-09-19T08:00,,,
803472280,place_of_worship,مسجد عبد الحميد إبن باديس - حي 40 هكتار,مسجد عبد الحميد إبن باديس - حي 40 هكتار,36.8016684,5.74335044,960,960,True,Jijel,11.9,50.0,2026-09-19T08:00,,,
804297772,health_facility,ancienne urgence,,36.16970008888889,6.177851311111111,100,100,False,Mila,8.0,54.0,2026-09-19T08:00,,,
804720096,place_of_worship,مسجد الخلفاء الراشدين,مسجد الخلفاء الراشدين,36.54830512,7.22884574,601,601,True,Guelma,11.2,50.0,2026-09-19T08:00,,,
804720099,place_of_worship,مسجد الفتح,مسجد الفتح,36.54582864,7.2322301,3684,3684,True,Guelma,11.2,50.0,2026-09-19T08:00,,,
807649185,place_of_worship,مسجد الفضيل الورتيلاني,مسجد الفضيل الورتيلاني,36.3606855375,6.651654225,807,807,True,Constantine,8.4,54.0,2026-09-19T08:00,,,
807917836,school,مدرسة متوسطة,مدرسة متوسطة,36.84574192,8.07445914,2375,2375,True,El Tarf,7.7,44.0,2026-09-19T08:00,,,
807917844,school,مدرسة ابتدائية,مدرسة ابتدائية,36.84306483333334,8.078219800000001,3158,3158,True,El Tarf,7.7,44.0,2026-09-19T08:00,,,
807924012,school,مدرسة صالح أحمد مالك الابتدائية,مدرسة صالح أحمد مالك الابتدائية,36.83767588,8.12267224,3030,3030,True,El Tarf,6.9,42.0,2026-09-19T08:00,,,
807924014,school,مدرسة الشاذلي بن جديد الثانوية,مدرسة الشاذلي بن جديد الثانوية,36.8407058,8.126000571428571,6608,6608,True,El Tarf,6.9,42.0,2026-09-19T08:00,,,
814934339,school,Lycée Mâala,المدرسة الثانوية معالة,36.603497688235294,4.688320611764706,7039,7039,True,Béjaïa,12.8,51.0,2026-09-19T08:00,,,
835731845,school,,,36.3069171,5.437071385714286,1479,1479,True,Sétif,9.6,55.0,2026-09-19T08:00,,,
835880772,school,,,36.243496975,5.4578074125,1475,1475,True,Sétif,9.2,55.0,2026-09-19T08:00,,,
842152031,school,École primaire,مدرسة ابتدائية,36.999006685714285,6.551259728571429,942,942,True,Skikda,8.8,43.0,2026-09-19T08:00,,,
842501647,place_of_worship,,,36.88801984,7.101038180000001,179,179,True,Skikda,8.8,44.0,2026-09-19T08:00,,,
843271007,school,مدرسة ابتدائية,مدرسة ابتدائية,36.64178584,6.724275459999999,2039,2039,True,Skikda,8.7,51.0,2026-09-19T08:00,,,
854512015,school,ثانوية نطور عبد العزيز,ثانوية نطور عبد العزيز,36.934736830000006,6.482022949999999,5456,5456,True,Skikda,9.0,43.0,2026-09-19T08:00,,,
854515694,school,متوسطة بني زيد مركز,متوسطة بني زيد مركز,36.93188772222223,6.489166088888889,4964,4964,True,Skikda,9.0,43.0,2026-09-19T08:00,,,
854515695,health_facility,عيادة متعددة الخدمات,عيادة متعددة الخدمات,36.93042246666667,6.482431622222222,100,100,False,Skikda,9.0,43.0,2026-09-19T08:00,,,
854515697,place_of_worship,مسجد حمزة,مسجد حمزة,36.93252396,6.47860998,936,936,True,Skikda,9.0,43.0,2026-09-19T08:00,,,
854515698,school,متوسطة الشريف مولود الزاهي,متوسطة الشريف مولود الزاهي,36.932790571428576,6.476569457142857,1706,1706,True,Skikda,9.0,43.0,2026-09-19T08:00,,,
854515699,school,متوسطة بلقاسم بوقموزة,متوسطة بلقاسم بوقموزة,36.93317748333333,6.474963494444444,8131,8131,True,Skikda,9.0,43.0,2026-09-19T08:00,,,
861021263,school,ثانوية عمر المختار,ثانوية عمر المختار,36.74578488947368,6.431283636842105,7729,7729,True,Mila,8.9,51.0,2026-09-19T08:00,,,
863856251,school,مدرسة ابتدائية الشريف الزاهي,مدرسة ابتدائية الشريف الزاهي,36.93174258571429,6.4792642,691,691,True,Skikda,9.0,43.0,2026-09-19T08:00,,,
863856252,school,مدرسة ابتدائية حسان بوجغرة,مدرسة ابتدائية حسان بوجغرة,36.93247254285715,6.479687628571428,744,744,True,Skikda,9.0,43.0,2026-09-19T08:00,,,
864613095,school,مدرسة ابتدائية بوبحر,مدرسة ابتدائية بوبحر,36.93111468571429,6.496501442857143,2018,2018,True,Skikda,9.0,43.0,2026-09-19T08:00,,,
865437284,place_of_worship,Mesdjid Errahmen,مسجد الرحمن,36.9332644,6.498268640000001,1065,1065,True,Skikda,9.0,43.0,2026-09-19T08:00,,,
865438389,place_of_worship,,,36.92552211111112,6.527415711111111,1087,1087,True,Skikda,8.8,43.0,2026-09-19T08:00,,,
880123554,school,Primaire Garasse  El Ayfa,,36.1256954125,5.0744346375,1417,1417,True,Bordj Bou Arréridj,11.0,55.0,2026-09-19T08:00,,,
884455184,place_of_worship,,,36.52660214285714,6.044959842857144,145,145,True,Mila,9.0,51.0,2026-09-19T08:00,,,
884455907,place_of_worship,,,36.49652333333333,6.058776655555556,732,732,True,Mila,10.1,52.0,2026-09-19T08:00,,,
884457998,place_of_worship,,,36.57583522,6.1160009,217,217,True,Mila,9.8,52.0,2026-09-19T08:00,,,
884459423,place_of_worship,مسجد الوازطة,,36.597347,6.03772206,213,213,True,Mila,9.0,51.0,2026-09-19T08:00,,,
885682894,school,,,36.610384775,4.69155625,1285,1285,True,Béjaïa,12.8,51.0,2026-09-19T08:00,,,
887036756,school,CFPA Tinebdar,مركز التكوين المهني بثينبذار,36.6237085875,4.6809591625,1719,1719,True,Béjaïa,12.8,51.0,2026-09-19T08:00,,,
887036782,school,,,36.62162944545455,4.680246627272727,1679,1679,True,Béjaïa,12.8,51.0,2026-09-19T08:00,,,
894301902,school,,,36.61285994,4.68806959,841,841,True,Béjaïa,12.8,51.0,2026-09-19T08:00,,,
909066304,school,École Ibn Rochd,,36.7535907,5.076319583333333,874,874,True,Béjaïa,10.8,48.0,2026-09-19T08:00,,,
909657906,school,,,36.137131177777775,5.447783988888889,1554,1554,True,Sétif,9.4,55.0,2026-09-19T08:00,,,
910444011,health_facility,,,36.493613286666665,5.27685064,20,20,False,Béjaïa,9.6,54.0,2026-09-19T08:00,,,
911051692,health_facility,,,36.28288482857143,4.821483971428571,20,20,False,Bordj Bou Arréridj,11.5,55.0,2026-09-19T08:00,,,
911051703,place_of_worship,خبيب بن عدي,,36.28176632,4.82103566,296,296,True,Bordj Bou Arréridj,11.5,55.0,2026-09-19T08:00,,,
919024765,school,متوسطة جندلي خميسي,,36.23231088,6.588009420000001,3068,3068,True,Constantine,9.6,53.0,2026-09-19T08:00,,,
925787330,school,CEM Tafer Amar,متوسطة طافر عمار,36.24726084615384,6.533913492307692,2153,2153,True,Constantine,9.6,53.0,2026-09-19T08:00,,,
926517033,place_of_worship,,,36.62107642,8.1199932,348,348,True,El Tarf,8.2,48.0,2026-09-19T08:00,,,
927209276,school,,,36.3274005,5.39958632,1231,1231,True,Sétif,9.4,55.0,2026-09-19T08:00,,,
943462061,place_of_worship,,,36.17737251666667,5.473158383333334,3520,3520,True,Sétif,9.4,55.0,2026-09-19T08:00,,,
943462062,school,,,36.17689658,5.47062118,2921,2921,True,Sétif,9.4,55.0,2026-09-19T08:00,,,
943462063,school,,,36.1763027,5.47300484,3819,3819,True,Sétif,9.4,55.0,2026-09-19T08:00,,,
943463638,school,,,36.17526924,5.47882844,1413,1413,True,Sétif,9.4,55.0,2026-09-19T08:00,,,
950222396,place_of_worship,مسجد أبو بكر الصديق,مسجد أبو بكر الصديق,36.76395305,5.890534000000001,2952,2952,True,Jijel,10.6,48.0,2026-09-19T08:00,,,
957606279,place_of_worship,مسجد السنة,مسجد السنة,36.82438215,5.973647008333334,768,768,True,Jijel,9.8,49.0,2026-09-19T08:00,,,
968199252,school,,,36.64834018571429,4.641136328571428,1131,1131,True,Béjaïa,12.8,51.0,2026-09-19T08:00,,,
983851371,school,,,36.21799864545454,5.285565536363636,3313,3313,True,Sétif,9.5,54.0,2026-09-19T08:00,,,
986791667,place_of_worship,مسجد التوبة - شادية قاوس,مسجد التوبة - شادية قاوس,36.74723824,5.817226,730,730,True,Jijel,10.6,48.0,2026-09-19T08:00,,,
988055889,place_of_worship,مسجد عمر بن عبد العزيز,مسجد عمر بن عبد العزيز,36.73707066666667,5.883495133333334,959,959,True,Jijel,10.6,48.0,2026-09-19T08:00,,,
993033132,school,المدرسة الإبتدائية بن صخرية علي,المدرسة الإبتدائية بن صخرية علي,36.76401335714286,5.899086571428571,1022,1022,True,Jijel,10.6,48.0,2026-09-19T08:00,,,
1011309290,place_of_worship,,,37.006549,6.5622979400000006,274,274,True,Skikda,7.8,39.0,2026-09-19T08:00,,,
1011316993,health_facility,,,37.00703026923077,6.564811946153847,20,20,False,Skikda,7.8,39.0,2026-09-19T08:00,,,
1011320199,health_facility,,,37.00701722857143,6.565065485714285,20,20,False,Skikda,7.8,39.0,2026-09-19T08:00,,,
1011320200,health_facility,,,37.00712036153846,6.565071438461539,20,20,False,Skikda,7.8,39.0,2026-09-19T08:00,,,
1011320201,health_facility,,,37.00708173333333,6.565020033333334,20,20,False,Skikda,7.8,39.0,2026-09-19T08:00,,,
1011320202,health_facility,,,37.00713798,6.56458478,20,20,False,Skikda,7.8,39.0,2026-09-19T08:00,,,
1011320203,health_facility,,,37.00696494,6.56464538,20,20,False,Skikda,7.8,39.0,2026-09-19T08:00,,,
1011320206,school,CEM Kouicem Abd Elhak,,37.00524348333333,6.562555416666666,1746,1746,True,Skikda,7.8,39.0,2026-09-19T08:00,,,
1011320207,school,ثانوية ابن باديس,,37.006024514285706,6.564749471428571,2474,2474,True,Skikda,7.8,39.0,2026-09-19T08:00,,,
1011329705,school,Lycée Boukikez,,37.008121835,6.56347456,6808,6808,True,Skikda,7.8,39.0,2026-09-19T08:00,,,
1029995342,school,,,36.74404528235294,6.431162447058823,8703,8703,True,Mila,8.9,51.0,2026-09-19T08:00,,,
1029995349,school,,,36.74273099230769,6.430111823076923,3030,3030,True,Mila,8.9,51.0,2026-09-19T08:00,,,
1030043660,school,,,36.743207475,6.429564225,2259,2259,True,Mila,8.9,51.0,2026-09-19T08:00,,,
1034901685,place_of_worship,مسجد الفرقان,مسجد الفرقان,36.76583667272728,5.947921327272727,788,788,True,Jijel,9.2,48.0,2026-09-19T08:00,,,
1035742640,school,,,37.00344687272728,6.512285227272727,2384,2384,True,Skikda,7.8,39.0,2026-09-19T08:00,,,
1035743004,health_facility,,,37.00783261111111,6.526050566666666,20,20,False,Skikda,7.8,39.0,2026-09-19T08:00,,,
1035949021,school,,,36.99889056666667,6.511627513333334,2050,2050,True,Skikda,8.8,43.0,2026-09-19T08:00,,,
1040190034,place_of_worship,مسجد المرابع,مسجد المرابع,36.63819714545454,6.069757290909092,814,814,True,Mila,8.4,49.0,2026-09-19T08:00,,,
1040190202,place_of_worship,مسجد العارطة,مسجد العارطة,36.64387982857143,6.071990942857142,1078,1078,True,Mila,8.4,49.0,2026-09-19T08:00,,,
1045526201,place_of_worship,,,36.03794935714286,6.573987042857143,1543,1543,True,Constantine,7.6,54.0,2026-09-19T08:00,,,
1046477948,school,,,36.0404777,5.43831142,618,618,True,Sétif,9.1,55.0,2026-09-19T08:00,,,
1046509538,school,ابتدائية الشهيد صفيح الطاهر,,36.037013988888894,5.376200533333334,851,851,True,Sétif,9.1,55.0,2026-09-19T08:00,,,
1046512883,school,,,36.0479256,5.3942747777777775,2260,2260,True,Sétif,9.1,55.0,2026-09-19T08:00,,,
1046778037,school,,,36.05987861666667,5.215879883333334,960,960,True,Sétif,9.7,55.0,2026-09-19T08:00,,,
1046778116,school,,,36.04645234,5.301739100000001,2678,2678,True,Sétif,9.1,55.0,2026-09-19T08:00,,,
1046783974,school,,,36.0614037,5.251032566666667,837,837,True,Sétif,9.7,55.0,2026-09-19T08:00,,,
1047095462,school,,,36.17116430833333,5.487446266666666,1914,1914,True,Sétif,9.4,55.0,2026-09-19T08:00,,,
1047110055,school,,,36.1719461875,5.3818606125,1797,1797,True,Sétif,9.6,55.0,2026-09-19T08:00,,,
1047187217,school,,,36.18440207368421,5.4400163,861,861,True,Sétif,9.4,55.0,2026-09-19T08:00,,,
1047195929,school,,,36.13694938181818,5.304776581818182,685,685,True,Sétif,9.6,55.0,2026-09-19T08:00,,,
1047207375,school,,,36.10893346,5.26290126,1116,1116,True,Sétif,9.8,55.0,2026-09-19T08:00,,,
1047413342,school,Lycée Chouhada Zenache,,36.74508003846154,5.039128407692307,3177,3177,True,Béjaïa,10.8,48.0,2026-09-19T08:00,,,
1047532106,school,,,36.19498487777778,5.328049688888889,1862,1862,True,Sétif,9.6,55.0,2026-09-19T08:00,,,
1052271345,school,Ecole primaire de Boussaada,,36.452989025,5.3269480625,1430,1430,True,Sétif,10.0,54.0,2026-09-19T08:00,,,
1052287396,place_of_worship,مسجد التقوى,,36.45280258571429,5.330374271428572,416,416,True,Sétif,10.0,54.0,2026-09-19T08:00,,,
1052301193,place_of_worship,,,36.45162838,5.30278936,322,322,True,Sétif,10.0,54.0,2026-09-19T08:00,,,
1052301196,school,CEM Marouaha متوسطة مرواحة,,36.45172089444444,5.307588211111112,3918,3918,True,Sétif,10.0,54.0,2026-09-19T08:00,,,
1052301197,health_facility,Hopital Merouaha المركز الصحي مرواحة,المركز الصحي مرواحة,36.4513997125,5.3060628125,100,100,False,Sétif,10.0,54.0,2026-09-19T08:00,,,
1053314005,school,École primaire de Merouaha,,36.45165302142858,5.31059575,2422,2422,True,Sétif,,,,,,
1055887339,place_of_worship,,,36.45542102,5.30726894,120,120,True,Sétif,,,,,,
1056193786,place_of_worship,,,36.47063252,5.33696694,233,233,True,Sétif,,,,,,
1057722379,school,,,36.13791646923077,6.614280276923077,2433,2433,True,Constantine,,,,,,
1058098747,school,,,36.02284598,6.563400079999999,1823,1823,True,Constantine,,,,,,
1058098748,school,Ecole boumaaraf,,36.025022160000006,6.56327142,2192,2192,True,Constantine,,,,,,
1058098749,school,,,36.02126704,6.562948899999999,3112,3112,True,Constantine,,,,,,
1058103610,school,,,36.042135173333335,6.581885686666666,3569,3569,True,Constantine,,,,,,
1058103613,school,,,36.046410615,6.58289671,1313,1313,True,Constantine,,,,,,
1060333250,school,,,36.830079940000005,7.875933059999999,2452,2452,True,Annaba,,,,,,
1060333251,school,,,36.83009685,7.881943583333332,1096,1096,True,Annaba,,,,,,
1061365160,health_facility,المؤسسة العمومية للصحة الجوارية خراطة,,36.49179781666667,5.277124733333333,100,100,False,Béjaïa,,,,,,
1062888547,school,,,36.17768306000001,5.45932906,2253,2253,True,Sétif,,,,,,
1064557056,school,École primaire de Tinebdar,,36.626365766666666,4.685413133333333,559,559,True,Béjaïa,,,,,,
1065362800,school,Tasnawit Zeyyani Moḥand Arezqi,ثانوية زياني محند أرزقي,36.56128354166667,4.857824083333333,3248,3248,True,Béjaïa,,,,,,
1067851756,school,ابتدائية الشهيد مسعود بوخالفة,,36.0430036875,5.3313205375,1839,1839,True,Sétif,,,,,,
1067851757,school,متوسطة العلامة مدور رابح,,36.0429597375,5.331885225,3519,3519,True,Sétif,,,,,,
1067855878,school,ابتدائية الشهيد احمد قوسمي,,36.04658068,5.3270624600000005,2052,2052,True,Sétif,,,,,,
1067870037,school,,,36.03225784285714,5.338799042857143,2153,2153,True,Sétif,,,,,,
1067870056,school,ثانوية سراي ضحوي,,36.03824358888889,5.339737066666667,4141,4141,True,Sétif,,,,,,
1067870060,school,ابتدائية الشهيد شبل الطاهر,,36.016358000000004,5.33844888,2834,2834,True,Sétif,,,,,,
1067870061,school,المدرسة الإبتدائية الحسين سراي ملول,,36.01449442857143,5.365945342857144,4398,4398,True,Sétif,,,,,,
1067870062,health_facility,المركز الصحي ملول,,36.015419480000006,5.3651435,20,20,False,Sétif,,,,,,
1067870063,school,متوسطة مرابط عبد الرحمان,,36.01564982916667,5.3646380375,2409,2409,True,Sétif,,,,,,
1077639936,school,,,36.16828128,5.49732118,2478,2478,True,Sétif,,,,,,
1078144176,school,,,36.17339025,5.69010650625,1434,1434,True,Sétif,,,,,,
1078161467,school,,,36.17050621428572,5.687729014285714,1435,1435,True,Sétif,,,,,,
1078161468,school,,,36.1700578,5.688316455555555,2397,2397,True,Sétif,,,,,,
1078174041,school,,,36.16754652,5.67350764,1564,1564,True,Sétif,,,,,,
1078174062,school,,,36.16905472,5.6781830200000005,1433,1433,True,Sétif,,,,,,
1080301809,school,Samaai mobarak Boubacar,متوسطة سامعي امبارك بوبكر,36.171823366666665,5.657022477777778,3057,3057,True,Sétif,,,,,,
1080301810,school,ابتدائية سعيد ذويبي,ابتدائية سعيد ذويبي,36.17328882,5.661821219999999,1216,1216,True,Sétif,,,,,,
1080306120,school,,,36.215588725,5.440847691666666,3537,3537,True,Sétif,,,,,,
1080306130,school,,,36.21435272222222,5.439705055555556,2507,2507,True,Sétif,,,,,,
1080306131,school,,,36.21237757777778,5.435071877777777,1752,1752,True,Sétif,,,,,,
1080904508,school,,,36.17542968181818,5.376120627272727,1054,1054,True,Sétif,,,,,,
1086146737,health_facility,عيادة متعددة الخدمات,عيادة متعددة الخدمات,36.02871932,7.603221360000001,20,20,False,Souk Ahras,,,,,,
1087792660,place_of_worship,,,36.70042222,5.03119592,220,220,True,Béjaïa,,,,,,
1087800773,school,,,36.08418132222222,4.762207177777778,20000,20000,True,Bordj Bou Arréridj,,,,,,
1112103709,health_facility,مركز علاج الإدمان,,36.25919052,6.708246320000001,100,100,False,Constantine,,,,,,
1113006040,school,,,36.20796846,6.399342219999999,692,692,True,Constantine,,,,,,
1113274266,place_of_worship,Omar Ibn Al-Khattab Mosque,,36.17652938,6.24385142,243,243,True,Mila,,,,,,
1113274267,school,ابتدائية بوكنتوشة لخضر,,36.16642868571429,6.224693242857143,3966,3966,True,Mila,,,,,,
1116005370,school,,,36.39567554166667,6.607878599999999,1528,1528,True,Constantine,,,,,,
1116008000,school,,,36.39928295,6.614052925,2395,2395,True,Constantine,,,,,,
1116008015,place_of_worship,,,36.40061264,6.61915114,291,291,True,Constantine,,,,,,
1116026487,school,,,36.3945828375,6.613501875,708,708,True,Constantine,,,,,,
1116490851,school,,,36.40656135,6.532191966666667,1284,1284,True,Constantine,,,,,,
1116490873,school,,,36.41383018888889,6.565311855555556,1374,1374,True,Constantine,,,,,,
1116504737,school,,,36.4220015,6.436000342857143,1843,1843,True,Mila,,,,,,
1116546497,school,,,36.3815410375,6.47683575,1289,1289,True,Constantine,,,,,,
1116546508,school,,,36.38400508,6.4702686,1553,1553,True,Constantine,,,,,,
1116546512,health_facility,Ibn Ziad Centre Medical,,36.3818055,6.470460471428572,100,100,False,Constantine,,,,,,
1116546514,school,CEM Al-Masoudi,,36.37844752,6.470039080000001,2638,2638,True,Constantine,,,,,,
1116546515,school,,,36.3807046625,6.4695773125,1607,1607,True,Constantine,,,,,,
1116546527,school,,,36.34250844545455,6.4369300727272725,1336,1336,True,Constantine,,,,,,
1116546551,place_of_worship,,,36.38613402,6.46899824,450,450,True,Constantine,,,,,,
1116546555,school,Lycèe Rabeh Sahdi,,36.378319825,6.465643183333333,5224,5224,True,Constantine,,,,,,
1116757921,place_of_worship,,,36.380938,6.42162568,1637,1637,True,Mila,,,,,,
1116757970,school,,,36.37683951052632,6.3809729684210525,1821,1821,True,Mila,,,,,,
1116761429,school,,,36.3803211,6.416791739999999,1590,1590,True,Mila,,,,,,
1116764059,place_of_worship,,,36.39340186,6.3532089,262,262,True,Mila,,,,,,
1116764063,school,,,36.39062964285714,6.3546206142857145,1041,1041,True,Mila,,,,,,
1116779304,school,École primaire Khemissi Mohamed Cherif,المدرسة الإبتدائية خميسي محمد الشريف,36.39713591111112,6.3224266333333325,1693,1693,True,Mila,,,,,,
1116779327,school,,,36.374832385714285,6.332930028571428,1019,1019,True,Mila,,,,,,
1116779329,place_of_worship,,,36.375280371428566,6.333381057142857,345,345,True,Mila,,,,,,
1116889522,place_of_worship,مسجد علي بن أبي طالب,مسجد علي بن أبي طالب,36.35697648,6.29575222,585,585,True,Mila,,,,,,
1116889525,school,متوسطة ابن السعدي العيد,متوسطة ابن السعدي العيد,36.36154437272727,6.295652099999999,1907,1907,True,Mila,,,,,,
1117339801,health_facility,,,36.74163740952381,7.102464976190477,20,20,False,Skikda,,,,,,
1117339804,health_facility,,,36.742089414814814,7.102070737037037,20,20,False,Skikda,,,,,,
1117651831,school,CEM Mohamed El Ghassiri,متوسطة الغسيري,36.74269183333333,7.11292685,279,279,True,Skikda,,,,,,
1117840439,school,,,36.74087312,7.1101063600000005,220,220,True,Skikda,,,,,,
1117840440,school,,,36.7407132,7.1097487,160,160,True,Skikda,,,,,,
1118083408,school,,,36.3501913,6.29402088,5854,5854,True,Mila,,,,,,
1118083425,school,,,36.35162484,6.29646254,3210,3210,True,Mila,,,,,,
1118083436,place_of_worship,,,36.3489925,6.298971,600,600,True,Mila,,,,,,
1118095699,school,ابتدائية خطابي الخوجة,ابتدائية خطابي الخوجة,36.36305647692308,6.292413607692309,2558,2558,True,Mila,,,,,,
1118133624,place_of_worship,,,36.7641831,7.10896978,615,615,True,Skikda,,,,,,
1118942054,place_of_worship,,,36.739974455,7.108232889999999,213,213,True,Skikda,,,,,,
1119189934,health_facility,,,36.261788,6.688057580000001,20,20,False,Constantine,,,,,,
1121231431,place_of_worship,,,36.54452847142857,6.4077058142857135,343,343,True,Mila,,,,,,
1121231442,school,,,36.56045746666667,6.328433222222222,1264,1264,True,Mila,,,,,,
1121642981,school,,,36.54897016,6.406299300000001,1609,1609,True,Mila,,,,,,
1121648944,school,,,36.581152471428574,6.379653128571428,1337,1337,True,Mila,,,,,,
1121726614,school,,,36.50877602,6.3395848400000006,1487,1487,True,Mila,,,,,,
1122322081,school,,,36.51558723636364,6.3281645,6127,6127,True,Mila,,,,,,
1122322082,school,C.E.M Bousmina,,36.51423628571428,6.329953514285714,3190,3190,True,Mila,,,,,,
1122322083,school,متوسطة 20 اوت 1955,,36.51070367142857,6.337236192857143,6626,6626,True,Mila,,,,,,
1122322084,place_of_worship,مسجد عمر بن الخطاب,,36.50983878,6.33261368,543,543,True,Mila,,,,,,
1122322085,school,ا لمدرسة الابتدائية دباحي الطيب,,36.52749895714286,6.368330928571429,1863,1863,True,Mila,,,,,,
1122322086,school,,,36.50827856666667,6.377028677777777,689,689,True,Mila,,,,,,
1122322088,place_of_worship,مسجد التقوى,,36.50861254285714,6.376887085714285,222,222,True,Mila,,,,,,
1122783403,place_of_worship,,,36.1419401,4.79287358,594,594,True,Bordj Bou Arréridj,,,,,,
1122783415,place_of_worship,,,36.239659540000005,4.82514312,212,212,True,Bordj Bou Arréridj,,,,,,
1122783426,place_of_worship,مسجد أبي بكر الصديق,مسجد أبي بكر الصديق,36.26931983333333,4.837631633333333,588,588,True,Bordj Bou Arréridj,,,,,,
1122783427,place_of_worship,,,36.26772388,4.838792119999999,179,179,True,Bordj Bou Arréridj,,,,,,
1123291685,school,,,36.51481892,6.25922085,1680,1680,True,Mila,,,,,,
1123307531,school,إبتدائية بوشليف العربي,,36.51809125384615,6.259942315384615,1507,1507,True,Mila,,,,,,
1123307538,school,ابتدائية مظاهرة سيدي مروان,,36.51174167777778,6.263252055555556,737,737,True,Mila,,,,,,
1123307539,place_of_worship,,,36.50721315,6.263226166666667,408,408,True,Mila,,,,,,
1123307540,school,Primary School Rachid Bensalah Chabouba,,36.508804171428565,6.262543185714286,1851,1851,True,Mila,,,,,,
1123307541,school,,,36.50838593,6.26145154,3290,3290,True,Mila,,,,,,
1123307554,school,,,36.506321275,6.241074441666666,1706,1706,True,Mila,,,,,,
1123839750,school,,,36.48482434444444,6.303163666666666,2153,2153,True,Mila,,,,,,
1124132587,place_of_worship,Saint Cypérien;الكنيسة القبرصية,الكنيسة القبرصية,36.89750779230769,8.44436986923077,1307,1307,True,El Tarf,,,,,,
1124504329,place_of_worship,عمر بن الخطاب,,36.15070776,4.794434900000001,674,674,True,Bordj Bou Arréridj,,,,,,
1125210247,school,,,36.47563025714286,6.284012242857143,696,696,True,Mila,,,,,,
1125853001,place_of_worship,,,36.64376086,6.03799398,492,492,True,Mila,,,,,,
1128334579,school,Aɣerbaz alemmas Celbi Muḥend Lmulud,,36.545959366666665,4.898984850000001,1890,1890,True,Béjaïa,,,,,,
1139532299,school,ابتدائية مدني رابح,,36.14836078,5.434974599999999,2066,2066,True,Sétif,,,,,,
1139694475,school,مركز التكوين المهني والتمهين عين الطريق,,36.1505121125,5.4397113125,8463,8463,True,Sétif,,,,,,
1139694477,place_of_worship,مسجد سهيل بن عمرو,,36.151726716666666,5.44318695,2080,2080,True,Sétif,,,,,,
1139694478,school,متوسطة المجاهد جارو رابح,,36.15118010909091,5.444274136363636,3667,3667,True,Sétif,,,,,,
1140766920,school,مدرسة لعمش أعمر,مدرسة لعمش أعمر,36.094265042857145,5.485553085714286,2350,2350,True,Sétif,,,,,,
1144346159,place_of_worship,,,36.27516377142857,6.6105794285714286,480,480,True,Constantine,,,,,,
1145151404,place_of_worship,جامع معاذ,,36.52201072,8.47932476,300,300,True,El Tarf,,,,,,
1145579829,school,,,36.27032758333333,6.5777286833333335,2098,2098,True,Constantine,,,,,,
1148755782,place_of_worship,,,36.32691782857143,4.931369957142857,372,372,True,Bordj Bou Arréridj,,,,,,
1148775701,school,,,36.32500574285714,4.877500542857143,1633,1633,True,Bordj Bou Arréridj,,,,,,
1148775902,place_of_worship,,,36.32719615,4.9422230625,323,323,True,Bordj Bou Arréridj,,,,,,
1150296188,school,,,36.65685382,8.36974354,2114,2114,True,El Tarf,,,,,,
1152638096,school,,,36.59702885,7.64624377,1552,1552,True,Guelma,,,,,,
1152686560,school,,,36.64257790833333,7.692319291666667,1848,1848,True,Annaba,,,,,,
1152864660,school,مدرسة الابتدائية عماري صالح,مدرسة الابتدائية عماري صالح,36.62187525555556,7.697518866666666,1832,1832,True,Guelma,,,,,,
1152864661,place_of_worship,,,36.6225516,7.6976292,466,466,True,Guelma,,,,,,
1152864670,fire_station,الحماية المدنية عين بن بيضاء,,36.628213625,7.699131225,30,30,False,Guelma,,,,,,
1152866974,school,متوسطة الشهيد أوصايفية علي,,36.613532675,7.69674025,11293,11293,True,Guelma,,,,,,
1152866978,place_of_worship,,,36.616397733333336,7.697274016666667,1289,1289,True,Guelma,,,,,,
1152900500,school,,,36.606758,7.63071726,835,835,True,Guelma,,,,,,
1153748008,school,المدرسة الإبتدائية غربي عمار,المدرسة الإبتدائية غربي عمار,36.52174698888889,7.451398522222222,1351,1351,True,Guelma,,,,,,
1154447139,school,ثانوية عبد الرحمن بالعقون,,36.326213025,7.1659066875,10127,10127,True,Guelma,,,,,,
1154450023,school,College de Oued Zenati,,36.3195016,7.162230544444444,6539,6539,True,Guelma,,,,,,
1154450029,school,Mohammed Cherifi,,36.32218858,7.168448639999999,1003,1003,True,Guelma,,,,,,
1154450030,school,ثانوية حفار الساس,,36.3284462625,7.1596740625,6104,6104,True,Guelma,,,,,,
1154450031,school,Lycee Technique,,36.326549169230766,7.162473330769231,18357,18357,True,Guelma,,,,,,
1154452626,school,CEM Seghouali M. Haouès,,36.32053022857143,7.168385985714286,2696,2696,True,Guelma,,,,,,
1154452627,school,,,36.31947352,7.168340860000001,1846,1846,True,Guelma,,,,,,
1155003893,school,,,36.43626867692308,7.372193853846154,5640,5640,True,Guelma,,,,,,
1155003908,school,,,36.4299518,7.371517416666666,1664,1664,True,Guelma,,,,,,
1155021176,school,,,36.26714545,7.3868112166666675,1140,1140,True,Guelma,,,,,,
1155062894,school,,,36.4800334,7.164123711111111,698,698,True,Guelma,,,,,,
1155067173,school,,,36.46713938333333,7.003682466666667,1180,1180,True,Constantine,,,,,,
1155254585,school,,,36.43195874285714,7.2099796,918,918,True,Guelma,,,,,,
1155322189,school,,,36.37965538571429,7.090530828571429,1561,1561,True,Guelma,,,,,,
1155327190,school,,,36.4615296,7.1159315375,1317,1317,True,Guelma,,,,,,
1155412373,school,,,36.29872029230769,6.372299415384616,2567,2567,True,Mila,,,,,,
1155412375,school,,,36.295354,6.373710285714286,1547,1547,True,Mila,,,,,,
1155412377,place_of_worship,,,36.29494862,6.373043900000001,1095,1095,True,Mila,,,,,,
1155438372,school,,,36.31757958,6.84094118,3077,3077,True,Constantine,,,,,,
1155575160,place_of_worship,,,36.284186733333335,7.060437211111111,533,533,True,Guelma,,,,,,
1155575161,school,,,36.28463382857143,7.060742471428571,840,840,True,Guelma,,,,,,
1155598760,school,,,36.41701365714285,6.971565885714286,814,814,True,Constantine,,,,,,
1155598762,place_of_worship,,,36.41662002857142,6.969588828571429,602,602,True,Constantine,,,,,,
1155723656,school,,,36.4673597875,7.569880425,1721,1721,True,Guelma,,,,,,
1155813249,school,,,36.465082466666665,7.5464493,963,963,True,Guelma,,,,,,
1155822717,school,,,36.458843925,7.518449866666667,3305,3305,True,Guelma,,,,,,
1155822718,school,,,36.45850355,7.519047775,4363,4363,True,Guelma,,,,,,
1155822734,school,,,36.46149083076923,7.507276692307692,1645,1645,True,Guelma,,,,,,
1155894367,school,,,36.47112278,6.93506852,1389,1389,True,Constantine,,,,,,
1155898250,school,,,36.46694875,6.883305633333333,1618,1618,True,Constantine,,,,,,
1155898254,school,,,36.49452046666667,6.916868783333334,504,504,True,Constantine,,,,,,
1155903415,school,,,36.47565770769231,6.860189884615385,1159,1159,True,Constantine,,,,,,
1155981560,school,,,36.45121916666667,7.55640375,837,837,True,Guelma,,,,,,
1156124803,school,,,36.3133561,6.8420336285714285,1853,1853,True,Constantine,,,,,,
1156131751,place_of_worship,,,36.37627592222222,6.881409144444444,778,778,True,Constantine,,,,,,
1156131768,school,,,36.37247398,6.877376320000001,2018,2018,True,Constantine,,,,,,
1156137393,school,,,36.28618375,6.948749283333334,2859,2859,True,Constantine,,,,,,
1159160448,school,,,36.250236425,6.53413565,2022,2022,True,Constantine,,,,,,
1159160450,school,Beghija Ammar,,36.248543,6.5326095,1334,1334,True,Constantine,,,,,,
1159160451,school,,,36.24782866666666,6.52807955,1293,1293,True,Constantine,,,,,,
1159160452,school,,,36.2463159,6.53028018,1585,1585,True,Constantine,,,,,,
1159160453,school,,,36.24501313636363,6.531089263636364,1400,1400,True,Constantine,,,,,,
1159160454,school,,,36.24436005,6.528841316666667,1096,1096,True,Constantine,,,,,,
1159802585,school,,,36.25047785555555,6.5640454,1480,1480,True,Constantine,,,,,,
1163459311,school,,,36.24909672857142,6.555406628571428,4457,4457,True,Constantine,,,,,,
1172443394,place_of_worship,Mosquée Taouba;مسجد التوبة,مسجد التوبة,36.799960133333336,5.8445571166666666,581,581,True,Jijel,,,,,,
1172446794,place_of_worship,Mosquée Maadh Ben Djabal;مسجد معاذ بن جبل,مسجد معاذ بن جبل,36.78441647142857,5.8421017,504,504,True,Jijel,,,,,,
1172449400,place_of_worship,,,36.766831620000005,5.813835500000001,768,768,True,Jijel,,,,,,
1172452743,place_of_worship,,,36.76551268,5.77305566,572,572,True,Jijel,,,,,,
1172455468,place_of_worship,Mosquée Said Ben Zaid;مسجد سعيد بن زيد,مسجد سعيد بن زيد,36.791777,5.807965171428571,729,729,True,Jijel,,,,,,
1172455536,place_of_worship,Mosquée Abou Bakr As-Siddiq;مسجد أبوبكر الصديق,مسجد أبوبكر الصديق,36.79596987777777,5.799939755555555,531,531,True,Jijel,,,,,,
1172455817,place_of_worship,Mosquée Salah Eddine El Ayoubi;مسجد صلاح الدين الأيوبي,مسجد صلاح الدين الأيوبي,36.79931833846154,5.804505615384615,815,815,True,Jijel,,,,,,
1172456783,place_of_worship,Mosquée El Fath;مسجد الفتح,مسجد الفتح,36.80466,5.807692371428572,422,422,True,Jijel,,,,,,
1172458641,place_of_worship,مسجد موسى بن نصير,مسجد موسى بن نصير,36.80675886666666,5.771204566666667,261,261,True,Jijel,,,,,,
1172461986,emergency_shelter,,,36.82058608,5.76685088,21,21,True,Jijel,,,,,,
1172463651,place_of_worship,مسجد التقوى,مسجد التقوى,36.80238378333333,5.763199533333334,405,405,True,Jijel,,,,,,
1172479597,place_of_worship,,,36.814606688888894,5.743232511111112,1020,1020,True,Jijel,,,,,,
1172484914,place_of_worship,مسجد عثمان بن عفان,مسجد عثمان بن عفان,36.8169158,5.712859857142858,411,411,True,Jijel,,,,,,
1172485947,place_of_worship,مسجد النور,مسجد النور,36.782243655555554,5.667571633333334,1432,1432,True,Jijel,,,,,,
1172487009,place_of_worship,مسجد أبي بكر,مسجد أبي بكر,36.78274318571429,5.653490357142857,1172,1172,True,Jijel,,,,,,
1172487409,emergency_shelter,,,36.79041902,5.65822838,10,10,True,Jijel,,,,,,
1172488778,emergency_shelter,,,36.7745176,5.6385297,10,10,True,Jijel,,,,,,
1172488855,emergency_shelter,,,36.77428486,5.63876122,10,10,True,Jijel,,,,,,
1172489167,emergency_shelter,,,36.77209626,5.63076194,10,10,True,Jijel,,,,,,
1172492225,health_facility,قاعة العلاج أفتيس,قاعة العلاج أفتيس,36.71233332,5.5514772,20,20,False,Jijel,,,,,,
1172493015,place_of_worship,مسجد الخراشة القديم,,36.71325765555556,5.591121133333334,352,352,True,Jijel,,,,,,
1172495244,emergency_shelter,,,36.66228102,5.46274716,13,13,True,Jijel,,,,,,
1172496603,place_of_worship,,,36.66445276,5.47330306,698,698,True,Jijel,,,,,,
1172518123,school,Cem Mouloud Kasem Nait Belkasem Béjaïa ammriw,,36.75240036923077,5.053101900000001,500,500,True,Béjaïa,,,,,,
1172537167,place_of_worship,Mosquée Village Imakhlaf,,36.68403037777777,4.889957,183,183,True,Béjaïa,,,,,,
1172539256,place_of_worship,Emir Abdelkader,,36.68052721428571,4.849833171428571,357,357,True,Béjaïa,12.6,52.0,2026-09-19T08:00,,,
1172539338,health_facility,عيادة الدكتور بلعيد,عيادة الدكتور بلعيد,36.67429885714286,4.854682957142857,20,20,False,Béjaïa,12.6,52.0,2026-09-19T08:00,,,
1172541154,school,École primaire Ghanem Nacer,ابتدائية غانم ناصر,36.68758182,4.85373806,126,126,True,Béjaïa,12.6,52.0,2026-09-19T08:00,,,
1173664535,place_of_worship,,,36.80961956,5.88668632,190,190,True,Jijel,11.1,50.0,2026-09-19T08:00,,,
1173667878,place_of_worship,,,36.81333711428572,5.908479328571429,1386,1386,True,Jijel,9.8,49.0,2026-09-19T08:00,,,
1174048362,place_of_worship,,,36.06465747777778,4.739936533333333,896,896,True,Bordj Bou Arréridj,10.4,56.0,2026-09-19T08:00,,,
1174410194,place_of_worship,,,36.31626485555555,5.742598844444444,713,713,True,Sétif,9.2,54.0,2026-09-19T08:00,,,
1174424734,health_facility,بيت الحكمة للاعشاب الطبية,بيت الحكمة للاعشاب الطبية,36.168374973333336,5.670612593333333,20,20,False,Sétif,8.6,55.0,2026-09-19T08:00,,,
1174425592,place_of_worship,مسجد النور,مسجد النور,36.17138496363636,5.664745781818183,978,978,True,Sétif,8.6,55.0,2026-09-19T08:00,,,
1174436603,health_facility,Dr Bouchilaouin Rachid,,36.14849286,5.6817332,20,20,False,Sétif,8.6,55.0,2026-09-19T08:00,,,
1174608069,place_of_worship,,,36.178652060000005,5.50382248,516,516,True,Sétif,8.7,55.0,2026-09-19T08:00,,,
1174614799,school,,,36.1153561,5.5320542,459,459,True,Sétif,8.7,55.0,2026-09-19T08:00,,,
1174615247,place_of_worship,,,36.12255542857143,5.529618871428572,1330,1330,True,Sétif,8.7,55.0,2026-09-19T08:00,,,
1174615352,place_of_worship,,,36.11696295555556,5.529507066666667,1449,1449,True,Sétif,8.7,55.0,2026-09-19T08:00,,,
1174618457,place_of_worship,,,36.12778632,5.4415646466666665,1331,1331,True,Sétif,9.4,55.0,2026-09-19T08:00,,,
1174642841,place_of_worship,,,36.15082934,5.3594845,334,334,True,Sétif,9.6,55.0,2026-09-19T08:00,,,
1174769859,place_of_worship,Mosquée elquods,,36.46982963809524,5.908864442857142,458,458,True,Mila,10.5,52.0,2026-09-19T08:00,,,
1174776927,place_of_worship,,,36.46079954444444,5.8755642,405,405,True,Mila,10.0,51.0,2026-09-19T08:00,,,
1174785647,place_of_worship,مسجدعثمان بن عفان,,36.408983855555554,5.921904655555555,448,448,True,Mila,10.5,52.0,2026-09-19T08:00,,,
1174811496,place_of_worship,,,36.16423652,6.163220099999999,198,198,True,Mila,8.0,54.0,2026-09-19T08:00,,,
1175689651,place_of_worship,,,36.3104083,6.6229249,491,491,True,Constantine,8.4,54.0,2026-09-19T08:00,,,
1175689828,place_of_worship,Mosquée Benbadis,,36.31158501111111,6.631819355555556,941,941,True,Constantine,8.4,54.0,2026-09-19T08:00,,,
1175693784,place_of_worship,مسجد الرحمان,,36.312993275,6.62433228,1228,1228,True,Constantine,8.4,54.0,2026-09-19T08:00,,,
1175698324,place_of_worship,,,36.342324385714285,6.583669614285715,1005,1005,True,Constantine,10.5,53.0,2026-09-19T08:00,,,
1175698706,place_of_worship,,,36.33808833333333,6.588966511111112,966,966,True,Constantine,10.5,53.0,2026-09-19T08:00,,,
1175703191,place_of_worship,Dar El-Imam;دار الامام,دار الامام,36.37028962,6.61307916,153,153,True,Constantine,8.4,54.0,2026-09-19T08:00,,,
1175704837,place_of_worship,,,36.37441404736842,6.625700531578947,1331,1331,True,Constantine,8.4,54.0,2026-09-19T08:00,,,
1175708331,place_of_worship,al ghofrane,,36.39238807272727,6.641976472727273,1210,1210,True,Constantine,8.4,54.0,2026-09-19T08:00,,,
1176151120,health_facility,EPSP Fafa Embarek,,36.65963042,5.7848257,20,20,False,Jijel,9.8,50.0,2026-09-19T08:00,,,
1176152231,place_of_worship,,,36.6281545,5.768525779999999,253,253,True,Jijel,9.8,50.0,2026-09-19T08:00,,,
1176152567,place_of_worship,,,36.6333852,5.7672449,329,329,True,Jijel,9.8,50.0,2026-09-19T08:00,,,
1176153797,place_of_worship,مسجد التوبة,مسجد التوبة,36.6168644,5.657886542857143,369,369,True,Jijel,9.9,49.0,2026-09-19T08:00,,,
1176159355,place_of_worship,مسجد النور,مسجد النور,36.8358262,6.13494928,510,510,True,Jijel,10.1,49.0,2026-09-19T08:00,,,
1176160176,place_of_worship,,,36.833146388888885,6.097890133333333,529,529,True,Jijel,9.3,49.0,2026-09-19T08:00,,,
1176160438,school,boudjbir houcine,,36.83519672222222,6.133487755555556,1237,1237,True,Jijel,10.1,49.0,2026-09-19T08:00,,,
1176160522,place_of_worship,مسجد النور,مسجد النور,36.83691598181818,6.136662618181819,993,993,True,Jijel,10.1,49.0,2026-09-19T08:00,,,
1176190249,place_of_worship,,,36.76604908,6.23309742,158,158,True,Mila,8.8,50.0,2026-09-19T08:00,,,
1176191457,place_of_worship,مسجد النور,مسجد النور,36.76335265555556,6.262801922222222,1459,1459,True,Mila,8.8,50.0,2026-09-19T08:00,,,
1176198322,place_of_worship,مسجد الإمام مالك,مسجد الإمام مالك,36.75622988,6.28733016,649,649,True,Mila,8.8,50.0,2026-09-19T08:00,,,
1176206876,place_of_worship,,,36.69247816,6.26376786,319,319,True,Mila,9.8,51.0,2026-09-19T08:00,,,
1176237619,place_of_worship,,,36.90690644285714,6.2929538,411,411,True,Jijel,9.4,43.0,2026-09-19T08:00,,,
1176383569,place_of_worship,,,36.84630319130434,6.954803182608695,1451,1451,True,Skikda,12.4,51.0,2026-09-19T08:00,,,
1176397274,school,متوسطة المجاهد شلي احسن,,36.82189562727273,6.890928036363636,184,184,True,Skikda,11.4,48.0,2026-09-19T08:00,,,
1176398322,school,مدرسة,مدرسة الشهيد دخيل الطاهر الابتدائية,36.82050728,6.88890674,33,33,True,Skikda,11.4,48.0,2026-09-19T08:00,,,
1176431733,place_of_worship,,,36.58304233333333,7.332860277777779,787,787,True,Guelma,11.9,52.0,2026-09-19T08:00,,,
1176433992,school,,,36.60913578,7.515217219999999,164,164,True,Guelma,8.6,48.0,2026-09-19T08:00,,,
1176434137,place_of_worship,,,36.60915534285714,7.516022357142857,964,964,True,Guelma,8.6,48.0,2026-09-19T08:00,,,
1176434575,school,,,36.61531034,7.51393468,330,330,True,Guelma,8.6,48.0,2026-09-19T08:00,,,
1176434693,place_of_worship,,,36.611003329411766,7.5082216176470595,1041,1041,True,Guelma,8.6,48.0,2026-09-19T08:00,,,
1176434727,school,,,36.611204704,7.517279088,1105,1105,True,Guelma,8.6,48.0,2026-09-19T08:00,,,
1176435119,place_of_worship,,,36.61059182,7.5127217,432,432,True,Guelma,8.6,48.0,2026-09-19T08:00,,,
1176442021,place_of_worship,مسجد الخلفاء الراشدين,مسجد الخلفاء الراشدين,36.67997623529412,7.748570376470589,2454,2454,True,Annaba,8.9,50.0,2026-09-19T08:00,,,
1176655679,place_of_worship,Mosquée Abdallah Ben Moubarak;مسجد عبد الله بن المبارك,مسجد عبد الله بن المبارك,36.896662395238096,8.453263871428572,832,832,True,El Tarf,9.3,46.0,2026-09-19T08:00,,,
1176656946,school,Collège Haouari Boumediene;كلية هواري بومدين,كلية هواري بومدين,36.88730984761904,8.430577261904762,1387,1387,True,El Tarf,9.3,46.0,2026-09-19T08:00,,,
1176719779,place_of_worship,,,36.58835298,8.180762480000002,333,333,True,El Tarf,8.6,50.0,2026-09-19T08:00,,,
1176722258,place_of_worship,,,36.61739238571429,8.205608914285715,569,569,True,El Tarf,8.1,47.0,2026-09-19T08:00,,,
1176925222,place_of_worship,Basilique Saint-Augustin,,36.881901661538464,7.744666899999999,932,932,True,Annaba,9.9,48.0,2026-09-19T08:00,,,
1177854794,school,,,36.29873972,7.54548956,388,388,True,Guelma,8.6,51.0,2026-09-19T08:00,,,
1177854810,place_of_worship,,,36.306227885714286,7.508610642857143,612,612,True,Guelma,9.2,51.0,2026-09-19T08:00,,,
1177854815,school,,,36.310048941666665,7.506519091666667,3382,3382,True,Guelma,9.2,51.0,2026-09-19T08:00,,,
1177912966,school,,,36.30856482222222,7.506987088888888,2301,2301,True,Guelma,9.2,51.0,2026-09-19T08:00,,,
1178406378,place_of_worship,مسجد قباء,مسجد قباء,36.69272851428571,5.784604771428572,404,404,True,Jijel,9.8,50.0,2026-09-19T08:00,,,
1178406564,place_of_worship,,,36.70503184,5.77598214,394,394,True,Jijel,10.4,50.0,2026-09-19T08:00,,,
1178415110,school,Ecole primaire ouled kheniche nouvelle,,36.55222212857143,5.2485114,358,358,True,Béjaïa,11.1,53.0,2026-09-19T08:00,,,
1178420883,school,Ecole primére ouled kheniche anciene,,36.5544231,5.251992288888889,174,174,True,Béjaïa,11.1,53.0,2026-09-19T08:00,,,
1178769564,school,,,36.27623894285714,7.556838399999999,1337,1337,True,Guelma,8.6,51.0,2026-09-19T08:00,,,
1180171412,school,,,36.17987246,7.370987619999999,1577,1577,True,Guelma,7.4,51.0,2026-09-19T08:00,,,
1180172919,school,,,36.180095916666666,7.366351349999999,1445,1445,True,Guelma,7.4,51.0,2026-09-19T08:00,,,
1180172926,place_of_worship,,,36.17966813636363,7.368177618181818,759,759,True,Guelma,7.4,51.0,2026-09-19T08:00,,,
1180231987,school,,,36.16686282,7.40847096,939,939,True,Guelma,7.7,51.0,2026-09-19T08:00,,,
1180269910,place_of_worship,,,36.76798431428572,4.5435715,172,172,True,Tizi Ouzou,11.4,48.0,2026-09-19T08:00,,,
1180335531,place_of_worship,Salle de prière,مصلى الإقامة الجامعية تارقى أوزمور,36.753407971428565,5.038200528571429,399,399,True,Béjaïa,10.8,48.0,2026-09-19T08:00,,,
1180422879,school,,,36.13351646666667,7.569818133333331,1112,1112,True,Souk Ahras,8.2,51.0,2026-09-19T08:00,,,
1180478584,school,,,36.13648036,7.60364414,1455,1455,True,Souk Ahras,8.2,52.0,2026-09-19T08:00,,,
1180797326,place_of_worship,,,36.42706955714285,6.596384928571429,1300,1300,True,Constantine,9.1,53.0,2026-09-19T08:00,,,
1180822132,health_facility,مركز الاشعة الطبية اليقين,مركز الاشعة الطبية اليقين,36.264792246153846,6.586476407692308,20,20,False,Constantine,9.6,53.0,2026-09-19T08:00,,,
1180823809,place_of_worship,,,36.25418935,6.561903279166667,1306,1306,True,Constantine,9.6,53.0,2026-09-19T08:00,,,
1180826573,school,,,36.1622968375,6.6847112875,34,34,True,Constantine,8.4,53.0,2026-09-19T08:00,,,
1180827543,school,مركز التكوين المهني ماضي تومي,مركز التكوين المهني ماضي تومي,36.1821208,6.70347574,91,91,True,Constantine,8.6,52.0,2026-09-19T08:00,,,
1180828356,place_of_worship,,,36.1738497,6.692384666666666,248,248,True,Constantine,8.4,53.0,2026-09-19T08:00,,,
1180830665,school,مدرسة,مدرسة,36.14109918,6.61011774,97,97,True,Constantine,8.4,53.0,2026-09-19T08:00,,,
1180831868,health_facility,polyclinique,,36.040760414285714,6.565593042857143,20,20,False,Constantine,7.6,54.0,2026-09-19T08:00,,,
1180886540,school,meriem baatoura,,36.31947022,7.1680903,273,273,True,Guelma,9.6,51.0,2026-09-19T08:00,,,
1180887866,school,segwali,,36.32009052307693,7.168200876923077,555,555,True,Guelma,9.6,51.0,2026-09-19T08:00,,,
1180888920,place_of_worship,,,36.37173141428571,7.223435814285715,250,250,True,Guelma,9.4,51.0,2026-09-19T08:00,,,
1180889125,school,,,36.375410542857146,7.223467957142857,363,363,True,Guelma,9.4,51.0,2026-09-19T08:00,,,
1180889751,school,,,36.37545250909091,7.2227699,455,455,True,Guelma,9.4,51.0,2026-09-19T08:00,,,
1180893475,place_of_worship,Mosquée Tahar Dahmoune,,36.444994988888894,7.310728466666666,1447,1447,True,Guelma,9.5,50.0,2026-09-19T08:00,,,
1180901163,place_of_worship,مسجد أويس بن عامر القرني,مسجد أويس بن عامر القرني,36.46995828235294,7.414395964705882,1210,1210,True,Guelma,10.1,51.0,2026-09-19T08:00,,,
1181090933,school,,,36.1119127,7.688976820000001,506,506,True,Souk Ahras,8.2,52.0,2026-09-19T08:00,,,
1181090937,school,,,36.11446938,7.689183560000001,1767,1767,True,Souk Ahras,8.2,52.0,2026-09-19T08:00,,,
1181105364,school,,,36.161263000000005,7.7095178,1327,1327,True,Souk Ahras,8.5,52.0,2026-09-19T08:00,,,
1181105369,school,,,36.16246904705882,7.7105545705882355,3876,3876,True,Souk Ahras,8.5,52.0,2026-09-19T08:00,,,
1181299205,school,,,36.07710452,7.81045426,1037,1037,True,Souk Ahras,8.7,51.0,2026-09-19T08:00,,,
1181369407,place_of_worship,مسجد الشهداء,,36.4608439,7.420526700000001,84,84,True,Guelma,10.1,51.0,2026-09-19T08:00,,,
1181401506,school,المعهد الوطني المتخصص في التكوين المهني بوتمجت ابراهيم بن حمو,المعهد الوطني المتخصص في التكوين المهني بوتمجت ابراهيم بن حمو,36.07692893529412,7.831175441176471,11167,11167,True,Souk Ahras,8.7,51.0,2026-09-19T08:00,,,
1181401507,school,متوسطة حاج مسعود أحمد,متوسطة حاج مسعود أحمد,36.0763165,7.829861552380953,4168,4168,True,Souk Ahras,8.7,51.0,2026-09-19T08:00,,,
1181401508,health_facility,,,36.073322180000005,7.82663002,20,20,False,Souk Ahras,8.7,51.0,2026-09-19T08:00,,,
1181401509,school,ابتدائية بلحسن معمر,ابتدائية بلحسن معمر,36.0736288,7.827066719999999,2327,2327,True,Souk Ahras,8.7,51.0,2026-09-19T08:00,,,
1181401562,school,بودهانه السعدي,بودهانه السعدي,36.07134876,7.825235626666667,2471,2471,True,Souk Ahras,8.7,51.0,2026-09-19T08:00,,,
1181401563,school,متوسطة الإخوة درواز,متوسطة الإخوة درواز,36.07226161875,7.82416035625,2281,2281,True,Souk Ahras,8.7,51.0,2026-09-19T08:00,,,
1181401566,school,ثانوية آيت سي محمد محمد بن عمار,ثانوية آيت سي محمد محمد بن عمار,36.069836226666666,7.824306473333333,5940,5940,True,Souk Ahras,8.7,51.0,2026-09-19T08:00,,,
1181426878,fire_station,الحماية المدنية,الحماية المدنية,36.83855772727273,8.127760745454545,30,30,False,El Tarf,6.9,42.0,2026-09-19T08:00,,,
1181427960,school,مدرسة العيد فلاح المتوسطة,مدرسة العيد فلاح المتوسطة,36.84029128,8.12109064,24,24,True,El Tarf,6.9,42.0,2026-09-19T08:00,,,
1181428165,health_facility,المؤسسة العمومية للصحة الجوارية,المؤسسة العمومية للصحة الجوارية,36.83809396666666,8.127348122222223,20,20,False,El Tarf,6.9,42.0,2026-09-19T08:00,,,
1181428412,place_of_worship,عمر بن عبد العزيز,عمر بن عبد العزيز,36.83806296,8.12390896,155,155,True,El Tarf,6.9,42.0,2026-09-19T08:00,,,
1181742963,school,,,36.15336922,8.00694308,2694,2694,True,Souk Ahras,9.6,51.0,2026-09-19T08:00,,,
1181743034,school,,,36.07705744,7.87447708,1292,1292,True,Souk Ahras,8.7,51.0,2026-09-19T08:00,,,
1181743875,school,,,36.1517344,8.008050742857142,1700,1700,True,Souk Ahras,9.6,51.0,2026-09-19T08:00,,,
1181744739,school,,,36.18931114285714,7.982934242857143,2005,2005,True,Souk Ahras,9.0,51.0,2026-09-19T08:00,,,
1181767132,school,,,36.23023347142857,7.956984942857143,1258,1258,True,Souk Ahras,8.5,51.0,2026-09-19T08:00,,,
1182030505,place_of_worship,,,36.65561343846154,8.104973246153845,752,752,True,El Tarf,8.2,48.0,2026-09-19T08:00,,,
1182053847,school,متوسطه مشنتل محمد الطاهر,متوسطه مشنتل محمد الطاهر,36.1923624875,7.7850169375,2209,2209,True,Souk Ahras,8.5,52.0,2026-09-19T08:00,,,
1182053848,school,ابتدائية صالح الذيب,ابتدائية صالح الذيب,36.192147160000005,7.78547772,1248,1248,True,Souk Ahras,8.5,52.0,2026-09-19T08:00,,,
1182053849,school,ثانوية مساعدية محمد الشريف,ثانوية مساعدية محمد الشريف,36.19330465,7.788861616666666,5598,5598,True,Souk Ahras,8.5,52.0,2026-09-19T08:00,,,
1182243637,place_of_worship,مسجد الرحمة,مسجد الرحمة,36.4501244,8.443117084615384,930,930,True,El Tarf,10.6,52.0,2026-09-19T08:00,,,
1182502537,school,متوسطة بابو محمد شريف,متوسطة بابو محمد شريف,36.92231468,7.752602393333333,872,872,True,Annaba,8.3,42.0,2026-09-19T08:00,,,
1182504959,school,Ecole Privé El Idrissi (Annexe),,36.91433906,7.768308020000001,86,86,True,Annaba,8.3,42.0,2026-09-19T08:00,,,
1182830660,school,ثانوية فرشاني معمر بن علي,ثانوية فرشاني معمر بن علي,36.120356854545456,7.876521590909092,7216,7216,True,Souk Ahras,9.0,51.0,2026-09-19T08:00,,,
1182832154,school,,,36.1235697,7.88089794,1544,1544,True,Souk Ahras,9.0,51.0,2026-09-19T08:00,,,
1182844178,school,متوسطة فرشاني الزين,متوسطة فرشاني الزين,36.119353700000005,7.88137365,6812,6812,True,Souk Ahras,9.0,51.0,2026-09-19T08:00,,,
1182844180,school,متوسطة خلفاوي مبروك,متوسطة خلفاوي مبروك,36.12180955454546,7.878649581818181,2229,2229,True,Souk Ahras,9.0,51.0,2026-09-19T08:00,,,
1182844181,school,مركز التكوين المهني والتمهين الدريعة,مركز التكوين المهني والتمهين الدريعة,36.12159604,7.877811540000001,1789,1789,True,Souk Ahras,9.0,51.0,2026-09-19T08:00,,,
1182844190,school,إبتدائية رابح فرشاني,إبتدائية رابح فرشاني,36.12301937692308,7.8835252076923075,2238,2238,True,Souk Ahras,9.0,51.0,2026-09-19T08:00,,,
1182865485,school,ابتدائية بوخضرة الجديدة,ابتدائية بوخضرة الجديدة,36.87370558571428,7.746472071428571,64,64,True,Annaba,9.9,48.0,2026-09-19T08:00,,,
1182891905,place_of_worship,,,36.79455831428572,7.744850585714286,1326,1326,True,Annaba,10.5,48.0,2026-09-19T08:00,,,
1182917940,place_of_worship,مسجد خالد بن الوليد,مسجد خالد بن الوليد,36.50278195555556,7.444319033333334,1151,1151,True,Guelma,11.7,54.0,2026-09-19T08:00,,,
1183379011,school,,,36.17887855555556,7.730799766666667,1728,1728,True,Souk Ahras,8.5,52.0,2026-09-19T08:00,,,
1183379030,school,,,36.155355785714285,7.751968085714286,989,989,True,Souk Ahras,8.5,52.0,2026-09-19T08:00,,,
1183653440,school,,,36.19236232222222,7.968002422222223,2246,2246,True,Souk Ahras,9.0,51.0,2026-09-19T08:00,,,
1183712898,place_of_worship,,,36.03823844,7.67241118,378,378,True,Souk Ahras,8.1,52.0,2026-09-19T08:00,,,
1183712938,school,,,36.019063023076924,7.534831730769231,1919,1919,True,Oum El Bouaghi,8.1,52.0,2026-09-19T08:00,,,
1183874587,school,,,36.19520105714286,7.653381757142857,1994,1994,True,Souk Ahras,8.2,52.0,2026-09-19T08:00,,,
1183887983,school,,,36.20702338,7.61060982,664,664,True,Souk Ahras,8.6,51.0,2026-09-19T08:00,,,
1184009464,school,,,36.255226885714286,7.706383657142857,676,676,True,Souk Ahras,8.8,51.0,2026-09-19T08:00,,,
1184150850,place_of_worship,,,36.82683462,7.64011078,502,502,True,Annaba,10.1,46.0,2026-09-19T08:00,,,
1184477757,school,,,36.09007034,7.79263122,1360,1360,True,Souk Ahras,8.2,52.0,2026-09-19T08:00,,,
1185161268,place_of_worship,,,36.2088242,8.277270957142857,491,491,True,Souk Ahras,9.7,51.0,2026-09-19T08:00,,,
1185385919,place_of_worship,مسجد التوبة,مسجد التوبة,36.64726603636364,6.0171672727272725,669,669,True,Jijel,8.4,49.0,2026-09-19T08:00,,,
1185397048,place_of_worship,,,36.44210743333333,4.853211244444444,1036,1036,True,Béjaïa,11.1,54.0,2026-09-19T08:00,,,
1185739890,place_of_worship,Mosquée n'Tighit,مسجد تيغيت,36.44256267142857,4.648933914285714,80,80,True,Bordj Bou Arréridj,14.4,54.0,2026-09-19T08:00,,,
1185739992,place_of_worship,Mosquée Oussaka,مسجد أوساكا,36.43782534,4.65746984,44,44,True,Bordj Bou Arréridj,14.4,54.0,2026-09-19T08:00,,,
1185740062,place_of_worship,Mosquée Tighilt,مسجد تيغيلت,36.44443731428572,4.647680442857143,136,136,True,Bordj Bou Arréridj,14.4,54.0,2026-09-19T08:00,,,
1185740348,place_of_worship,Nouvelle Mosquée,المسجد الجديد,36.440948715000005,4.651095485,450,450,True,Bordj Bou Arréridj,14.4,54.0,2026-09-19T08:00,,,
1185740629,place_of_worship,Al-Nur Mosque,مسجد النور,36.44062828,4.650399500000001,184,184,True,Bordj Bou Arréridj,14.4,54.0,2026-09-19T08:00,,,
1185751164,place_of_worship,Mosquée de Iqemunen,مسجد إيقيمونن,36.4409968,4.68126578,245,245,True,Bordj Bou Arréridj,14.4,54.0,2026-09-19T08:00,,,
1185751328,place_of_worship,,,36.44220472222222,4.681328377777778,469,469,True,Bordj Bou Arréridj,14.4,54.0,2026-09-19T08:00,,,
1185752553,place_of_worship,Mosquée El Khendek,مسجد الخندق,36.4452919,4.685397245454546,430,430,True,Bordj Bou Arréridj,14.4,54.0,2026-09-19T08:00,,,
1185759052,place_of_worship,Mosquée de Tachouaft,مسجد تشوافـت,36.46655955999999,4.71888666,69,69,True,Béjaïa,12.2,54.0,2026-09-19T08:00,,,
1185773734,place_of_worship,Mosquée Ibahlal مسجد إبهلال,مسجد إبهلال,36.560948833333335,4.860964077777777,246,246,True,Béjaïa,12.8,53.0,2026-09-19T08:00,,,
1185775979,place_of_worship,Mosquée Iguer Guendouz مسجد إيقر قندوز,مسجد إيقر قندوز,36.56167767777778,4.860888322222222,289,289,True,Béjaïa,12.8,53.0,2026-09-19T08:00,,,
1185777375,place_of_worship,Mosquée Ait Ounir,,36.56255238000001,4.839836399999999,127,127,True,Béjaïa,12.8,53.0,2026-09-19T08:00,,,
1185777674,place_of_worship,Mosquée Iadnanene,,36.55913196,4.8416312,36,36,True,Béjaïa,12.8,53.0,2026-09-19T08:00,,,
1185777760,place_of_worship,Sidi Ḥmed Aɛednan,,36.55881008,4.842329080000001,56,56,True,Béjaïa,12.8,53.0,2026-09-19T08:00,,,
1185832915,place_of_worship,sidi ali ou salem,,36.60059912,4.83918494,105,105,True,Béjaïa,12.6,52.0,2026-09-19T08:00,,,
1185836749,place_of_worship,Lǧameɛ Ugerbi,,36.61510406,4.82749346,57,57,True,Béjaïa,12.6,52.0,2026-09-19T08:00,,,
1185972198,place_of_worship,,,36.49915254444445,5.03960528888889,621,621,True,Béjaïa,10.7,54.0,2026-09-19T08:00,,,
1185975140,health_facility,iyd motadidat alkhdmat,,36.397403716666666,5.0257199,20,20,False,Béjaïa,10.7,55.0,2026-09-19T08:00,,,
1185976016,place_of_worship,,,36.39749916,5.02536482,510,510,True,Béjaïa,10.7,55.0,2026-09-19T08:00,,,
1186060675,place_of_worship,,,36.16097182,8.028196099999999,589,589,True,Souk Ahras,9.6,51.0,2026-09-19T08:00,,,
1186086836,place_of_worship,Mosquée Omar Ibn El Khattab,مسجد عمر بن الخطاب,36.07944157058824,7.818147717647058,1587,1587,True,Souk Ahras,8.7,51.0,2026-09-19T08:00,,,
1186098159,place_of_worship,,,36.54599194,4.72133994,177,177,True,Béjaïa,13.7,53.0,2026-09-19T08:00,,,
1186303258,place_of_worship,مسجد عبد الحميد بن باديس,,36.06691231818182,6.040719463636364,815,815,True,Mila,7.9,54.0,2026-09-19T08:00,,,
1186303857,place_of_worship,النصر,,36.0773357,6.056040072727273,674,674,True,Mila,7.9,54.0,2026-09-19T08:00,,,
1186497628,health_facility,Centre de soins Tiliouacadi,مركز رعاية ثلواقاضي,36.60241271111111,4.631407233333333,20,20,False,Béjaïa,12.8,51.0,2026-09-19T08:00,,,
1186500996,fire_station,,,36.59221664285714,4.610537414285714,30,30,False,Béjaïa,12.0,53.0,2026-09-19T08:00,,,
1186502251,place_of_worship,,,36.59333787272727,4.617346890909091,544,544,True,Béjaïa,12.0,53.0,2026-09-19T08:00,,,
1186503672,place_of_worship,Axxam n cheikh,,36.57013243636364,4.613930472727272,848,848,True,Béjaïa,12.0,53.0,2026-09-19T08:00,,,
1186503731,school,CEM Tijounane,المدرسة المتوسطة ثيجونان,36.57273139090909,4.626360390909091,542,542,True,Béjaïa,12.0,53.0,2026-09-19T08:00,,,
1186625640,health_facility,عيادة أوزلاقن,عيادة أوزلاقن,36.54585251428572,4.608707885714286,20,20,False,Béjaïa,12.0,53.0,2026-09-19T08:00,,,
1186746819,health_facility,مركز الصحة,مركز الصحة,36.46444062,4.53630462,100,100,False,Bordj Bou Arréridj,15.0,54.0,2026-09-19T08:00,,,
1187229862,place_of_worship,,,36.39577836666667,5.243791633333333,517,517,True,Sétif,9.6,54.0,2026-09-19T08:00,,,
1187383345,place_of_worship,,,36.26803325714285,4.845130342857142,316,316,True,Bordj Bou Arréridj,11.5,55.0,2026-09-19T08:00,,,
1187384909,place_of_worship,Mosquée Bouhidousse,مسجد بوحيدوس,36.26926047826087,4.846113730434783,377,377,True,Bordj Bou Arréridj,11.5,55.0,2026-09-19T08:00,,,
1187410361,place_of_worship,,,36.26927362222222,4.824146933333334,537,537,True,Bordj Bou Arréridj,11.5,55.0,2026-09-19T08:00,,,
1187490603,place_of_worship,مسجد العتيق,مسجد العتيق,36.12910182222223,5.077323411111111,698,698,True,Bordj Bou Arréridj,11.0,55.0,2026-09-19T08:00,,,
1187491127,place_of_worship,مسجد ذي النورين,مسجد ذي النورين,36.132993414285714,5.072849814285713,1515,1515,True,Bordj Bou Arréridj,11.0,55.0,2026-09-19T08:00,,,
1187491304,place_of_worship,الزاوية القرانية العيد لطرش,الزاوية القرانية العيد لطرش,36.12771687333333,5.078593713333333,531,531,True,Bordj Bou Arréridj,11.0,55.0,2026-09-19T08:00,,,
1187491825,place_of_worship,مسجد التقوى,مسجد التقوى,36.13443365625,5.0788882875,1148,1148,True,Bordj Bou Arréridj,11.0,55.0,2026-09-19T08:00,,,
1187492459,place_of_worship,,,36.14001189473684,5.032435636842106,1318,1318,True,Bordj Bou Arréridj,11.0,55.0,2026-09-19T08:00,,,
1187900389,school,,,36.0224646,8.113433316666667,1906,1906,True,Souk Ahras,9.2,50.0,2026-09-19T08:00,,,
1188429016,school,,,36.06086158,8.22733942,2134,2134,True,Souk Ahras,10.0,51.0,2026-09-19T08:00,,,
1188815752,school,,,36.22673312222222,8.083931122222221,1444,1444,True,Souk Ahras,8.2,51.0,2026-09-19T08:00,,,
1188815774,place_of_worship,,,36.2287043,8.06469546,318,318,True,Souk Ahras,8.2,51.0,2026-09-19T08:00,,,
1188815775,school,,,36.22882983636364,8.065422681818182,2826,2826,True,Souk Ahras,8.2,51.0,2026-09-19T08:00,,,
1188815808,place_of_worship,,,36.25293204285714,8.009038414285714,811,811,True,Souk Ahras,8.2,51.0,2026-09-19T08:00,,,
1188868219,school,,,36.220561966666665,8.050738766666667,1186,1186,True,Souk Ahras,8.2,51.0,2026-09-19T08:00,,,
1188868220,place_of_worship,,,36.22113734,8.05055486,552,552,True,Souk Ahras,8.2,51.0,2026-09-19T08:00,,,
1188948795,school,,,36.1534194,8.197826742857142,5589,5589,True,Souk Ahras,9.1,51.0,2026-09-19T08:00,,,
1188948797,school,,,36.1531489125,8.2007177375,3242,3242,True,Souk Ahras,9.2,51.0,2026-09-19T08:00,,,
1189935879,school,متوسطة مكيرشة الدراجي,متوسطة مكيرشة الدراجي,36.71932481538462,5.900516676923076,3664,3664,True,Jijel,9.2,48.0,2026-09-19T08:00,,,
1190856220,school,,,36.08171964,8.2815399,2366,2366,True,Souk Ahras,10.0,51.0,2026-09-19T08:00,,,
1192392056,place_of_worship,,,36.84531039090909,7.423880627272727,789,789,True,Annaba,9.2,43.0,2026-09-19T08:00,,,
1192394368,place_of_worship,مسجد عقبة بن نافع,,36.82583926,7.432412139999999,465,465,True,Annaba,9.2,43.0,2026-09-19T08:00,,,
1192395223,place_of_worship,مسجد طلحة بن عبيد الله,,36.82523675714286,7.439867464285714,1793,1793,True,Annaba,9.2,43.0,2026-09-19T08:00,,,
1192395349,health_facility,عيادة متعددة الخدمات الكاليتوسة,,36.819101609090914,7.430179909090909,20,20,False,Annaba,9.2,43.0,2026-09-19T08:00,,,
1192395393,place_of_worship,مسجد عمرو بن العاص,,36.819005638095234,7.437540390476191,3039,3039,True,Annaba,9.2,43.0,2026-09-19T08:00,,,
1192397825,school,,,36.29758076,8.24072496,1809,1809,True,Souk Ahras,9.7,51.0,2026-09-19T08:00,,,
1192397837,school,,,36.0285687,8.342554345454545,6510,6510,True,Souk Ahras,10.0,51.0,2026-09-19T08:00,,,
1192428381,school,,,36.32058658571429,8.187576414285713,1128,1128,True,Souk Ahras,9.2,51.0,2026-09-19T08:00,,,
1192428413,school,,,36.2696467375,8.2136596375,1496,1496,True,Souk Ahras,9.7,51.0,2026-09-19T08:00,,,
1192669956,school,,,36.4984881,8.036273900000001,2348,2348,True,Souk Ahras,9.1,51.0,2026-09-19T08:00,,,
1192669973,school,,,36.4948972,8.00738964,806,806,True,Souk Ahras,9.1,51.0,2026-09-19T08:00,,,
1194088087,place_of_worship,,,36.26372062,4.699333579999999,172,172,True,Bordj Bou Arréridj,10.1,55.0,2026-09-19T08:00,,,
1194088629,place_of_worship,,,36.26636733333333,4.699093173333334,296,296,True,Bordj Bou Arréridj,10.1,55.0,2026-09-19T08:00,,,
1194088862,place_of_worship,,,36.26263421428571,4.703662985714286,268,268,True,Bordj Bou Arréridj,11.1,55.0,2026-09-19T08:00,,,
1194091371,place_of_worship,,,36.26216636,4.716531000000001,232,232,True,Bordj Bou Arréridj,11.1,55.0,2026-09-19T08:00,,,
1195105690,place_of_worship,مسجد عمار بن ياسر,,36.33692594,5.4132516200000005,399,399,True,Sétif,9.6,55.0,2026-09-19T08:00,,,
1195106794,place_of_worship,مسجد الثنية,,36.3276149,5.400091720000001,148,148,True,Sétif,9.6,55.0,2026-09-19T08:00,,,
1195115619,place_of_worship,,,36.5073778,5.5881379,142,142,True,Jijel,9.1,51.0,2026-09-19T08:00,,,
1196153924,place_of_worship,مسجد ابن تيمية,,36.33765171428571,5.4396770142857145,639,639,True,Sétif,9.6,55.0,2026-09-19T08:00,,,
1196155588,health_facility,المركز الصحي عكال الحسين,,36.29260102,5.527181000000001,20,20,False,Sétif,9.0,54.0,2026-09-19T08:00,,,
1196158584,place_of_worship,,,36.27627102,5.43562332,412,412,True,Sétif,9.2,55.0,2026-09-19T08:00,,,
1197086595,health_facility,Clinique d'hemodialyse Bendaoud,,36.05972186,4.77634772,20,20,False,Bordj Bou Arréridj,10.4,56.0,2026-09-19T08:00,,,
1197087136,health_facility,Clinique d'hémodialyse BENDAOUD,,36.05982208,4.7757809600000005,20,20,False,Bordj Bou Arréridj,10.4,56.0,2026-09-19T08:00,,,
1197124500,place_of_worship,مسجد بلال بن رباح,,36.034995823076926,4.814358507692308,1095,1095,True,Bordj Bou Arréridj,11.2,55.0,2026-09-19T08:00,,,
1197221980,place_of_worship,,,36.41993015,5.1556339,293,293,True,Sétif,10.1,54.0,2026-09-19T08:00,,,
1197287751,place_of_worship,Mosquée Tizert,مسجد تيزرت,36.49201982,4.73744954,190,190,True,Béjaïa,12.2,54.0,2026-09-19T08:00,,,
1197300259,place_of_worship,,,36.47550033333333,5.044818633333334,398,398,True,Béjaïa,10.7,54.0,2026-09-19T08:00,,,
1197312352,place_of_worship,,,36.34458818,5.13814268,322,322,True,Sétif,10.1,55.0,2026-09-19T08:00,,,
1197364190,place_of_worship,,,36.34363424285714,5.464368957142858,632,632,True,Sétif,9.6,55.0,2026-09-19T08:00,,,
1197364696,place_of_worship,,,36.35006858,5.47071026,358,358,True,Sétif,9.6,55.0,2026-09-19T08:00,,,
1197364948,health_facility,قاعة العلاج الشهيد فرّاح علاوة,,36.3433242,5.4875521888888885,20,20,False,Sétif,9.6,55.0,2026-09-19T08:00,,,
1197392209,place_of_worship,مسجد سعيد بن زيد,,36.28901833333333,5.5433145,402,402,True,Sétif,9.0,54.0,2026-09-19T08:00,,,
1197393896,place_of_worship,مسجد علي بن أبي طالب,,36.29497154,5.520654179999999,407,407,True,Sétif,9.0,54.0,2026-09-19T08:00,,,
1197405247,place_of_worship,,,36.40764691666666,5.63828525,755,755,True,Sétif,9.5,53.0,2026-09-19T08:00,,,
1197430054,place_of_worship,مسجد علي بن أبي طالب,,36.31027237692307,5.841303315384615,729,729,True,Sétif,9.0,53.0,2026-09-19T08:00,,,
1198462814,place_of_worship,Old mosque,,36.679209185714285,6.721566271428571,342,342,True,Skikda,8.7,51.0,2026-09-19T08:00,,,
1198797967,place_of_worship,Mosquée de Bin El Ouiden,,36.80864046923077,6.567062730769231,1199,1199,True,Skikda,7.5,45.0,2026-09-19T08:00,,,
1198798467,health_facility,Salle de soins,,36.80873613999999,6.567799259999999,20,20,False,Skikda,7.5,45.0,2026-09-19T08:00,,,
1199483533,school,دروس خصوصية,دروس خصوصية,36.11795264,6.35956714,57,57,True,Constantine,7.8,54.0,2026-09-19T08:00,,,
1199488648,place_of_worship,مسجد بلال بن رباح,مسجد بلال بن رباح,36.1094647,6.34599102,165,165,True,Constantine,7.8,54.0,2026-09-19T08:00,,,
1199602614,health_facility,Polyclinique,,36.52999186363636,6.125048154545454,20,20,False,Mila,9.8,52.0,2026-09-19T08:00,,,
1199717526,place_of_worship,,,36.0672572,4.64317118,1024,1024,True,Bordj Bou Arréridj,9.8,56.0,2026-09-19T08:00,,,
1200648541,place_of_worship,,,36.048234792307696,5.140212376923076,509,509,True,Sétif,10.4,55.0,2026-09-19T08:00,,,
1200649225,place_of_worship,,,36.04535239230769,5.127977723076923,587,587,True,Sétif,10.4,55.0,2026-09-19T08:00,,,
1204611880,school,ثانوية جميلي النوري,ثانوية جميلي النوري,36.62243674545454,7.69864329090909,4827,4827,True,Guelma,9.3,50.0,2026-09-19T08:00,,,
1204611881,school,المدرسة الابتدائية عطايلية عبيد,,36.61854855714286,7.697798771428571,1394,1394,True,Guelma,9.3,50.0,2026-09-19T08:00,,,
1205330609,health_facility,مركز البلسم للتصوير الطبي الومضائي (سنتغرافي),مركز البلسم للتصوير الطبي الومضائي (سنتغرافي),36.0663805,4.742247742857143,20,20,False,Bordj Bou Arréridj,10.4,56.0,2026-09-19T08:00,,,
1205331525,place_of_worship,مسجد عائشة ام المؤمنين,,36.0752411125,4.7406438125,844,844,True,Bordj Bou Arréridj,10.4,56.0,2026-09-19T08:00,,,
1206264493,health_facility,Polyclinique,,36.2660204,7.9402753,20,20,False,Souk Ahras,8.5,51.0,2026-09-19T08:00,,,
1206265137,health_facility,مركز العتيق للاشعة,مركز العتيق للاشعة,36.28209510000001,7.95854258,100,100,False,Souk Ahras,8.5,51.0,2026-09-19T08:00,,,
1206350175,health_facility,,,36.28571267142858,7.944671,20,20,False,Souk Ahras,8.5,51.0,2026-09-19T08:00,,,
1206673861,place_of_worship,,,36.87809096666667,7.268545911111111,361,361,True,Skikda,8.0,44.0,2026-09-19T08:00,,,
1207130627,place_of_worship,مسجد الأمير عبد القادر,,36.51923536,6.25921634,1004,1004,True,Mila,10.5,52.0,2026-09-19T08:00,,,
1207130733,place_of_worship,مسجد الفرقان,مسجد الفرقان,36.51958176,6.26459528,313,313,True,Mila,10.5,52.0,2026-09-19T08:00,,,
1208858938,place_of_worship,مسجد الفتح,مسجد الفتح,36.357906027272726,6.627917227272727,760,760,True,Constantine,8.4,54.0,2026-09-19T08:00,,,
1209041158,place_of_worship,,,36.86779304285714,6.263157928571429,278,278,True,Jijel,10.9,48.0,2026-09-19T08:00,,,
1209111082,school,مدرسة إبراهيم الذيب,,36.680944233333335,6.930051,2111,2111,True,Skikda,9.2,49.0,2026-09-19T08:00,,,
1210534529,place_of_worship,مسجد عائشة أم المؤمنين,مسجد عائشة أم المؤمنين,36.355608492307695,6.619243776923077,1667,1667,True,Constantine,8.4,54.0,2026-09-19T08:00,,,
1211576927,place_of_worship,,,36.78153930909091,5.972830972727272,666,666,True,Jijel,9.2,48.0,2026-09-19T08:00,,,
1212053017,school,إبتدائية محمد بوخلوط,إبتدائية محمد بوخلوط,36.7179969,5.89699242,2136,2136,True,Jijel,10.6,48.0,2026-09-19T08:00,,,
1212053030,place_of_worship,مسجد الهدى,مسجد الهدى,36.71421263333333,5.896762955555555,422,422,True,Jijel,10.6,48.0,2026-09-19T08:00,,,
1214826337,place_of_worship,,,36.82619058,4.94158318,436,436,True,Béjaïa,9.9,43.0,2026-09-19T08:00,,,
1215581586,health_facility,Policlinique,,36.453375245833335,6.049825945833334,100,100,False,Mila,10.1,52.0,2026-09-19T08:00,,,
1215587832,health_facility,,,36.45328724285714,6.0497974,100,100,False,Mila,10.1,52.0,2026-09-19T08:00,,,
1216307269,school,,,36.496866483333335,8.110334016666666,1124,1124,True,Souk Ahras,8.9,51.0,2026-09-19T08:00,,,
1218984107,school,,,36.83781046,7.70312208,1695,1695,True,Annaba,9.9,48.0,2026-09-19T08:00,,,
1221493670,place_of_worship,,,36.60736716,6.10153026,403,403,True,Mila,9.2,50.0,2026-09-19T08:00,,,
1221918771,place_of_worship,,,36.25491952857143,5.2659904,437,437,True,Sétif,9.5,54.0,2026-09-19T08:00,,,
1224955757,school,المدرسة الإبتدائية بومحروق عقيلة,المدرسة الإبتدائية بومحروق عقيلة,36.7699911125,5.89890735625,868,868,True,Jijel,10.6,48.0,2026-09-19T08:00,,,
1224955758,school,المدرسة الإبتدائية بوكروس عبد الحميد,المدرسة الإبتدائية بوكروس عبد الحميد,36.76947291538461,5.898423784615384,927,927,True,Jijel,10.6,48.0,2026-09-19T08:00,,,
1224955763,emergency_shelter,,,36.76554562,5.89660966,33,33,True,Jijel,10.6,48.0,2026-09-19T08:00,,,
1225008463,school,إبتدائية ركينة عبد الله,إبتدائية ركينة عبد الله,36.786419925,5.903748441666667,1829,1829,True,Jijel,9.2,48.0,2026-09-19T08:00,,,
1225025955,school,متوسطة عيبش مختار,متوسطة عيبش مختار,36.7896645,5.885786541666668,4790,4790,True,Jijel,10.6,48.0,2026-09-19T08:00,,,
1225146424,place_of_worship,مسجد التوبة - لقراية,مسجد التوبة - لقراية,36.74338363636363,5.947248154545455,462,462,True,Jijel,9.2,48.0,2026-09-19T08:00,,,
1225365977,school,,,36.6999486125,5.9416474,1351,1351,True,Jijel,9.1,49.0,2026-09-19T08:00,,,
1225372450,place_of_worship,,,36.74668325555555,6.032436055555555,491,491,True,Jijel,8.7,48.0,2026-09-19T08:00,,,
1225407045,school,متوسطة بومنة عبد الله,متوسطة بومنة عبد الله,36.773958792307695,5.954639592307692,4860,4860,True,Jijel,9.2,48.0,2026-09-19T08:00,,,
1225465860,school,المدرسة الإبتدائية عبدالعزيز عبد المجيد,المدرسة الإبتدائية عبدالعزيز عبد المجيد,36.77744912857143,5.888310485714285,1424,1424,True,Jijel,10.6,48.0,2026-09-19T08:00,,,
1225629604,place_of_worship,مسجد أبو بكر الصديق,مسجد أبو بكر الصديق,36.70671037142857,5.894703142857142,472,472,True,Jijel,10.6,48.0,2026-09-19T08:00,,,
1225861612,place_of_worship,Mosquée Khalid Ibn Al-Walid مسجد خالد بن الوليد,: مسجد خالد بن الوليد,36.70135375714285,5.886371485714285,447,447,True,Jijel,10.6,48.0,2026-09-19T08:00,,,
1226339420,school,مدرسة شتوان العربي الإبتدائية,مدرسة شتوان العربي الإبتدائية,36.72776647,5.87989288,1314,1314,True,Jijel,10.6,48.0,2026-09-19T08:00,,,
1226339428,school,مدرسة حمايدي لخضر الإبتدائية,مدرسة حمايدي لخضر الإبتدائية,36.737221,5.884671185714287,2085,2085,True,Jijel,10.6,48.0,2026-09-19T08:00,,,
1226611163,emergency_shelter,,,36.79339038,5.88040812,10,10,True,Jijel,10.6,48.0,2026-09-19T08:00,,,
1226611186,school,المدرسة الإبتدائية لعبني فرحات,المدرسة الإبتدائية لعبني فرحات,36.79164867142857,5.8851837571428565,1537,1537,True,Jijel,10.6,48.0,2026-09-19T08:00,,,
1227005032,place_of_worship,مسجد الفرقان,مسجد الفرقان,36.71138236666667,6.200211311111112,729,729,True,Mila,8.8,50.0,2026-09-19T08:00,,,
1228944039,school,المدرسةالابتدائية منتورة,,36.45100713333333,5.943943758333333,1544,1544,True,Mila,10.5,52.0,2026-09-19T08:00,,,
1228944040,place_of_worship,مسجد الرحمان منتورة,,36.45053127777778,5.945862766666667,702,702,True,Mila,10.5,52.0,2026-09-19T08:00,,,
1234969869,health_facility,clinique mahabi,,36.19100557777777,5.384062988888889,20,20,False,Sétif,9.6,55.0,2026-09-19T08:00,,,
1234969870,health_facility,clinic ophtalmoligy,,36.19094236,5.38431996,20,20,False,Sétif,9.6,55.0,2026-09-19T08:00,,,
1251349039,school,,,36.0810907125,6.4678272875000005,4162,4162,True,Constantine,7.6,54.0,2026-09-19T08:00,,,
1251349042,school,,,36.08168622,6.469188819999999,2640,2640,True,Constantine,7.6,54.0,2026-09-19T08:00,,,
1256940945,school,,,36.43902205,6.659073966666667,4085,4085,True,Constantine,10.1,53.0,2026-09-19T08:00,,,
1259084129,school,,,36.44297726,6.66214448,2984,2984,True,Constantine,10.1,53.0,2026-09-19T08:00,,,
1259084130,school,,,36.441928116666666,6.66093655,1801,1801,True,Constantine,10.1,53.0,2026-09-19T08:00,,,
1263247241,school,,,36.25236553333333,6.538463916666667,1266,1266,True,Constantine,9.6,53.0,2026-09-19T08:00,,,
1263478651,school,,,36.24721758571429,6.552154685714286,2205,2205,True,Constantine,9.6,53.0,2026-09-19T08:00,,,
1263478674,school,,,36.2549013,6.56375776,2793,2793,True,Constantine,9.6,53.0,2026-09-19T08:00,,,
1263478675,school,,,36.24857046666666,6.564901549999999,1318,1318,True,Constantine,9.6,53.0,2026-09-19T08:00,,,
1263478676,school,,,36.247865371428574,6.567107585714285,5509,5509,True,Constantine,9.6,53.0,2026-09-19T08:00,,,
1263487147,school,Aoun Brahim,,36.24005634,6.55546182,1734,1734,True,Constantine,9.6,53.0,2026-09-19T08:00,,,
1263488150,school,,,36.23723936,6.55459352,1890,1890,True,Constantine,9.6,53.0,2026-09-19T08:00,,,
1263488151,school,,,36.2363088,6.555173833333334,2741,2741,True,Constantine,9.6,53.0,2026-09-19T08:00,,,
1280110695,school,مدرسة الشهيد خليفي عبد القادر,,36.04790555,4.821850425,1106,1106,True,Bordj Bou Arréridj,11.2,55.0,2026-09-19T08:00,,,
1281283818,school,مدرسة بلواعر عبد الله,,36.04642341666667,4.81963575,3392,3392,True,Bordj Bou Arréridj,11.2,55.0,2026-09-19T08:00,,,
1282846124,school,,,36.1929974,5.422630655555556,2174,2174,True,Sétif,9.4,55.0,2026-09-19T08:00,,,
1282872075,school,المدرسة الإبتدائية الشهيد طيبة محمود,,36.518347383333335,6.254725666666666,1841,1841,True,Mila,10.5,52.0,2026-09-19T08:00,,,
1282872077,health_facility,,,36.519630240000005,6.25849152,20,20,False,Mila,10.5,52.0,2026-09-19T08:00,,,
1282872078,school,School Zahar Boudjemaa,,36.52112628333333,6.259085266666666,401,401,True,Mila,10.5,52.0,2026-09-19T08:00,,,
1282872079,school,إكمالية زرارة السعيدة,,36.522948758333335,6.25715395,7664,7664,True,Mila,,,,,,
1282872081,school,ecole zouaghi abdallah,,36.51775323157894,6.25813097368421,1596,1596,True,Mila,,,,,,
1282881988,school,,,36.515612063157896,6.256406105263158,3401,3401,True,Mila,,,,,,
1310489434,place_of_worship,مسجد عمر بن عبد العزيز,مسجد عمر بن عبد العزيز,36.77122218571429,5.627913428571429,1321,1321,True,Jijel,,,,,,
1310489435,fire_station,وحدة ثانوية الحماية المدنية,وحدة ثانوية الحماية المدنية,36.77222057,5.6279896,30,30,False,Jijel,,,,,,
1313121120,school,المدرسة الإبتدائية الشهيد ساعو الشريف,,36.81360758,7.43549908,1651,1651,True,Annaba,,,,,,
1313121121,school,متوسطة منجح صالح بن موسى,,36.8158319,7.4351532125,2090,2090,True,Annaba,,,,,,
1313121122,school,المدرسة الإبتدائية المجاهد سوايعية مسعود,,36.8167091,7.43170536,3265,3265,True,Annaba,,,,,,
1313121123,school,متوسطة الشهيد قلال حسين,,36.81790796,7.431013160000001,3888,3888,True,Annaba,,,,,,
1313121124,school,المدرسة الإبتدائية جابري عمار,,36.82300412,7.435146919999999,852,852,True,Annaba,,,,,,
1313121125,school,ثانوية موساوي مسعود,,36.82393984,7.435026273333333,4757,4757,True,Annaba,,,,,,
1313121127,school,المدرسة الإبتدائية زوار صالح,,36.82829234,7.432689139999999,824,824,True,Annaba,,,,,,
1313560510,school,متوسطة الشهيد سناسني عيسى,,36.8250476875,7.43737265,3861,3861,True,Annaba,,,,,,
1316931882,school,مدرسة امقران حسين,مدرسة امقران حسين,36.50267692222222,6.289841733333334,1867,1867,True,Mila,,,,,,
1321791857,place_of_worship,مسجد التقوى,مسجد التقوى,36.789333075,5.9602026375,879,879,True,Jijel,,,,,,
1321791868,school,إإبتدائية بن مريومة أحمد,إإبتدائية بن مريومة أحمد,36.78885155454546,5.960405018181818,1113,1113,True,Jijel,,,,,,
1322540452,place_of_worship,مسجد القنار,مسجد القنار,36.82480465,5.95865917,1354,1354,True,Jijel,,,,,,
1322913773,school,المدرسة الإبتدائية معنصري جميلة,,36.81842385,7.432852866666667,861,861,True,Annaba,,,,,,
1329593717,place_of_worship,Mosquée Emir Abdelkader مسجد الأمير عبد القادر,مسجد الأمير عبد القادر,36.24604811428571,6.286337414285714,902,902,True,Mila,,,,,,
1329593738,place_of_worship,Mosquée Othmane ben Affan,,36.24523765862069,6.279952089655173,590,590,True,Mila,,,,,,
1329600483,place_of_worship,مسجد عمر ابن الخطاب,مسجد عمر ابن الخطاب,36.25228430909091,6.291428363636364,2523,2523,True,Mila,,,,,,
1329600484,school,Ecole élémentaire Mohammed Rassim متوسطة محمد راسم,متوسطة محمد راسم,36.24767350909091,6.289372781818182,2669,2669,True,Mila,,,,,,
1330128215,place_of_worship,Mosquée Imam Ali Bin Abi Talib مسجد الامام علي بن ابي طالب,مسجد الامام علي بن ابي طالب,36.24787657,6.29571171,705,705,True,Mila,,,,,,
1331631559,place_of_worship,,,36.21671478,5.38177926,611,611,True,Sétif,,,,,,
1331639100,place_of_worship,,,36.21122848,5.37733346,1110,1110,True,Sétif,,,,,,
1337702231,school,,,36.19483992857143,5.262479542857143,1239,1239,True,Sétif,,,,,,
1337703112,place_of_worship,,,36.19466014,5.26614022,1064,1064,True,Sétif,,,,,,
1337703116,school,,,36.1955844875,5.2663049375,1505,1505,True,Sétif,,,,,,
1339446944,place_of_worship,مسجد آل ياسر,مسجد آل ياسر,36.28848722222222,5.608128077777778,820,820,True,Sétif,,,,,,
1340191782,school,,,36.73244236666667,4.981402425,1260,1260,True,Béjaïa,,,,,,
1340273711,school,,,36.7307659,4.98301412,800,800,True,Béjaïa,,,,,,
1340273715,school,,,36.7278017625,4.984650825,1028,1028,True,Béjaïa,,,,,,
1344500574,place_of_worship,مسجد التوفيق,مسجد التوفيق,36.739760281818185,5.8916323,585,585,True,Jijel,,,,,,
1344529629,place_of_worship,,,36.75305983,5.96038699,894,894,True,Jijel,,,,,,
1344779048,emergency_shelter,,,36.812788044444446,5.756086955555555,1439,1439,True,Jijel,,,,,,
1344799586,school,متوسطة عياشي عبد الحميد,متوسطة عياشي عبد الحميد,36.75808766428571,5.921830335714286,4831,4831,True,Jijel,,,,,,
1344813145,place_of_worship,مسجد الإرشاد,مسجد الإرشاد,36.753853320000005,5.92289362,960,960,True,Jijel,,,,,,
1345112637,place_of_worship,,,36.7315135,6.23985164,651,651,True,Mila,,,,,,
1345172756,school,مدرسة لعور صالح,مدرسة لعور صالح,36.628678557142855,6.283460857142857,1515,1515,True,Mila,,,,,,
1345177265,school,متوسطة طبال احسن بن صالح الشكريدة,متوسطة طبال احسن بن صالح الشكريدة,36.63605235714286,6.308904023809524,3822,3822,True,Mila,,,,,,
1345177271,place_of_worship,Mosquée Khalid Ibn Al-Walid مسجد خالد بن الوليد,: مسجد خالد بن الوليد,36.63475525454545,6.3082875,692,692,True,Mila,,,,,,
1345196226,school,متوسطة زواغي إبراهيم,متوسطة زواغي إبراهيم,36.59753293636364,6.167262190909091,2326,2326,True,Mila,,,,,,
1345196239,health_facility,عيادة متعددة الخدمات أولاد رابح,,36.59990817777778,6.169049588888889,20,20,False,Mila,,,,,,
1345196240,school,ثانوية كردود محم,ثانوية كردود محمد,36.601428235,6.173506595,4959,4959,True,Mila,,,,,,
1353375174,place_of_worship,Mosquée Al anbia,مسجد الأنبياء,36.18355065,5.316913250000001,4127,4127,True,Sétif,,,,,,
1354482020,school,إبتدائية أحمد ماضي,إبتدائية أحمد ماضي,36.6381398875,6.0687504375,895,895,True,Mila,,,,,,
1355500016,school,إبتدائية الإخوة بوخلوط,إبتدائية الإخوة بوخلوط,36.740803420000006,5.889976079999999,877,877,True,Jijel,,,,,,
1355508847,school,ثانوية عباس فرحات,ثانوية عباس فرحات,36.723435908333336,5.899544808333334,6907,6907,True,Jijel,,,,,,
1355662160,place_of_worship,مسجد عمر بن الخطاب,مسجد عمر بن الخطاب,36.73211294666667,5.931287993333333,535,535,True,Jijel,,,,,,
1355695933,school,ثانوية بولويقة محمد بن لخضر,ثانوية بولويقة محمد بن لخضر,36.65056071,6.017075995,4959,4959,True,Jijel,,,,,,
1356166756,school,المدرسة الإبتدائية ياحي لخضر - بولشعور,المدرسة الإبتدائية ياحي لخضر - بولشعور,36.75369870833333,5.902555783333334,1988,1988,True,Jijel,,,,,,
1356197260,school,,,36.7450186,5.80852784,2286,2286,True,Jijel,,,,,,
1356505284,school,المدرسة الإبتدائية شفيرات نورة,المدرسة الإبتدائية شفيرات نورة,36.7721784875,5.8993585,994,994,True,Jijel,,,,,,
1356506242,health_facility,د. محنان طب وجراحة العيون,د. محنان طب وجراحة العيون,36.7712209,5.89515295,20,20,False,Jijel,,,,,,
1357643317,place_of_worship,مسجد س زروق غزالة,مسجد س زروق غزالة,36.63958818,6.284341,304,304,True,Mila,,,,,,
1358174360,school,,,36.77713033076923,5.962333692307693,6051,6051,True,Jijel,,,,,,
1358174628,place_of_worship,,,36.80179836666667,5.948304133333333,1445,1445,True,Jijel,,,,,,
1358690568,place_of_worship,مسجد الأمين,مسجد الأمين,36.798030088888886,5.938520644444444,466,466,True,Jijel,,,,,,
1359059497,school,,,36.73567258181818,7.318899200000001,3007,3007,True,Guelma,,,,,,
1362816631,school,مدرسة قتال عمر,,36.16520536666667,5.388434533333334,1540,1540,True,Sétif,,,,,,
1362818256,school,,,36.20636502222222,5.371097033333333,4885,4885,True,Sétif,,,,,,
1364241883,place_of_worship,Mosquée AL ANSAR,,36.176590575,5.4121165875,821,821,True,Sétif,,,,,,
1365895952,school,المدرسة الإبتدائية مقدم عمار ابن صالح,المدرسة الإبتدائية مقدم عمار ابن صالح,36.77043138571429,5.883848,1783,1783,True,Jijel,,,,,,
1366190751,school,ثانوية ناصري رمضان,ثانوية ناصري رمضان,36.75836151304348,5.901518060869566,15522,15522,True,Jijel,,,,,,
1366190763,school,المدرسة الإبتدائية فاضلي أحمد,المدرسة الإبتدائية فاضلي أحمد,36.75916253333333,5.904004891666666,1234,1234,True,Jijel,,,,,,
1373087465,school,,,36.49953645,4.575678216666667,2329,2329,True,Bordj Bou Arréridj,,,,,,
1377401315,school,,,36.26378546666667,5.342849950000001,1436,1436,True,Sétif,,,,,,
1377407522,place_of_worship,,,36.04943158,6.10197198,839,839,True,Mila,,,,,,
1377407840,school,متوسطة لهوى عبد الرحمن,متوسطة لهوى عبد الرحمن,36.05155397619048,6.117763066666667,2988,2988,True,Mila,,,,,,
1377422646,school,مدرسة محمد جيرب,مدرسة محمد جيرب,36.05443452222222,6.124207,1796,1796,True,Mila,,,,,,
1377451279,school,المدرسة الابتدائية كورتلي عبد القادر,,36.0682587,6.045566957142857,1807,1807,True,Mila,,,,,,
1377451282,school,مدرسة القدس,,36.07679145,6.05642215,1992,1992,True,Mila,,,,,,
1377741643,place_of_worship,مسجد عثمان ابن عفان,,36.133890692307695,5.841100484615385,1369,1369,True,Sétif,,,,,,
1377744514,school,ثانوية الشهيد دايخ البشير,,36.12738214545455,5.839707409090909,7178,7178,True,Sétif,,,,,,
1377745430,school,مدرسة البشير الإبراهيمي,,36.12978636,5.83840394,3352,3352,True,Sétif,,,,,,
1377750060,health_facility,عيادة متعددة الخدمات أحميدة عمورة,,36.13158008,5.8374905,20,20,False,Sétif,,,,,,
1377753269,place_of_worship,مسجد فاطمة الزهراء,,36.13700168888889,5.84200068888889,561,561,True,Sétif,,,,,,
1377754540,school,مدرسة المجاهد جلول الطيب,,36.13846301666667,5.845604983333334,682,682,True,Sétif,,,,,,
1377784498,place_of_worship,مسجد النور,,36.138023044444445,5.771590855555555,454,454,True,Sétif,,,,,,
1377787761,health_facility,عيادة متعددة الخدمات,,36.15468488888889,5.755093688888889,20,20,False,Sétif,,,,,,
1377787763,place_of_worship,مسجد عقبة بن نافع,,36.1546288,5.755801275,2882,2882,True,Sétif,,,,,,
1378007275,school,مدرسة الشهيد نيمور محمد,,36.27957101,5.571811540000001,1936,1936,True,Sétif,,,,,,
1378007277,place_of_worship,مسجد أبو بكر الصديق,,36.27975024,5.57596286,450,450,True,Sétif,,,,,,
1378012137,school,Haichour Ali School,,36.28843877692307,5.543028730769231,2357,2357,True,Sétif,,,,,,
1378014171,place_of_worship,مسجد الغزالي,,36.2985314,5.5065212125,1550,1550,True,Sétif,,,,,,
1378014175,school,إبتدائية معيزة رشيد,,36.29729996,5.50705589,1690,1690,True,Sétif,,,,,,
1378014841,school,Ecole Madi Zaidi,,36.30666912857143,5.486829514285715,435,435,True,Sétif,,,,,,
1378062751,school,,,36.3398837375,5.4293873,1032,1032,True,Sétif,,,,,,
1378062753,place_of_worship,مسجد عمر بن الخطاب,,36.3395312875,5.43102965,1584,1584,True,Sétif,,,,,,
1378062755,school,,,36.3378783625,5.445424975,2283,2283,True,Sétif,,,,,,
1378062760,school,متوسطة احمد شرفاوي,,36.33837516363637,5.44253695,1931,1931,True,Sétif,,,,,,
1378062764,school,,,36.34298136666667,5.45415995,1195,1195,True,Sétif,,,,,,
1378062765,place_of_worship,حمزة بن عبد المطلب,,36.3432104,5.45582076,659,659,True,Sétif,,,,,,
1378067261,place_of_worship,مسجد الضيافات,,36.34397582727273,5.421388463636363,942,942,True,Sétif,,,,,,
1378304076,school,ابتدائية كراش لخضر,,36.28603635333333,5.404362046666666,1349,1349,True,Sétif,,,,,,
1379050330,school,,,36.2479756,5.431136759999999,963,963,True,Sétif,,,,,,
1379050335,place_of_worship,,,36.2462975,5.422292280000001,242,242,True,Sétif,,,,,,
1379125410,school,,,36.1766428,5.384802072727273,4145,4145,True,Sétif,,,,,,
1382972863,place_of_worship,مسجد الرسالة,مسجد الرسالة,36.75573524285714,5.890952242857144,1499,1499,True,Jijel,,,,,,
1383511845,place_of_worship,الامام مالك ابن انس,,36.0574016,4.79272234,492,492,True,Bordj Bou Arréridj,,,,,,
1383515243,school,المدرسة الابتدائية محمد وافي,,36.05766883,4.79580007,2554,2554,True,Bordj Bou Arréridj,,,,,,
1383515254,health_facility,,,36.05688928,4.79373868,20,20,False,Bordj Bou Arréridj,,,,,,
1383517306,school,متوسطة بلواعر بلقاسم,,36.04324408461538,4.815484653846154,6717,6717,True,Bordj Bou Arréridj,,,,,,
1383517307,place_of_worship,مسجد تميم الداري,,36.0434819,4.813453183333333,2975,2975,True,Bordj Bou Arréridj,,,,,,
1383518928,school,,,36.04440478,4.80906987,2051,2051,True,Bordj Bou Arréridj,,,,,,
1383518929,school,ثانوية محمادي أحمد,,36.04524131666667,4.810025983333333,5114,5114,True,Bordj Bou Arréridj,,,,,,
1383518930,school,ابتدائية المجاهد المتوفي شنيني ابراهيم بن موسى,,36.04984296666667,4.80960465,1754,1754,True,Bordj Bou Arréridj,,,,,,
1383520880,place_of_worship,,,36.05179386666666,4.819850633333333,566,566,True,Bordj Bou Arréridj,,,,,,
1383521545,school,,,36.04811293333333,4.820207906060606,2047,2047,True,Bordj Bou Arréridj,,,,,,
1383523072,place_of_worship,مسجد محمد الغزالي,,36.04752267692308,4.821679823076924,875,875,True,Bordj Bou Arréridj,,,,,,
1383523808,school,Ecole Ben Ahmed Mohamed,,36.0429953375,4.8265084625,1187,1187,True,Bordj Bou Arréridj,,,,,,
1383721192,school,,,36.03560686666666,4.8143390083333335,1056,1056,True,Bordj Bou Arréridj,,,,,,
1383721207,school,مركز تكوين المهني,,36.03730071538462,4.816319153846154,5982,5982,True,Bordj Bou Arréridj,,,,,,
1383727925,school,,,36.03243248,4.81550254,1314,1314,True,Bordj Bou Arréridj,,,,,,
1383730409,school,,,36.031640325,4.8128365,1844,1844,True,Bordj Bou Arréridj,,,,,,
1383742393,school,Ecole primaire Assilah Ammar:إبتدائية عسيلة عمار,Ecole primaire Moudjahid Assilah Ammar,36.1732823,5.392740816666667,1231,1231,True,Sétif,,,,,,
1383776065,school,ابتدائية بوبريمة مسعود,,36.147699970000005,5.44457766,1539,1539,True,Sétif,,,,,,
1383776072,place_of_worship,Mosquée Okba ben Nafiaa,,36.149439522222224,5.4449393,1144,1144,True,Sétif,,,,,,
1383790147,place_of_worship,مسجد أحمد حماني,,36.1638631,5.389585736363636,1407,1407,True,Sétif,,,,,,
1383942161,place_of_worship,,,36.19067436,5.30972794,2242,2242,True,Sétif,,,,,,
1383942162,place_of_worship,,,36.19062145,5.30956359,805,805,True,Sétif,,,,,,
1383942164,place_of_worship,,,36.192364675,5.3145389375,5456,5456,True,Sétif,,,,,,
1383957032,place_of_worship,مسجد الإسراء,,36.19433548,5.32648032,1829,1829,True,Sétif,,,,,,
1384076033,place_of_worship,مسجد أم المؤمنين,,36.18297344285714,5.306519242857143,1587,1587,True,Sétif,,,,,,
1384076042,school,مدرسة ابتدائية خمال العياشي,,36.18191498,5.310668706666666,448,448,True,Sétif,,,,,,
1384282557,school,ابتدائية فلاحي,,36.190866785714285,5.319340478571428,1551,1551,True,Sétif,,,,,,
1384300269,school,,,36.192525026666665,5.32177126,1040,1040,True,Sétif,,,,,,
1384300278,place_of_worship,,,36.19300164,5.3207819,4048,4048,True,Sétif,,,,,,
1384302597,health_facility,وحدة مكافحة السل والأمراض التنفسية,,36.19264396,5.314464920000001,20,20,False,Sétif,,,,,,
1384365968,school,,,36.19467103333333,5.324191511111112,2697,2697,True,Sétif,,,,,,
1384365972,school,,,36.19294190833333,5.328076958333333,1509,1509,True,Sétif,,,,,,
1384398085,school,متوسطة طارق بن زياد,متوسطة طارق بن زياد,36.74004827142857,5.889865271428571,1897,1897,True,Jijel,,,,,,
1384568840,place_of_worship,,,36.18837658636364,5.314400909090909,1653,1653,True,Sétif,,,,,,
1384679945,place_of_worship,,,36.17622354,5.33773948,853,853,True,Sétif,,,,,,
1384679946,school,Guergour Mokhtar Primary School,,36.17518608,5.33921086,2388,2388,True,Sétif,,,,,,
1387875813,place_of_worship,,,36.63044335,6.2730494666666665,747,747,True,Mila,,,,,,
1388064395,school,,,36.80369963333333,5.947702416666666,1624,1624,True,Jijel,,,,,,
1388191141,place_of_worship,مسجد التوبة,مسجد التوبة,36.67744353333333,6.10414965,513,513,True,Mila,,,,,,
1388464141,place_of_worship,Salman the Persian Mosque,مسجد سلمان الفارسي,36.1858017,5.680257316666666,309,309,True,Sétif,,,,,,
1388468279,school,ابتدائية الشهيد طاهر ذويبي,ابتدائية الشهيد طاهر ذويبي,36.1865171,5.680998714285714,869,869,True,Sétif,,,,,,
1388559980,school,مدرسة قردان عمر,,36.1688616125,5.665216725,1343,1343,True,Sétif,,,,,,
1388740156,school,إبتدائية نايلي عبد الحفيظ,,36.17135386,5.6575557,1046,1046,True,Sétif,,,,,,
1388793677,place_of_worship,,,36.1702255,5.6566550200000005,627,627,True,Sétif,,,,,,
1388830102,place_of_worship,,,36.79954665,6.15841445,2442,2442,True,Jijel,,,,,,
1389490752,place_of_worship,,,36.15855195,5.6592576875,477,477,True,Sétif,,,,,,
1389524046,place_of_worship,,,36.1557166,5.66858852,1716,1716,True,Sétif,,,,,,
1389528824,school,,,36.13836111111111,5.666333144444445,1098,1098,True,Sétif,,,,,,
1389528829,place_of_worship,,,36.13635184,5.66471262,363,363,True,Sétif,,,,,,
1389554446,place_of_worship,,,36.1164327,5.67263094,969,969,True,Sétif,,,,,,
1389558668,school,,,36.10954192,5.67613588,1388,1388,True,Sétif,,,,,,
1389560018,school,,,36.1194378,5.71048962,705,705,True,Sétif,,,,,,
1389560019,school,,,36.11617812,5.71049888,1240,1240,True,Sétif,,,,,,
1389560020,school,,,36.11558178,5.71025182,1263,1263,True,Sétif,,,,,,
1389560032,place_of_worship,,,36.115909,5.711316375,1690,1690,True,Sétif,,,,,,
1389560035,place_of_worship,,,36.11826911666667,5.711238366666667,4147,4147,True,Sétif,,,,,,
1390811127,fire_station,,,36.78078194285714,5.884316214285714,30,30,False,Jijel,,,,,,
1391118498,school,ثانوية كيعموش فرحات,ثانوية كيعموش فرحات,36.76320261176471,5.890273876470588,11884,11884,True,Jijel,,,,,,
1393812543,school,ثانوية بريغن عمار ابن علي,ثانوية بريغن عمار ابن علي,36.71287338888889,5.932271777777777,7153,7153,True,Jijel,,,,,,
1394125916,place_of_worship,,,36.57100288888889,5.816570133333333,778,778,True,Jijel,,,,,,
1394221227,place_of_worship,,,36.590417557142864,5.818666642857143,319,319,True,Jijel,,,,,,
1394227328,school,ثانوية مدوري محمد بن مسعود,ثانوية مدوري محمد بن مسعود,36.59679420869565,5.815283504347826,6038,6038,True,Jijel,,,,,,
1395058645,place_of_worship,مسجد عائشة أم المؤمنين,,36.23812119642857,6.289886417857143,525,525,True,Mila,,,,,,
1395678370,health_facility,,,36.76637602,5.89541348,20,20,False,Jijel,,,,,,
1396042045,place_of_worship,مسجد بلال بن رباح,مسجد بلال بن رباح,36.22567032,6.348443919999999,2649,2649,True,Mila,,,,,,
1396042047,school,,,36.22673982,6.346910660000001,2256,2256,True,Mila,,,,,,
1396256935,fire_station,,,36.820182646666666,6.1293323866666665,30,30,False,Jijel,,,,,,
1396256936,place_of_worship,,,36.81963161333333,6.130061553333333,1923,1923,True,Jijel,,,,,,
1396256937,school,إبتدائية يحي محمد بن بلقاسم,إبتدائية يحي محمد بن بلقاسم,36.82032235714286,6.1366574285714295,1315,1315,True,Jijel,,,,,,
1396256945,school,ثانوية هلال عبد الله,ثانوية هلال عبد الله,36.81460829545454,6.134267790909092,10842,10842,True,Jijel,,,,,,
1396256947,school,متوسطة البشير الإبراهيمي,متوسطة البشير الإبراهيمي,36.814027175,6.132595875,7128,7128,True,Jijel,,,,,,
1396542911,school,مدرسة نجمة محمد إبن علي,مدرسة نجمة محمد إبن علي,36.812105083333336,6.124685491666667,956,956,True,Jijel,,,,,,
1396542933,school,ثانوية الشيخ أحمد الحبيباتني,ثانوية الشيخ أحمد الحبيباتني,36.81265569285714,6.1263443,5345,5345,True,Jijel,,,,,,
1396545554,school,متوسطة بودريعات سعيد,متوسطة بودريعات سعيد,36.809539365384616,6.124790996153847,3647,3647,True,Jijel,,,,,,
1396545558,health_facility,,,36.80998221176471,6.125965264705882,20,20,False,Jijel,,,,,,
1396545560,school,متوسطة رويبح حسين,متوسطة رويبح حسين,36.81057684615385,6.126709361538461,2957,2957,True,Jijel,,,,,,
1408582897,school,إبتدائية طغليل محمد,إبتدائية طغليل محمد,36.800871785714286,6.155904657142857,2136,2136,True,Jijel,,,,,,
1408582903,school,متوسطة مزلاح محمد,متوسطة مزلاح محمد,36.801554805,6.1574308250000005,3368,3368,True,Jijel,,,,,,
1408582904,school,الثانوية الجديدة,الثانوية الجديدة,36.80129197142857,6.156698580952381,5976,5976,True,Jijel,,,,,,
1408721086,school,ثانوية كعواش لخضر,ثانوية كعواش لخضر,36.73967413703704,5.886683488888889,4942,4942,True,Jijel,,,,,,
1408722988,school,المدرسة الابتدائية صحراوي عبد الرحمن ابن محمد,المدرسة الابتدائية صحراوي عبد الرحمن ابن محمد,36.74142513076923,5.877059115384616,1031,1031,True,Jijel,,,,,,
1409349806,place_of_worship,مسجد الهداية,مسجد الهداية,36.74681278571428,5.891261871428571,418,418,True,Jijel,,,,,,
1409567470,school,المدرسة الإبتدائية لكميتي خالد المدعو عمار,المدرسة الإبتدائية لكميتي خالد المدعو عمار,36.82445701666666,5.957643966666667,1380,1380,True,Jijel,,,,,,
1409567473,school,متوسطة عبد اللوش البشير,متوسطة عبد اللوش البشير,36.82483135,5.9560796875,5430,5430,True,Jijel,,,,,,
1409567474,school,متوسطة غديري عمار,متوسطة غديري عمار,36.82237054,5.96016734,3552,3552,True,Jijel,,,,,,
1409567475,school,ثانوية الشهيد عميور محمد بن أحمد,ثانوية الشهيد عميور محمد بن أحمد,36.8220625,5.958730185714286,4885,4885,True,Jijel,,,,,,
1409567483,school,مدرسة جامع الخلفة,مدرسة جامع الخلفة,36.82416988,5.96067798,1502,1502,True,Jijel,,,,,,
1409588697,school,متوسطة مالك بن النبي,متوسطة مالك بن النبي,36.75916897142857,5.899795285714286,1645,1645,True,Jijel,,,,,,
1409715130,place_of_worship,,,36.738995418181815,6.141198272727272,936,936,True,Mila,,,,,,
1409729673,school,ثانوية ترخاش محمد بن مسعود,ثانوية ترخاش محمد بن مسعود,36.7009453875,6.10347154375,5279,5279,True,Mila,,,,,,
1409984440,place_of_worship,مسجد بلال بن رباح,مسجد بلال بن رباح,36.73670422222222,5.901144433333333,406,406,True,Jijel,,,,,,
1409988319,place_of_worship,,,36.78763864285714,6.0810246,627,627,True,Jijel,,,,,,
1410446757,school,,,36.79137346,5.799707440000001,1332,1332,True,Jijel,,,,,,
1411986586,place_of_worship,مسجد عبد الحميد بن باديس,مسجد عبد الحميد بن باديس,36.76689391818182,5.916687081818182,1480,1480,True,Jijel,,,,,,
1412464713,place_of_worship,,,36.65333907142857,6.318175442857142,572,572,True,Mila,,,,,,
1412464716,place_of_worship,,,36.65347034,6.33393192,416,416,True,Mila,,,,,,
1413042718,place_of_worship,,,36.71115580909091,6.084846190909091,564,564,True,Jijel,,,,,,
1413942306,emergency_shelter,,,36.66528606,5.4688021,10,10,True,Jijel,,,,,,
1413942311,emergency_shelter,,,36.66472248,5.47275512,10,10,True,Jijel,,,,,,
1414110514,place_of_worship,,,36.70409296,5.54415858,232,232,True,Jijel,,,,,,
1414115925,place_of_worship,,,36.72135692727273,5.558406554545455,531,531,True,Jijel,,,,,,
1414142621,place_of_worship,مسجد صلاح الدين الأيوبي,مسجد صلاح الدين الأيوبي,36.77408247142857,5.600105971428572,476,476,True,Jijel,,,,,,
1414289311,place_of_worship,,,36.66635927777778,5.801215888888889,238,238,True,Jijel,,,,,,
1414486143,school,إبتدائية زعرور الطاهر,إبتدائية زعرور الطاهر,36.6499859125,6.0743551,756,756,True,Mila,,,,,,
1414486148,school,,,36.64546113333333,6.061417877777778,1892,1892,True,Mila,,,,,,
1414516696,school,مدرسة جبلي عمار,مدرسة جبلي عمار,36.845088716666666,6.033908916666667,931,931,True,Jijel,,,,,,
1414716387,emergency_shelter,,,36.77821314,5.65042046,10,10,True,Jijel,,,,,,
1414977828,emergency_shelter,,,36.77238512,5.63043032,10,10,True,Jijel,,,,,,
1414979255,place_of_worship,,,36.81205844,5.7372672866666665,971,971,True,Jijel,,,,,,
1414980566,place_of_worship,مسجد الوفاء لله,مسجد الوفاء لله,36.79886126153846,5.746737053846155,1916,1916,True,Jijel,,,,,,
1415516252,emergency_shelter,,,36.78254754,5.6540458000000005,10,10,True,Jijel,,,,,,
1415602926,emergency_shelter,,,36.79021018,5.658188180000001,10,10,True,Jijel,,,,,,
1415613695,place_of_worship,,,36.7926459,5.661573790909091,1579,1579,True,Jijel,,,,,,
1415613707,emergency_shelter,,,36.7928786,5.6612579400000005,10,10,True,Jijel,,,,,,
1415765224,emergency_shelter,,,36.81525926,5.746953,10,10,True,Jijel,,,,,,
1416923285,place_of_worship,مسجد عمر بن الخطاب,مسجد عمر بن الخطاب,36.64310738181818,6.277511372727273,936,936,True,Mila,,,,,,
1416923286,place_of_worship,,,36.63577381666666,6.255399416666666,362,362,True,Mila,,,,,,
1416992150,place_of_worship,,,36.73248874285714,5.862630514285714,453,453,True,Jijel,,,,,,
1417181851,place_of_worship,,,36.811554408333336,5.695851558333334,716,716,True,Jijel,,,,,,
1419043535,place_of_worship,,,36.70803989090909,6.10999399090909,308,308,True,Mila,,,,,,
1419240982,place_of_worship,,,36.679844,6.208384366666667,352,352,True,Mila,,,,,,
1419241002,school,مدرسة الشهيد سويكي محمد,مدرسة الشهيد سويكي محمد,36.675560371428574,6.253114157142858,770,770,True,Mila,,,,,,
1419241004,place_of_worship,مصلى بني سويك,مصلى بني سويك,36.67517482,6.25410896,67,67,True,Mila,,,,,,
1419241034,school,مدرسة الشهيد بلاح الهاشمي,مدرسة الشهيد بلاح الهاشمي,36.69274319,6.26685769,716,716,True,Mila,,,,,,
1419244899,place_of_worship,مسجد عمر بن الخطاب,مسجد عمر بن الخطاب,36.67938870769231,6.228726184615384,1110,1110,True,Mila,,,,,,
1420221366,place_of_worship,,,36.77264005714286,6.032442985714285,384,384,True,Jijel,,,,,,
1420242619,place_of_worship,مسجد التقوى,مسجد التقوى,36.85633981428572,6.147510942857143,729,729,True,Jijel,,,,,,
1420772146,place_of_worship,,,36.77742427142857,6.079441128571429,309,309,True,Jijel,,,,,,
1420898171,place_of_worship,مسجد الإصلاح,مسجد الإصلاح,36.73780367777778,5.840785155555555,534,534,True,Jijel,,,,,,
1420898173,place_of_worship,مسجد الريان,مسجد الريان,36.74620816666666,5.842398122222223,994,994,True,Jijel,,,,,,
1421571759,place_of_worship,,,36.29428527272727,5.296202727272728,549,549,True,Sétif,,,,,,
1421700347,place_of_worship,مسجد عمر بن الخطاب,مسجد عمر بن الخطاب,36.68980908571429,5.907530757142857,668,668,True,Jijel,,,,,,
1421700355,place_of_worship,مسجد الإخلاص,مسجد الإخلاص,36.7408633125,5.901937525,252,252,True,Jijel,,,,,,
1422151593,school,,,36.76144226,6.12956902,1365,1365,True,Jijel,,,,,,
1422159747,place_of_worship,,,36.68030654285714,6.072399442857143,451,451,True,Mila,,,,,,
1422292585,school,متوسطة بوزيوغ محمد,متوسطة بوزيوغ محمد,36.708607854545455,6.203172645454546,3126,3126,True,Mila,,,,,,
1422292586,school,مدرسة مروش الطاهر ابن رابح,مدرسة مروش الطاهر ابن رابح,36.71032293,6.200162199999999,907,907,True,Mila,,,,,,
1422292587,school,إبتدائية مروش مختار,إبتدائية مروش مختار,36.71140202,6.1996994800000005,816,816,True,Mila,,,,,,
1422292597,school,ثانوية غراز الشريف بن محمد,ثانوية غراز الشريف بن محمد,36.71686730588235,6.2025955,4319,4319,True,Mila,,,,,,
1422292598,place_of_worship,,,36.70302683999999,6.220028600000001,508,508,True,Mila,,,,,,
1422449328,place_of_worship,,,36.7521084,5.79924688,580,580,True,Jijel,,,,,,
1422491039,place_of_worship,,,36.64371457777778,6.0507818888888885,489,489,True,Mila,,,,,,
1422502642,school,متوسطة زعرور مسعود,متوسطة زعرور مسعود المنازل,36.64704359230769,6.061756438461538,3025,3025,True,Mila,,,,,,
1422502643,place_of_worship,,,36.6450118,6.0618724,300,300,True,Mila,,,,,,
1422506061,school,المدرسة الإبتدائية أمقران لخضر,المدرسة الإبتدائية أمقران لخضر,36.64446498333333,6.071148616666666,1090,1090,True,Mila,,,,,,
1422507316,school,متوسطة بومشعل الصادق,متوسطة بومشعل الصادق,36.64787732352941,6.020834711764706,4043,4043,True,Jijel,,,,,,
1422507318,school,إبتدائية مخبي أحمد,إبتدائية مخبي أحمد,36.64703529,6.02072096,1079,1079,True,Jijel,,,,,,
1422556111,school,,,36.61755909285714,5.959098164285714,802,802,True,Jijel,,,,,,
1422629739,school,,,36.60947171666667,5.818037475,1351,1351,True,Jijel,,,,,,
1422661654,place_of_worship,مسجد عمر بن الخطاب,مسجد عمر بن الخطاب,36.740206875,5.8667916875,1068,1068,True,Jijel,,,,,,
1422661655,school,المدرسة الإبتدائية حلولو السعيد,المدرسة الإبتدائية حلولو السعيد,36.74007329230769,5.86719183076923,1437,1437,True,Jijel,,,,,,
1422661664,health_facility,centre de santé -Daheroussaf-,,36.73994518,5.86666776,20,20,False,Jijel,,,,,,
1422743808,school,المدرسة الإبتدائية تواتي محمد,المدرسة الإبتدائية تواتي محمد,36.7641171375,5.891595625,1381,1381,True,Jijel,,,,,,
1422847069,school,متوسطة ياحي عمار,متوسطة ياحي عمار,36.78922275833333,5.90338895,3744,3744,True,Jijel,,,,,,
1422847582,school,مدرسة الابتدائية ناصري أحمد,مدرسة الابتدائية ناصري أحمد,36.7905753875,5.9042313375,2487,2487,True,Jijel,,,,,,
1422883885,school,متوسطة بن أعمر محمد,متوسطة بن أعمر محمد,36.793555225,5.9106397625,2789,2789,True,Jijel,,,,,,
1422888324,school,المدرسة الإبتدائية سيساوي أحمد الشريف,المدرسة الإبتدائية سيساوي أحمد الشريف,36.79406716666667,5.911103083333334,1144,1144,True,Jijel,,,,,,
1422889394,school,,,36.79840546666667,5.9185728,1731,1731,True,Jijel,,,,,,
1422902411,school,المدرسة الابتدائية عبد الليوة محمد,المدرسة الابتدائية عبد الليوة محمد,36.8084829,5.913201088888889,895,895,True,Jijel,,,,,,
1422902417,school,,,36.80903558571429,5.9125381,5621,5621,True,Jijel,,,,,,
1422902418,school,ثانوية بلخلفة صالح بن الطيب,ثانوية بلخلفة صالح بن الطيب,36.80893717,5.90982375,7347,7347,True,Jijel,,,,,,
1422903811,school,المدرسة الإبتدائية بوجعطيط عمر,المدرسة الإبتدائية بوجعطيط عمر,36.81252383,5.91430727,2078,2078,True,Jijel,,,,,,
1422915669,school,متوسطة مشيري أحسن,متوسطة مشيري أحسن,36.8144192375,5.91309135,4367,4367,True,Jijel,,,,,,
1422972173,place_of_worship,مسجد حمزة سيد الشهداء,مسجد حمزة سيد الشهداء,36.75272224,5.840815709999999,845,845,True,Jijel,,,,,,
1423108452,school,متوسطة بلال بن رباح,متوسطة بلال بن رباح,36.76883499090909,5.896599745454545,1987,1987,True,Jijel,,,,,,
1423111651,school,ابتدائية علي زموري,ابتدائية علي زمور,36.7614724875,5.8897312875,1013,1013,True,Jijel,,,,,,
1423112510,school,متوسطة بوحناش لخضر,متوسطة بوحناش لخضر,36.760755325,5.889808925,2937,2937,True,Jijel,,,,,,
1423121326,school,المدرسة الابتدائية عيبش الشريف,المدرسة الابتدائية عيبش الشريف,36.81433358,5.90819902,1854,1854,True,Jijel,,,,,,
1423253641,school,إبتدائية بن حردة محمد إبن حسين,إبتدائية بن حردة محمد إبن حسين,36.77595645833333,5.95553305,1964,1964,True,Jijel,,,,,,
1423254367,school,متوسطة بلمهدي الجودي,متوسطة بلمهدي الجودي,36.10299284444445,5.332593466666666,1930,1930,True,Sétif,,,,,,
1423254368,school,كرمالي الخير,كرمالي الخير,36.10318175555555,5.333196888888889,1053,1053,True,Sétif,,,,,,
1423254374,school,Lycée Mouloud Qassem Night Belkacem,,36.09976757272727,5.333541118181818,6530,6530,True,Sétif,,,,,,
1423255921,school,,,36.10763747272727,5.338442254545455,2417,2417,True,Sétif,,,,,,
1423256374,school,متوسطة قرفي اسماعين,,36.11003686,5.33921424,706,706,True,Sétif,,,,,,
1423275441,place_of_worship,مسجد علي بن أبي طالب,مسجد علي بن أبي طالب,36.71128022857143,5.935813085714286,674,674,True,Jijel,,,,,,
1423277258,place_of_worship,مسجد طارق بن زياد,مسجد طارق بن زياد,36.66577484444444,6.020457988888889,2170,2170,True,Jijel,,,,,,
1423277760,place_of_worship,مسجد التقوى,مسجد التقوى,36.72500809,6.03536372,1552,1552,True,Jijel,,,,,,
1423281215,place_of_worship,Mosquée Khalid Ibn Al-Walid مسجد خالد بن الوليد,: مسجد خالد بن الوليد,36.6983039631579,6.101813536842105,1996,1996,True,Mila,,,,,,
1423282355,place_of_worship,مسجد الرحمن,مسجد الرحمن,36.67394287272728,6.134603109090909,835,835,True,Mila,,,,,,
1423284105,place_of_worship,مسجد أولاد بوزيد,مسجد أولاد بوزيد,36.712584066666665,6.263564550000001,1635,1635,True,Mila,,,,,,
1423285514,place_of_worship,مسجد صلاح الدين الأيوبي,مسجد صلاح الدين الأيوبي,36.7470505,6.269439294117647,6263,6263,True,Mila,,,,,,
1423292004,place_of_worship,مسجد النور,مسجد النور,36.80822851818181,5.956269609090909,614,614,True,Jijel,,,,,,
1423299317,place_of_worship,,,36.83284266666666,5.985537888888889,752,752,True,Jijel,,,,,,
1423305049,place_of_worship,مسجد عمر بن عبد العزيز,مسجد عمر بن عبد العزيز,36.85371973125,6.04980658125,5921,5921,True,Jijel,,,,,,
1423305709,place_of_worship,مسجد التوبة,مسجد التوبة,36.82483495,6.09927243,2316,2316,True,Jijel,,,,,,
1423307130,place_of_worship,مسجد أبو بكر الصديق,مسجد أبو بكر الصديق,36.88293899130434,6.1364999391304345,1378,1378,True,Jijel,,,,,,
1423307362,place_of_worship,,,36.88399,6.13780965,268,268,True,Jijel,,,,,,
1423372319,place_of_worship,مسجد عمر بن الخطاب,مسجد عمر بن الخطاب,36.6387032875,6.327205687499999,554,554,True,Mila,,,,,,
1423378264,place_of_worship,مسجد الرحمة,مسجد الرحمة,36.63987992,6.2745089,420,420,True,Mila,,,,,,
1423381968,place_of_worship,مسجد عبد الحميد بن باديس,مسجد عبد الحميد بن باديس,36.75958489,6.27410845,1492,1492,True,Mila,,,,,,
1423388844,place_of_worship,مسجد مالك ابن انس - بوجوادة,مسجد مالك ابن انس - بوجوادة,36.581895280000005,5.86250042,426,426,True,Jijel,,,,,,
1423395531,place_of_worship,مسجد النور,مسجد النور,36.58861766,5.85367768,254,254,True,Jijel,,,,,,
1423395860,place_of_worship,مسجد رأس البور,مسجد رأس البور,36.583542820000005,5.80835128,272,272,True,Jijel,,,,,,
1423396737,place_of_worship,مسجد عقبة بن نافع,مسجد عقبة بن نافع,36.60070018,5.80280354,142,142,True,Jijel,,,,,,
1423397770,place_of_worship,مسجد عمر بن عبد العزيز,مسجد عمر بن عبد العزيز,36.59521135,5.79340881,583,583,True,Jijel,,,,,,
1423398513,place_of_worship,مسجد الشيخ بلقاسم منيع,مسجد الشيخ بلقاسم بن أحمد بن منيع,36.65979756666667,5.789111916666666,723,723,True,Jijel,,,,,,
1423613259,place_of_worship,مسجد أبي بكر الصديق,مسجد أبي بكر الصديق,36.55772834444444,5.663136333333333,503,503,True,Jijel,,,,,,
1423613261,place_of_worship,Sidi Aïssa,,36.5589332,5.6667403,72,72,True,Jijel,,,,,,
1423616288,place_of_worship,مسجد البشير الإبراهيمي,مسجد البشير الإبراهيمي,36.58698731428571,5.581134471428571,376,376,True,Jijel,,,,,,
1423653629,place_of_worship,مسجد خراشة,مسجد خراشة,36.716062533333336,5.5919664,511,511,True,Jijel,,,,,,
1423829814,place_of_worship,مسجد سيدي جابر,مسجد سيدي جابر,36.6086004625,5.5131054875,1274,1274,True,Jijel,,,,,,
1423849667,place_of_worship,مسجد السنة,مسجد السنة,36.806561466666665,5.746217966666666,1184,1184,True,Jijel,,,,,,
1423850107,place_of_worship,مسجد الأرقم بن أبي الأرقم,مسجد الأرقم بن أبي الأرقم,36.80670961428572,5.751102785714286,2973,2973,True,Jijel,,,,,,
1423852156,place_of_worship,مسجد الهداية حي مصطفى,مسجد الهداية حي مصطفى,36.82156831818182,5.756961118181818,2792,2792,True,Jijel,,,,,,
1423935939,place_of_worship,مسجد عمر بن الخطاب,مسجد عمر بن الخطاب,36.80866788888889,5.7627061444444445,4627,4627,True,Jijel,,,,,,
1423939501,place_of_worship,مسجد عقبة بن نافع,مسجد عقبة بن نافع,36.81083164444445,5.775088588888888,2536,2536,True,Jijel,,,,,,
1424223691,place_of_worship,مسجد عائشة ام المؤمنين,مسجد عائشة ام المؤمنين,36.81731960909091,5.723088636363636,1724,1724,True,Jijel,,,,,,
1424237324,school,,,36.81501145,5.720678292857143,3332,3332,True,Jijel,,,,,,
1424239686,health_facility,عيادة متعددة الخدمات,,36.81512566666667,5.725125788888889,20,20,False,Jijel,,,,,,
1424240527,school,متوسطة لزعر رابح,متوسطة لزعر رابح,36.73477832727273,5.953550818181818,1576,1576,True,Jijel,,,,,,
1424472080,place_of_worship,,,36.8647861,6.3807187800000005,412,412,True,Skikda,,,,,,
1424472081,place_of_worship,,,36.85728952,6.38568996,254,254,True,Mila,,,,,,
1424646045,school,Hamlaoui Moussa,,36.24378945384616,6.551015846153846,941,941,True,Constantine,,,,,,
1425056568,school,,,36.80615685,5.95711167,878,878,True,Jijel,,,,,,
1425056959,school,,,36.73358343529412,5.951515547058824,1776,1776,True,Jijel,,,,,,
1425821596,health_facility,,,36.64204445,6.2774598,20,20,False,Mila,,,,,,
1425998964,emergency_shelter,,,36.81207758,5.87006306,176,176,True,Jijel,,,,,,
1426059847,school,ابتدائية عمار بوضاموز,ابتدائية عمار بوضاموز,36.6391077,6.328195366666667,1089,1089,True,Mila,,,,,,
1426061931,school,ثانوية راشدي محمد ابن ابراهيم,ثانوية راشدي محمد ابن ابراهيم,36.636989028,6.29196822,5493,5493,True,Mila,,,,,,
1426065534,school,ثانوية خنشول علي,ثانوية خنشول علي,36.64269162307692,6.2757651,5340,5340,True,Mila,,,,,,
1426065536,school,,,36.645285754545455,6.278282454545455,1976,1976,True,Mila,,,,,,
1426115475,school,ابتدائية بو يحمد,ابتدائية بو يحمد,36.73280365714286,6.045155542857144,872,872,True,Jijel,,,,,,
1426164768,school,,,36.7617340875,6.1579443750000005,1001,1001,True,Jijel,,,,,,
1426239882,school,متوسطة قتو عبد القادر,متوسطة قتو عبد القادر,36.78444148333333,5.665134116666667,3797,3797,True,Jijel,,,,,,
1426240845,school,ثانوية بن زايد سعيد,ثانوية بن زايد سعيد,36.78496353636364,5.664189654545455,6398,6398,True,Jijel,,,,,,
1426241515,school,المدرسة الإبتدائية بوهلال بشير,المدرسة الإبتدائية بوهلال بشير,36.79056564,5.65997766,1179,1179,True,Jijel,,,,,,
1426241969,school,المدرسة الابتدائية خير الدين مسعود,المدرسة الابتدائية خير الدين مسعود,36.7715467,5.6310134,1230,1230,True,Jijel,,,,,,
1426244008,school,,,36.68002329090909,5.562594727272727,444,444,True,Jijel,,,,,,
1426281503,place_of_worship,مسجد التقوى,مسجد التقوى,36.40164488,6.30780592,324,324,True,Mila,,,,,,
1426379076,place_of_worship,Mosquée Khalid Ibn Al-Walid مسجد خالد بن الوليد,: مسجد خالد بن الوليد,36.79311582,5.8003075,2887,2887,True,Jijel,,,,,,
1426381404,place_of_worship,Mosquée Bachir El Ibrahimi;مسجد البشير الابرهيمي,مسجد البشير الابرهيمي,36.795506683333336,5.814250716666667,384,384,True,Jijel,,,,,,
1426594692,place_of_worship,مسجد عقبة بن نافع,مسجد عقبة بن نافع,36.63268772222222,6.375227711111112,460,460,True,Mila,,,,,,
1426599831,school,مدرسة زطال مسعود,مدرسة زطال مسعود,36.67552112941176,6.355483270588235,4507,4507,True,Mila,,,,,,
1426726121,place_of_worship,,,36.7451399,5.68957185,2454,2454,True,Jijel,,,,,,
1426838655,school,المدرسة الإبتدائية حاجي صالح,المدرسة الإبتدائية حاجي صالح,36.76211017142857,5.877811885714286,2636,2636,True,Jijel,,,,,,
1426838656,place_of_worship,مسجد بلال بن رباح,مسجد بلال بن رباح,36.76325808333333,5.877862316666668,1956,1956,True,Jijel,,,,,,
1426917113,place_of_worship,مسجد الفرقان,مسجد الفرقان,36.62201441111111,5.651815133333333,575,575,True,Jijel,,,,,,
1426920415,place_of_worship,,,36.76272523,5.77645484,1030,1030,True,Jijel,,,,,,
1426920767,place_of_worship,مسجد الهدى,مسجد الهدى,36.7216182,5.926157557142857,651,651,True,Jijel,,,,,,
1426921207,place_of_worship,مسجد الشيخ البشير الإبراهيمي,مسجد الشيخ البشير الإبراهيمي,36.73335378888888,5.9509361,2224,2224,True,Jijel,,,,,,
1426921691,place_of_worship,مسجد الديار,مسجد الديار,36.81670042,6.119858219999999,380,380,True,Jijel,,,,,,
1426923990,place_of_worship,مسجد عمر بن الخطاب,مسجد عمر بن الخطاب,36.88322618,6.14222494,454,454,True,Jijel,,,,,,
1426925103,place_of_worship,Mosquée Khalid Ibn Al-Walid مسجد خالد بن الوليد,: مسجد خالد بن الوليد,36.87488591666666,6.139554966666666,1084,1084,True,Jijel,,,,,,
1426925919,place_of_worship,,,36.6445731375,6.3800779,527,527,True,Mila,,,,,,
1426933713,place_of_worship,مسجد علي بن أبي طالب,مسجد علي بن أبي طالب,36.59881935555556,6.167221855555556,644,644,True,Mila,,,,,,
1426933714,school,,,36.59152586,6.1732860700000005,759,759,True,Mila,,,,,,
1426933715,school,,,36.60556511,6.15020991,668,668,True,Mila,,,,,,
1426933716,place_of_worship,,,36.60622487777778,6.149618488888889,164,164,True,Mila,,,,,,
1426933717,place_of_worship,,,36.59669996666667,6.225391388888889,259,259,True,Mila,,,,,,
1426933720,place_of_worship,مسجد التوبة,مسجد التوبة,36.60965505714286,6.228312014285714,428,428,True,Mila,,,,,,
1426933722,place_of_worship,مسجد عمرو بن العاص,مسجد عمرو بن العاص,36.60166996,6.20674408,584,584,True,Mila,,,,,,
1426933854,place_of_worship,,,36.68407252857143,5.813914228571428,208,208,True,Jijel,,,,,,
1427168140,place_of_worship,مسجد محمد البشير الابراهيمي,مسجد محمد البشير الابراهيمي,36.81037203846154,5.912455292307692,1137,1137,True,Jijel,,,,,,
1427168141,place_of_worship,مسجد الرحمة,مسجد الرحمة,36.81319474285714,5.915822057142857,1392,1392,True,Jijel,,,,,,
1427173234,place_of_worship,Mosquée El Mostafa;مسجد المصطفى ﷺ,مسجد المصطفى ﷺ,36.78798136,5.8410869,513,513,True,Jijel,,,,,,
1427281468,place_of_worship,,,36.6519222,6.0703340400000005,71,71,True,Mila,,,,,,
1427286353,school,مدرسة بوشاقور محمد,مدرسة بوشاقور محمد,36.63599693333333,6.239357955555556,911,911,True,Mila,,,,,,
1427476588,health_facility,,,36.78769422,5.94105576,20,20,False,Jijel,,,,,,
1427476590,place_of_worship,مسجد جعفر بن أبي طالب,مسجد جعفر بن أبي طالب,36.77545845714286,5.9368202,587,587,True,Jijel,,,,,,
1427590841,school,متقن زيت محمد الصالح,متقن زيت محمد الصالح,36.7405764375,6.272450175,12619,12619,True,Mila,,,,,,
1427592580,school,متوسطة زويكري محمد,متوسطة زويكري محمد,36.748993291666665,6.275937183333333,2005,2005,True,Mila,,,,,,
1427592584,place_of_worship,مسجد المهاجرين والأنصار,مسجد المهاجرين والأنصار,36.7485989,6.275395642857142,727,727,True,Mila,,,,,,
1427698444,school,متوسطة الأمير عبد القادر,متوسطة الأمير عبد القادر,36.75452155555556,6.279731222222222,1379,1379,True,Mila,,,,,,
1427698847,school,متوسطة التهذيب,متوسطة التهذيب,36.75172501428572,6.277755214285714,2726,2726,True,Mila,,,,,,
1427742699,school,,,36.63394917692308,6.375570853846154,4909,4909,True,Mila,,,,,,
1427742700,school,متوسطة شنتوف مختار,متوسطة شنتوف مختار,36.63379888,6.3741245,2860,2860,True,Mila,,,,,,
1427743962,school,,,36.6827666,6.22336214,1975,1975,True,Mila,,,,,,
1427745061,school,متوسطة شروال عبد الرحمان,متوسطة شروال عبد الرحمان,36.68542743333333,6.2224107,2224,2224,True,Mila,,,,,,
1427745062,school,المدرسة الإبتدائية طويطو ربيع,المدرسة الإبتدائية طويطو ربيع,36.703494125,6.2189349375,1284,1284,True,Mila,,,,,,
1428098411,place_of_worship,مسجد الفرقان,مسجد الفرقان,36.57151066,5.79718898,443,443,True,Jijel,,,,,,
1428099961,school,ثانوية بورزاق أحمد,ثانوية بورزاق أحمد,36.66314490625,5.78894838125,4156,4156,True,Jijel,,,,,,
1428105007,school,متوسطة احمد بوجوجو,متوسطة احمد بوجوجو,36.693577189473686,5.775629831578947,9069,9069,True,Jijel,,,,,,
1428105009,place_of_worship,مسجد الكوثر,مسجد الكوثر,36.69495574285714,5.776196685714285,954,954,True,Jijel,,,,,,
1428105010,school,المدرسة الإبتدائية باز مولود,المدرسة الإبتدائية باز مولود,36.695896588888886,5.778346455555555,1073,1073,True,Jijel,,,,,,
1428121920,school,École primaire Zighoud Youssef;ابتدائية زيغود يوسف (الشماشمة),ابتدائية زيغود يوسف (الشماشمة),36.76332703333333,5.800918366666667,972,972,True,Jijel,,,,,,
1428121922,place_of_worship,Mosquée Abdelhamid Ben Badis;مسجد عبد الحميد ابن باديس,مسجد عبد الحميد ابن باديس,36.76511335,5.802526616666667,821,821,True,Jijel,,,,,,
1428260105,school,متوسطة قليل السعيد,متوسطة قليل السعيد,36.76255959090909,6.234320672727273,2745,2745,True,Mila,,,,,,
1428260106,place_of_worship,,,36.76001117142857,6.228472928571429,1017,1017,True,Mila,,,,,,
1428260107,school,إبتدائة بولمناخر الزاهي,إبتدائة بولمناخر الزاهي,36.76113391818182,6.226231900000001,1250,1250,True,Mila,,,,,,
1428262008,place_of_worship,مسجد الأنصار,مسجد الأنصار,36.64837321666667,6.370461566666667,217,217,True,Mila,,,,,,
1428262009,place_of_worship,مسجد مبارك الميلي,,36.6518169,6.37426004,543,543,True,Mila,,,,,,
1428262010,school,ابتدائية مرابطة علي,ابتدائية مرابطة علي,36.65028541111111,6.378965855555555,881,881,True,Mila,,,,,,
1428442064,school,ابتدائية شيبوط محمد,ابتدائية شيبوط محمد,36.74011342857143,5.901982285714285,771,771,True,Jijel,,,,,,
1429468429,place_of_worship,مسجد سعد بن أبي وقاص,مسجد سعد بن أبي وقاص,36.7793824,5.886431379999999,764,764,True,Jijel,,,,,,
1429468432,school,,,36.75576639090909,5.865465763636364,3199,3199,True,Jijel,,,,,,
1429487938,school,إبتدائية روابح علي,إبتدائية روابح علي,36.76501268571428,5.894686657142857,1171,1171,True,Jijel,,,,,,
1429487939,school,ابتدائية بورزامة شعبان,ابتدائية بورزامة شعبان,36.75862445,5.894102575,2264,2264,True,Jijel,,,,,,
1429487941,school,إبتدائية بشكيط رابح,إبتدائية بشكيط رابح,36.75331761666666,5.898529166666666,1203,1203,True,Jijel,,,,,,
1429497382,school,مدرسة عبيلي علي,مدرسة عبيلي علي,36.77432828,5.96481538,1644,1644,True,Jijel,,,,,,
1429594273,school,ثانوية كعواش عمر,ثانوية كعواش عمر,36.57924779411764,5.877407229411765,4398,4398,True,Jijel,,,,,,
1429594274,place_of_worship,مسجد سعد بن معاذ,مسجد سعد بن معاذ,36.58156608,5.87711288,805,805,True,Jijel,,,,,,
1429594275,school,المجمع المدرسي الشهيد حيمور عاشور,المجمع المدرسي الشهيد حيمور عاشور,36.5817173,5.881853342857142,928,928,True,Jijel,,,,,,
1429594276,school,المدرسة الابتدائية الإخوة صوكو,المدرسة الابتدائية الإخوة صوكو,36.5806414875,5.8842323,599,599,True,Jijel,,,,,,
1429594277,school,متوسطة بوديب أحمد,متوسطة بوديب أحمد,36.5749784125,5.90828905625,5140,5140,True,Jijel,,,,,,
1429594279,place_of_worship,مسجد البدر,مسجد البدر,36.57530258888889,5.910782622222222,1470,1470,True,Jijel,,,,,,
1429594280,place_of_worship,مسجد عبدالله بن مسعود,مسجد عبدالله بن مسعود,36.58203953333334,5.903701600000001,433,433,True,Jijel,,,,,,
1429594281,school,إبتدائية الياوراسي مبارك,إبتدائية الياوراسي مبارك,36.5811824625,5.8998429625,614,614,True,Jijel,,,,,,
1429594285,school,ابتدائية فنينش مسعود,ابتدائية فنينش مسعود,36.58192532307692,5.863179430769231,572,572,True,Jijel,,,,,,
1429675958,place_of_worship,,,36.4386792375,4.8487723875,239,239,True,Béjaïa,,,,,,
1429689429,school,متوسطة مجدوب السعيد,متوسطة مجدوب السعيد,36.70154485,5.9410227,6871,6871,True,Jijel,,,,,,
1429689431,place_of_worship,مسجد الإمام عبد الحميد بن باديس,مسجد الإمام عبد الحميد بن باديس,36.69821178,5.93551066,366,366,True,Jijel,,,,,,
1429694457,school,CEM Amirouche M'barek;متوسطة عميروش مبارك بن محمد,متوسطة عميروش مبارك بن محمد,36.77407328,5.816849400000001,2436,2436,True,Jijel,,,,,,
1429694903,school,CEM Biout Mohamed Ben Ali;متوسطة بيوط محمد بن علي,متوسطة بيوط محمد بن علي,36.7769066,5.814303724999999,2674,2674,True,Jijel,,,,,,
1429695953,school,École Mirada Youcef;مدرسة ميرادة يوسف,مدرسة ميرادة يوسف,36.77223825555556,5.8117730666666665,1578,1578,True,Jijel,,,,,,
1429819842,school,ابتدائية لبيض محمد,ابتدائية لبيض محمد,36.730667200000006,5.9316307,1817,1817,True,Jijel,,,,,,
1429903102,place_of_worship,مسجد الرحمان,,36.74056097777778,6.278670377777778,231,231,True,Mila,,,,,,
1429942994,place_of_worship,مسجد سلمان الفارسي,مسجد سلمان الفارسي,36.80640038181818,6.088091936363637,270,270,True,Jijel,,,,,,
1429942995,school,إبتدائية بوكحيل مبارك,إبتدائية بوكحيل مبارك,36.806861825,6.0927877,922,922,True,Jijel,,,,,,
1429942999,school,إبتدائية بوالشعر أحمد,إبتدائية بوالشعر أحمد,36.80363702727273,6.070540290909091,2199,2199,True,Jijel,,,,,,
1429943000,place_of_worship,مسجد علي بن أبي طالب,مسجد علي بن أبي طالب,36.80215836,6.06666268,333,333,True,Jijel,,,,,,
1429944026,place_of_worship,مسجد أحمد بن ثابت,مسجد أحمد بن ثابت,36.76108606666666,6.024992244444444,108,108,True,Jijel,,,,,,
1429944502,place_of_worship,مصلى التوبة,مصلى التوبة,36.73205956,6.03540678,93,93,True,Jijel,,,,,,
1429945454,place_of_worship,,,36.662817616666665,6.091282166666667,401,401,True,Mila,,,,,,
1430078096,place_of_worship,مسجد مصعب بن عمير,,36.77039984,5.95993354,1336,1336,True,Jijel,,,,,,
1430177660,school,ثانوية الشهيد شويخ مسعود بن البشير,ثانوية الشهيد شويخ مسعود بن البشير,36.80156436,5.790741280000001,4720,4720,True,Jijel,,,,,,
1430745589,school,CEM Concorde Nationale;متوسطة المصالحة الوطنية,متوسطة المصالحة الوطنية,36.78998320909091,5.804097754545455,1805,1805,True,Jijel,,,,,,
1430745590,school,,,36.79019857142857,5.8034532,2159,2159,True,Jijel,,,,,,
1431527813,health_facility,طبيب القلب فاضلي إسماعيل,,36.79046002,5.90595978,100,100,False,Jijel,,,,,,
1431547968,school,إبتدائية بوحبيلة أحمد,إبتدائية بوحبيلة أحمد,36.78143231666667,6.101632416666667,1215,1215,True,Jijel,,,,,,
1431728575,school,ابتدائية بوخنوفة الطاهر,ابتدائية بوخنوفة الطاهر,36.68976419,5.90687973,1144,1144,True,Jijel,,,,,,
1431932650,school,ابتدائية بن شويب الرشيد,ابتدائية بن شويب الرشيد,36.812093,5.7725313,668,668,True,Jijel,,,,,,
1431934073,school,ثانوية الحدث 8 ماي 1945,ثانوية الحدث 8 ماي 1945,36.80984419230769,5.769810107692308,3144,3144,True,Jijel,,,,,,
1432071401,school,إبتدائية قميحة عبد الله,إبتدائية قميحة عبد الله,36.8012994,5.745934142857143,1409,1409,True,Jijel,,,,,,
1432072365,school,متوسطة عبادو عبد الكمال,متوسطة عبادو عبد الكمال,36.80125608,5.7464575600000005,2262,2262,True,Jijel,,,,,,
1432073775,school,مدرسة الأطفال المعوقين سمعيا جيجل,مدرسة الأطفال المعوقين سمعيا جيجل,36.8016463,5.74488838,1651,1651,True,Jijel,,,,,,
1432076715,place_of_worship,,,36.79633228,5.76248842,544,544,True,Jijel,,,,,,
1433132212,school,Lycée Assous Farhat;ثانوية عسعوس فرحات بن محمود,ثانوية عسعوس فرحات بن محمود,36.79160614444445,5.802066694444445,5592,5592,True,Jijel,,,,,,
1433133560,school,CEM Khebeche Abderrezak;متوسطة خباش عبد الرزاق,متوسطة خباش عبد الرزاق,36.792618966666666,5.8000483,2308,2308,True,Jijel,,,,,,
1433636079,school,إبتدائية بوالنار عبد الحميد,إبتدائية بوالنار عبد الحميد,36.81709607142857,5.711158628571428,722,722,True,Jijel,,,,,,
1433636448,school,إبتدائية بن زيادة الطاهر بن محمد,إبتدائية بن زيادة الطاهر بن محمد,36.81757006363636,5.723486554545454,1411,1411,True,Jijel,,,,,,
1433636852,school,,,36.80642525555555,5.7297232,4459,4459,True,Jijel,,,,,,
1433637498,school,,,36.812533171428576,5.740569214285714,2183,2183,True,Jijel,,,,,,
1441600398,place_of_worship,,,36.60284551666667,8.147949283333332,1154,1154,True,El Tarf,,,,,,
1441635499,place_of_worship,,,36.57166664,8.173550760000001,407,407,True,El Tarf,,,,,,
1441635590,place_of_worship,,,36.61546495714286,8.106097457142857,424,424,True,El Tarf,,,,,,
1442238981,place_of_worship,,,36.7655412375,5.847661525,557,557,True,Jijel,,,,,,
1442293065,place_of_worship,,,36.68380636153847,8.118280584615384,890,890,True,El Tarf,,,,,,
1442293066,school,,,36.68526242222222,8.118836266666667,2076,2076,True,El Tarf,,,,,,
1442298631,school,CEM ech Chaffia,,36.65799722857143,8.100185742857144,3682,3682,True,El Tarf,,,,,,
1442337249,school,ÉCOLE PRIMAIRE MEQRANI IBRAHIM,المدرسة الابتدائية مقراني ابراهيم,36.66198162857143,8.105990842857143,2846,2846,True,El Tarf,,,,,,
1442337250,school,LYCÉE BOUTARFA FOUDHIL,ثانوية بوطرفة فوضيل,36.658315083333335,8.103991361111111,8530,8530,True,El Tarf,,,,,,
1442337271,school,"ÉCOLE PRIMAIRE HEMISSI LAMRI, ECHAFIA",المدرسة الابتدائية هميسي الععمري,36.656819866666666,8.107167819999999,851,851,True,El Tarf,,,,,,
1443194163,emergency_shelter,,,36.81231708,5.88244252,10,10,True,Jijel,,,,,,
1443197356,emergency_shelter,,,36.82033204,5.9513633200000005,10,10,True,Jijel,,,,,,
1443197357,emergency_shelter,,,36.82086902,5.95165502,10,10,True,Jijel,,,,,,
1443405680,school,متوسطة بوجردة عبد المجيد,متوسطة بوجردة عبد المجيد,36.82562430714285,5.749204807142857,3138,3138,True,Jijel,,,,,,
1443413505,school,إبتدائية بلحيمر مسعود,إبتدائية بلحيمر مسعود,36.79997863333333,5.749710983333333,2068,2068,True,Jijel,,,,,,
1443415467,school,إبتدائية عبدي العربي,إبتدائية عبدي العربي,36.805420960000006,5.75845732,1626,1626,True,Jijel,,,,,,
1443415844,school,إبتدائية هلة علي,إبتدائية هلة علي,36.80707452222222,5.757225422222223,665,665,True,Jijel,,,,,,
1443416211,school,إبتدائية قريمط مسعود,إبتدائية قريمط مسعود,36.80716187142857,5.755235414285714,1915,1915,True,Jijel,,,,,,
1443416470,school,إبتدائية عميور مسعود,إبتدائية عميور مسعود,36.8063937125,5.751513075,603,603,True,Jijel,,,,,,
1443419338,school,مدرسة عياد مولود,مدرسة عياد مولود,36.80192948,5.77565766,420,420,True,Jijel,,,,,,
1443437361,place_of_worship,,,36.021830120000004,8.11604234,336,336,True,Souk Ahras,,,,,,
1443439123,school,,,36.167621725,8.0319110625,2332,2332,True,Souk Ahras,,,,,,
1443442354,school,,,36.167655471428574,8.039432285714286,4358,4358,True,Souk Ahras,,,,,,
1443767118,school,إبتدائية نقاشي محمد الصالح,إبتدائية نقاشي محمد الصالح,36.80214587272727,5.762261854545455,1186,1186,True,Jijel,,,,,,
1443769581,school,متوسطة بوبزاري المكي,متوسطة بوبزاري المكي,36.81784671818182,5.764701036363636,1211,1211,True,Jijel,,,,,,
1443770053,school,إبتدائية مقيدش محمود,إبتدائية مقيدش محمود,36.81924946,5.76722572,1280,1280,True,Jijel,,,,,,
1443771100,school,إكمالية خلف الله عمار,إكمالية خلف الله عمار,36.8191462125,5.768208625,1094,1094,True,Jijel,,,,,,
1443787512,school,مدرسة غربي صالح الإبتدائية,مدرسة غربي صالح الإبتدائية,36.80701814444444,5.772854688888889,2359,2359,True,Jijel,,,,,,
1443789797,school,المدرسة الإبتدائية كيموش أحمد,المدرسة الإبتدائية كيموش أحمد,36.80696931666667,5.745725033333334,2222,2222,True,Jijel,,,,,,
1443790167,school,متوسطة بوزكرية بوجمعة,متوسطة بوزكرية بوجمعة,36.80793716666667,5.746548083333334,1610,1610,True,Jijel,,,,,,
1443803361,school,المدرسة الابتدائية عسيلة عبد الرزاق,المدرسة الابتدائية عسيلة عبد الرزاق,36.821024828571424,5.753509585714285,1621,1621,True,Jijel,,,,,,
1443805465,school,المتوسطة التعويضية بغول عبد الرحمن,المتوسطة التعويضية بغول عبد الرحمن,36.82275411111111,5.757470511111111,2048,2048,True,Jijel,,,,,,
1443806696,school,المدرسة الإبتدائية بومعزة محمد,المدرسة الإبتدائية بومعزة محمد,36.82089142,5.76419712,625,625,True,Jijel,,,,,,
1443807129,school,مدرسة جمعة محمد,مدرسة جمعة محمد,36.8242848,5.7632861875,775,775,True,Jijel,,,,,,
1443889414,school,ابتدائية بوخرص حسين,ابتدائية بوخرص حسين,36.67529728,5.480942499999999,1074,1074,True,Jijel,,,,,,
1444100593,school,,,36.71216879999999,5.935584814285714,855,855,True,Jijel,,,,,,
1444101123,school,,,36.72047176666667,5.92825015,1002,1002,True,Jijel,,,,,,
1444101737,school,المدرسة الإبتدائية جبيلي محمد,المدرسة الإبتدائية جبيلي محمد,36.75816152307692,5.9237520076923085,1997,1997,True,Jijel,,,,,,
1444102449,school,,,36.77261698,5.885467090000001,2089,2089,True,Jijel,,,,,,
1444253093,school,,,36.13471158,7.51720722,1483,1483,True,Guelma,,,,,,
1444253101,school,,,36.1382423,7.520269371428571,2147,2147,True,Guelma,,,,,,
1444674406,place_of_worship,مسجد أبي ذر الغفاري,مسجد أبي ذر الغفاري,36.77082446,6.33049044,505,505,True,Mila,,,,,,
1444859125,place_of_worship,,,36.93107932727273,7.319159781818183,470,470,True,Skikda,,,,,,
1444860522,school,,,36.92396582,7.334137200000001,650,650,True,Skikda,,,,,,
1444860524,place_of_worship,,,36.92387994,7.33310674,1306,1306,True,Skikda,,,,,,
1445730591,school,,,36.83320995454545,7.268985763636365,3274,3274,True,Skikda,,,,,,
1445945043,school,,,36.86607961111111,7.730983088888889,469,469,True,Annaba,,,,,,
1445945050,place_of_worship,,,36.866632816666666,7.732940016666667,1042,1042,True,Annaba,,,,,,
1446846599,school,,,36.06136945,4.63476865,1656,1656,True,Bordj Bou Arréridj,,,,,,
1446866793,school,,,36.067523230769226,4.642846015384615,2434,2434,True,Bordj Bou Arréridj,,,,,,
1447355261,place_of_worship,مسجد علي بن أبي طالب,مسجد علي بن أبي طالب,36.4394048,7.466986333333334,2540,2540,True,Guelma,,,,,,
1447355262,school,,,36.43959464,7.46750608,1844,1844,True,Guelma,,,,,,
1447362769,school,ثانوية رضا مالك,,36.46074144000001,7.48407618,4898,4898,True,Guelma,,,,,,
1447717709,school,,,36.4271593,7.472165985714286,1771,1771,True,Guelma,,,,,,
1447935463,school,,,36.38792834285714,7.4573005,2413,2413,True,Guelma,,,,,,
1449332004,school,,,36.19525821333333,5.32532822,2867,2867,True,Sétif,,,,,,
1449340883,school,,,36.16977518,5.4972896,1316,1316,True,Sétif,,,,,,
1449340892,school,,,36.16796330833333,5.498443366666667,3321,3321,True,Sétif,,,,,,
1449340893,school,,,36.16698069230769,5.498267446153847,6290,6290,True,Sétif,,,,,,
1449400359,school,,,36.17809992222222,5.507295844444445,2283,2283,True,Sétif,,,,,,
1449400413,school,,,36.16816435,5.483573389285715,4666,4666,True,Sétif,,,,,,
1450898976,school,متقن القل,متقن القل,37.00776268888889,6.559469966666667,3154,3154,True,Skikda,,,,,,
1450898977,school,,,37.00780992222222,6.558678933333334,5922,5922,True,Skikda,,,,,,
1450898978,school,مدرسة الصم البكم,,37.00851563846154,6.556608146153847,5278,5278,True,Skikda,,,,,,
1451437396,place_of_worship,,,36.25890311428572,6.603089557142857,2401,2401,True,Constantine,,,,,,
1453323600,school,,,36.3571624,5.395461281818182,1430,1430,True,Sétif,,,,,,
1458546712,school,,,36.82535788888889,7.432147877777778,1935,1935,True,Annaba,,,,,,
1463694634,school,,,36.40936252,5.92445236,1422,1422,True,Mila,,,,,,
1469486254,place_of_worship,,,36.88650497142857,6.784965614285714,833,833,True,Skikda,,,,,,
1472225076,place_of_worship,,,36.22460398,5.39372238,499,499,True,Sétif,,,,,,
1475584742,school,,,36.16992291666667,5.4934086,1330,1330,True,Sétif,,,,,,
1489976133,place_of_worship,Taxliǧt Icaɛbanen Mosque,,36.41587964,4.59275258,164,164,True,Bordj Bou Arréridj,,,,,,
1490752377,place_of_worship,Mosquée Bouhitem,,36.45445372857143,4.596966214285715,144,144,True,Bordj Bou Arréridj,,,,,,
1491250404,place_of_worship,Mosquée Tala Abdellah,جامع تلا عبد الله,36.43810963333333,4.599699044444445,139,139,True,Bordj Bou Arréridj,,,,,,
1491286064,place_of_worship,Mosquée Taourirt,مسجد تاوريرت,36.44990912142857,4.689901735714286,320,320,True,Bordj Bou Arréridj,,,,,,
1491286114,place_of_worship,Mosquée Sidi Brahim,مسجد سيدي إبراهيم,36.44767116,4.68900744,273,273,True,Bordj Bou Arréridj,,,,,,
1491286117,place_of_worship,Mosquée Sidi Brahem Oubarkane,مسجد سيدي إبراهيم أوبركان,36.44650165,4.6886720083333335,174,174,True,Bordj Bou Arréridj,,,,,,
1491296453,place_of_worship,Mosquée des Martyrs,مسجد الشهداء,36.44566221111111,4.686062066666667,160,160,True,Bordj Bou Arréridj,,,,,,
1491297340,place_of_worship,Mosquée Minaret,مسجد المنارة,36.445800515,4.684512925,380,380,True,Bordj Bou Arréridj,,,,,,
1497634706,health_facility,,,36.69171996,6.57825496,100,100,False,Skikda,,,,,,
1497639484,school,متوسطة جبودي محمد,,36.69273934,6.57888528,356,356,True,Skikda,,,,,,
1497641407,school,إبتدائية لخضر فر الداب,,36.69292832,6.57832696,272,272,True,Skikda,,,,,,
1497641411,school,إبتدائية لخضر فر الداب,,36.69326468,6.57837038,175,175,True,Skikda,,,,,,
1497864773,place_of_worship,مسجد الرحمة,,36.6937691,6.5803448125,699,699,True,Skikda,,,,,,
1498128459,place_of_worship,مسجد حجر العافية,,36.68946932,6.58263012,388,388,True,Skikda,,,,,,
1498206652,place_of_worship,مسجد عمار فكراش (الجامع القديم),,36.69025974615385,6.57507836923077,597,597,True,Skikda,,,,,,
1498730611,place_of_worship,,,36.4239687,5.963628171428572,640,640,True,Mila,,,,,,
1498731234,place_of_worship,,,36.42334914,5.946498719999999,720,720,True,Mila,,,,,,
1502485006,health_facility,,,36.686148107142856,6.576490835714286,100,100,False,Constantine,,,,,,
1503343501,place_of_worship,مسجد الفتح (الجامع الجديد),,36.6877867,6.5698246000000005,934,934,True,Constantine,,,,,,
1503454109,school,,,36.690950642857146,6.569694157142857,966,966,True,Constantine,,,,,,
1503457722,school,,,36.6847002,6.57638324,206,206,True,Constantine,,,,,,
1503457738,school,متوسطة اليزيد بوبريم,,36.68388756,6.57404272,3348,3348,True,Constantine,,,,,,
1503458533,school,ثانوية الشهيد بولغب بشير,,36.68397245,6.57237465,3652,3652,True,Constantine,,,,,,
1504021425,school,,,36.32262416666666,5.637534850000001,1522,1522,True,Sétif,,,,,,
1526842174,school,,,36.55693085,4.8612112625,1417,1417,True,Béjaïa,,,,,,
1533559554,place_of_worship,مسجد خالد بن الوليد,,36.21024504,5.32538534,1046,1046,True,Sétif,,,,,,
1533559556,school,,,36.2069159,5.324729922222222,2191,2191,True,Sétif,,,,,,
1534196525,place_of_worship,Mosque El Bshoch,,36.68305096,6.58314994,755,755,True,Constantine,,,,,,
1536117289,school,,,36.33707549375,5.1052348375,4224,4224,True,Sétif,,,,,,
1536219740,school,,,36.39740899230769,5.067832569230769,1765,1765,True,Sétif,,,,,,
1536487487,school,,,36.39729387777778,5.172648122222222,1088,1088,True,Sétif,,,,,,
1536499143,place_of_worship,,,36.3895602,5.212753166666666,770,770,True,Sétif,,,,,,
1536554338,place_of_worship,,,36.4375338,5.202493746153847,727,727,True,Sétif,,,,,,
1537706373,place_of_worship,,,36.38873266,7.5196067,2983,2983,True,Guelma,,,,,,
1537714694,school,ثانوية هواري بومدين,,36.45192089615385,7.5129309307692305,1563,1563,True,Guelma,,,,,,
1537717821,school,مركز التكوين المهني والتمهين بوشلخة الساسي,,36.45018912222222,7.512934866666667,9204,9204,True,Guelma,,,,,,
1537723385,school,,,36.30636255833333,7.215029791666667,4337,4337,True,Guelma,,,,,,
1537723386,school,,,36.30874682,7.215586139999999,5957,5957,True,Guelma,,,,,,
1537723395,school,,,36.30975377777778,7.2148766,2281,2281,True,Guelma,,,,,,
1537723666,school,,,36.29870642,7.228034239999999,1397,1397,True,Guelma,,,,,,
1538002335,school,,,36.14654569,5.020383239999999,4856,4856,True,Bordj Bou Arréridj,,,,,,
1538271074,health_facility,,,36.149264075,5.020733225,20,20,False,Bordj Bou Arréridj,,,,,,
1538271090,school,,,36.15056374,5.0319993,9791,9791,True,Bordj Bou Arréridj,,,,,,
1539415377,place_of_worship,,,36.33245233,5.08078997,2218,2218,True,Sétif,,,,,,
1539417445,school,,,36.333107371428575,5.076975442857142,879,879,True,Sétif,,,,,,
1539475664,school,,,36.32961899,5.068299120000001,1176,1176,True,Sétif,,,,,,
1539478885,school,,,36.17140302,5.027065179999999,1405,1405,True,Bordj Bou Arréridj,,,,,,
1539478887,school,ثانوية لعلى بهـاء,,36.17281904117648,5.025223647058824,5876,5876,True,Bordj Bou Arréridj,,,,,,
1539482642,school,,,36.17615028,5.0501319,905,905,True,Bordj Bou Arréridj,,,,,,
1539486444,school,,,36.1772746,5.08930296,740,740,True,Sétif,,,,,,
1544484482,place_of_worship,مسجد أقوف,,36.66516318,6.56982198,503,503,True,Constantine,,,,,,
1544504529,school,,,36.66422536,6.56734588,632,632,True,Constantine,,,,,,
1544508638,place_of_worship,مسجد سعد بن معاد,,36.66174058,6.54584318,326,326,True,Constantine,,,,,,
1544904511,place_of_worship,مسجد الامام مسلم,مسجد الامام مسلم,36.01455285714286,7.197800014285714,2409,2409,True,Oum El Bouaghi,,,,,,
1545092243,school,المدرسة الابتدائية قصعة عبد الله,,36.6692531,6.548954516666666,917,917,True,Constantine,,,,,,
1545096743,place_of_worship,مسجد الهدى,,36.6715506,6.553186739999999,435,435,True,Constantine,,,,,,
1548598339,school,مدرسة غلبي علي,,36.63962,6.2849909625,1144,1144,True,Mila,,,,,,
